# Blender v2.93.1 OBJ File: 'Swing.blend'
# www.blender.org
mtllib Swing.mtl
o Cube_Cube.004
v 0.860967 0.007037 0.035000
v -0.004803 1.585150 0.035000
v 0.860967 0.007037 -0.035000
v -0.004803 1.585150 -0.035000
v 0.904803 0.031086 0.035000
v 0.039033 1.609200 0.035000
v 0.904803 0.031086 -0.035000
v 0.039033 1.609200 -0.035000
v -0.860967 0.007037 0.035000
v 0.004803 1.585150 0.035000
v -0.860967 0.007037 -0.035000
v 0.004803 1.585150 -0.035000
v -0.904803 0.031086 0.035000
v -0.039033 1.609200 0.035000
v -0.904803 0.031086 -0.035000
v -0.039033 1.609200 -0.035000
vt 0.375000 0.000000
vt 0.625000 0.000000
vt 0.625000 0.250000
vt 0.375000 0.250000
vt 0.625000 0.500000
vt 0.375000 0.500000
vt 0.625000 0.750000
vt 0.375000 0.750000
vt 0.625000 1.000000
vt 0.375000 1.000000
vt 0.125000 0.500000
vt 0.125000 0.750000
vt 0.875000 0.500000
vt 0.875000 0.750000
vt 0.375000 0.000000
vt 0.375000 0.250000
vt 0.625000 0.250000
vt 0.625000 0.000000
vt 0.375000 0.500000
vt 0.625000 0.500000
vt 0.375000 0.750000
vt 0.625000 0.750000
vt 0.375000 1.000000
vt 0.625000 1.000000
vt 0.125000 0.500000
vt 0.125000 0.750000
vt 0.875000 0.750000
vt 0.875000 0.500000
vn -0.8767 -0.4810 0.0000
vn 0.0000 0.0000 -1.0000
vn 0.8767 0.4810 0.0000
vn 0.0000 -0.0000 1.0000
vn 0.4810 -0.8767 0.0000
vn -0.4810 0.8767 0.0000
vn 0.8767 -0.4810 0.0000
vn -0.8767 0.4810 0.0000
vn -0.4810 -0.8767 0.0000
vn 0.4810 0.8767 0.0000
usemtl Material.001
s off
f 1/1/1 2/2/1 4/3/1 3/4/1
f 3/4/2 4/3/2 8/5/2 7/6/2
f 7/6/3 8/5/3 6/7/3 5/8/3
f 5/8/4 6/7/4 2/9/4 1/10/4
f 3/11/5 7/6/5 5/8/5 1/12/5
f 8/5/6 4/13/6 2/14/6 6/7/6
f 9/15/7 11/16/7 12/17/7 10/18/7
f 11/16/2 15/19/2 16/20/2 12/17/2
f 15/19/8 13/21/8 14/22/8 16/20/8
f 13/21/4 9/23/4 10/24/4 14/22/4
f 11/25/9 9/26/9 13/21/9 15/19/9
f 16/20/10 14/22/10 10/27/10 12/28/10
o Cube.001_Cube.005
v 0.860967 0.007037 -1.765000
v -0.004803 1.585150 -1.765000
v 0.860967 0.007037 -1.835000
v -0.004803 1.585150 -1.835000
v 0.904803 0.031086 -1.765000
v 0.039033 1.609200 -1.765000
v 0.904803 0.031086 -1.835000
v 0.039033 1.609200 -1.835000
v -0.860967 0.007037 -1.765000
v 0.004803 1.585150 -1.765000
v -0.860967 0.007037 -1.835000
v 0.004803 1.585150 -1.835000
v -0.904803 0.031086 -1.765000
v -0.039033 1.609200 -1.765000
v -0.904803 0.031086 -1.835000
v -0.039033 1.609200 -1.835000
vt 0.375000 0.000000
vt 0.625000 0.000000
vt 0.625000 0.250000
vt 0.375000 0.250000
vt 0.625000 0.500000
vt 0.375000 0.500000
vt 0.625000 0.750000
vt 0.375000 0.750000
vt 0.625000 1.000000
vt 0.375000 1.000000
vt 0.125000 0.500000
vt 0.125000 0.750000
vt 0.875000 0.500000
vt 0.875000 0.750000
vt 0.375000 0.000000
vt 0.375000 0.250000
vt 0.625000 0.250000
vt 0.625000 0.000000
vt 0.375000 0.500000
vt 0.625000 0.500000
vt 0.375000 0.750000
vt 0.625000 0.750000
vt 0.375000 1.000000
vt 0.625000 1.000000
vt 0.125000 0.500000
vt 0.125000 0.750000
vt 0.875000 0.750000
vt 0.875000 0.500000
vn -0.8767 -0.4810 0.0000
vn 0.0000 0.0000 -1.0000
vn 0.8767 0.4810 0.0000
vn 0.0000 0.0000 1.0000
vn 0.4810 -0.8767 0.0000
vn -0.4810 0.8767 0.0000
vn 0.8767 -0.4810 0.0000
vn -0.8767 0.4810 0.0000
vn -0.4810 -0.8767 0.0000
vn 0.4810 0.8767 0.0000
usemtl Material.001
s off
f 17/29/11 18/30/11 20/31/11 19/32/11
f 19/32/12 20/31/12 24/33/12 23/34/12
f 23/34/13 24/33/13 22/35/13 21/36/13
f 21/36/14 22/35/14 18/37/14 17/38/14
f 19/39/15 23/34/15 21/36/15 17/40/15
f 24/33/16 20/41/16 18/42/16 22/35/16
f 25/43/17 27/44/17 28/45/17 26/46/17
f 27/44/12 31/47/12 32/48/12 28/45/12
f 31/47/18 29/49/18 30/50/18 32/48/18
f 29/49/14 25/51/14 26/52/14 30/50/14
f 27/53/19 25/54/19 29/49/19 31/47/19
f 32/48/20 30/50/20 26/55/20 28/56/20
o Cube.002_Cube.006
v -0.661159 0.475000 0.036227
v 0.661159 0.475000 0.036227
v -0.661159 0.475000 -0.033773
v 0.661159 0.475000 -0.033773
v -0.661159 0.425000 0.036227
v 0.661159 0.425000 0.036227
v -0.661159 0.425000 -0.033773
v 0.661159 0.425000 -0.033773
vt 0.375000 0.000000
vt 0.625000 0.000000
vt 0.625000 0.250000
vt 0.375000 0.250000
vt 0.625000 0.500000
vt 0.375000 0.500000
vt 0.625000 0.750000
vt 0.375000 0.750000
vt 0.625000 1.000000
vt 0.375000 1.000000
vt 0.125000 0.500000
vt 0.125000 0.750000
vt 0.875000 0.500000
vt 0.875000 0.750000
vn -0.0000 1.0000 0.0000
vn 0.0000 0.0000 -1.0000
vn 0.0000 -1.0000 0.0000
vn -0.0000 0.0000 1.0000
vn -1.0000 0.0000 0.0000
vn 1.0000 0.0000 0.0000
usemtl Material.001
s off
f 33/57/21 34/58/21 36/59/21 35/60/21
f 35/60/22 36/59/22 40/61/22 39/62/22
f 39/62/23 40/61/23 38/63/23 37/64/23
f 37/64/24 38/63/24 34/65/24 33/66/24
f 35/67/25 39/62/25 37/64/25 33/68/25
f 40/61/26 36/69/26 34/70/26 38/63/26
o Cube.003_Cube.007
v -0.661159 0.475000 -1.765000
v 0.661159 0.475000 -1.765000
v -0.661159 0.475000 -1.835000
v 0.661159 0.475000 -1.835000
v -0.661159 0.425000 -1.765000
v 0.661159 0.425000 -1.765000
v -0.661159 0.425000 -1.835000
v 0.661159 0.425000 -1.835000
vt 0.375000 0.000000
vt 0.625000 0.000000
vt 0.625000 0.250000
vt 0.375000 0.250000
vt 0.625000 0.500000
vt 0.375000 0.500000
vt 0.625000 0.750000
vt 0.375000 0.750000
vt 0.625000 1.000000
vt 0.375000 1.000000
vt 0.125000 0.500000
vt 0.125000 0.750000
vt 0.875000 0.500000
vt 0.875000 0.750000
vn -0.0000 1.0000 0.0000
vn -0.0000 0.0000 -1.0000
vn 0.0000 -1.0000 0.0000
vn -0.0000 0.0000 1.0000
vn -1.0000 0.0000 0.0000
vn 1.0000 0.0000 0.0000
usemtl Material.001
s off
f 41/71/27 42/72/27 44/73/27 43/74/27
f 43/74/28 44/73/28 48/75/28 47/76/28
f 47/76/29 48/75/29 46/77/29 45/78/29
f 45/78/30 46/77/30 42/79/30 41/80/30
f 43/81/31 47/76/31 45/78/31 41/82/31
f 48/75/32 44/83/32 42/84/32 46/77/32
o Cube.004_Cube.008
v -0.302500 1.125000 0.035003
v 0.302500 1.125000 0.035003
v -0.302500 1.125000 -0.034997
v 0.302500 1.125000 -0.034997
v -0.302500 1.075000 0.035003
v 0.302500 1.075000 0.035003
v -0.302500 1.075000 -0.034997
v 0.302500 1.075000 -0.034997
vt 0.375000 0.000000
vt 0.625000 0.000000
vt 0.625000 0.250000
vt 0.375000 0.250000
vt 0.625000 0.500000
vt 0.375000 0.500000
vt 0.625000 0.750000
vt 0.375000 0.750000
vt 0.625000 1.000000
vt 0.375000 1.000000
vt 0.125000 0.500000
vt 0.125000 0.750000
vt 0.875000 0.500000
vt 0.875000 0.750000
vn 0.0000 1.0000 0.0000
vn 0.0000 0.0000 -1.0000
vn 0.0000 -1.0000 0.0000
vn 0.0000 0.0000 1.0000
vn -1.0000 0.0000 0.0000
vn 1.0000 0.0000 0.0000
usemtl Material.001
s off
f 49/85/33 50/86/33 52/87/33 51/88/33
f 51/88/34 52/87/34 56/89/34 55/90/34
f 55/90/35 56/89/35 54/91/35 53/92/35
f 53/92/36 54/91/36 50/93/36 49/94/36
f 51/95/37 55/90/37 53/92/37 49/96/37
f 56/89/38 52/97/38 50/98/38 54/91/38
o Cube.005_Cube.009
v -0.302500 1.125000 -1.765000
v 0.302500 1.125000 -1.765000
v -0.302500 1.125000 -1.835000
v 0.302500 1.125000 -1.835000
v -0.302500 1.075000 -1.765000
v 0.302500 1.075000 -1.765000
v -0.302500 1.075000 -1.835000
v 0.302500 1.075000 -1.835000
vt 0.375000 0.000000
vt 0.625000 0.000000
vt 0.625000 0.250000
vt 0.375000 0.250000
vt 0.625000 0.500000
vt 0.375000 0.500000
vt 0.625000 0.750000
vt 0.375000 0.750000
vt 0.625000 1.000000
vt 0.375000 1.000000
vt 0.125000 0.500000
vt 0.125000 0.750000
vt 0.875000 0.500000
vt 0.875000 0.750000
vn 0.0000 1.0000 0.0000
vn 0.0000 0.0000 -1.0000
vn 0.0000 -1.0000 0.0000
vn 0.0000 0.0000 1.0000
vn -1.0000 0.0000 0.0000
vn 1.0000 0.0000 0.0000
usemtl Material.001
s off
f 57/99/39 58/100/39 60/101/39 59/102/39
f 59/102/40 60/101/40 64/103/40 63/104/40
f 63/104/41 64/103/41 62/105/41 61/106/41
f 61/106/42 62/105/42 58/107/42 57/108/42
f 59/109/43 63/104/43 61/106/43 57/110/43
f 64/103/44 60/111/44 58/112/44 62/105/44
o Cube.006_Cube.010
v -0.669551 1.455028 0.036227
v -0.680519 1.544357 0.036227
v -0.669551 1.455028 -1.963773
v -0.680519 1.544357 -1.963773
v -0.087418 1.579049 0.036227
v -0.098386 1.668378 0.036227
v -0.087418 1.579049 -1.963773
v -0.098386 1.668378 -1.963773
v -0.385182 1.542488 -1.963773
v -0.396150 1.631817 -1.963773
v -0.385182 1.542488 0.036227
v -0.396150 1.631817 0.036227
v 0.193846 1.674919 -1.963773
v 0.191943 1.584939 -1.963773
v 0.191943 1.584939 0.036227
v 0.193846 1.674919 0.036227
v 0.421987 1.670096 -1.963773
v 0.420085 1.580116 -1.963773
v 0.420085 1.580116 0.036227
v 0.421987 1.670096 0.036227
v 0.421987 1.670096 -1.963773
v 0.420085 1.580116 -1.963773
v 0.420085 1.580116 0.036227
v 0.421987 1.670096 0.036227
v 0.706192 1.578187 -1.963773
v 0.677557 1.492864 -1.963773
v 0.677557 1.492864 0.036227
v 0.706192 1.578187 0.036227
vt 0.375000 0.000000
vt 0.625000 0.000000
vt 0.625000 0.250000
vt 0.375000 0.250000
vt 0.375000 0.375000
vt 0.625000 0.375000
vt 0.625000 0.500000
vt 0.375000 0.500000
vt 0.625000 0.750000
vt 0.625000 0.750000
vt 0.625000 0.500000
vt 0.375000 0.875000
vt 0.625000 0.875000
vt 0.625000 1.000000
vt 0.375000 1.000000
vt 0.250000 0.500000
vt 0.375000 0.750000
vt 0.250000 0.750000
vt 0.750000 0.500000
vt 0.875000 0.500000
vt 0.875000 0.750000
vt 0.750000 0.750000
vt 0.125000 0.500000
vt 0.125000 0.750000
vt 0.625000 0.750000
vt 0.625000 0.500000
vt 0.375000 0.500000
vt 0.375000 0.750000
vt 0.375000 0.500000
vt 0.625000 0.500000
vt 0.375000 0.500000
vt 0.375000 0.750000
vt 0.625000 0.750000
vt 0.375000 0.750000
vt 0.375000 0.750000
vt 0.625000 0.750000
vt 0.375000 0.500000
vt 0.625000 0.500000
vn -0.9925 -0.1219 0.0000
vn 0.0000 0.0000 -1.0000
vn -0.0224 0.9997 0.0000
vn 0.0000 0.0000 1.0000
vn 0.1219 -0.9925 0.0000
vn -0.2940 0.9558 0.0000
vn -0.1219 0.9925 0.0000
vn 0.2940 -0.9558 0.0000
vn 0.0211 0.9998 0.0000
vn 0.0211 -0.9998 0.0000
vn -0.0211 -0.9998 0.0000
vn 0.9480 -0.3182 -0.0000
vn -0.3210 -0.9471 0.0000
vn 0.3077 0.9515 0.0000
usemtl Material.001
s off
f 65/113/45 66/114/45 68/115/45 67/116/45
f 73/117/46 74/118/46 72/119/46 71/120/46
f 72/119/47 70/121/47 80/122/47 77/123/47
f 75/124/48 76/125/48 66/126/48 65/127/48
f 73/128/49 71/120/49 69/129/49 75/130/49
f 74/131/50 68/132/50 66/133/50 76/134/50
f 72/119/51 74/131/51 76/134/51 70/121/51
f 67/135/52 73/128/52 75/130/52 65/136/52
f 69/129/48 70/121/48 76/125/48 75/124/48
f 67/116/46 68/115/46 74/118/46 73/117/46
f 77/123/53 80/122/53 84/137/53 81/138/53
f 71/120/46 72/119/46 77/123/46 78/139/46
f 70/121/48 69/129/48 79/140/48 80/122/48
f 69/129/54 71/120/54 78/139/54 79/140/54
f 82/141/48 81/138/48 85/142/48 86/143/48
f 78/139/46 77/123/46 81/138/46 82/141/46
f 80/122/48 79/140/48 83/144/48 84/137/48
f 79/140/55 78/139/55 82/141/55 83/144/55
f 88/145/48 87/146/48 91/147/48 92/148/48
f 84/137/48 83/144/48 87/146/48 88/145/48
f 83/144/48 82/141/48 86/143/48 87/146/48
f 81/138/48 84/137/48 88/145/48 85/142/48
f 90/149/56 89/150/56 92/148/56 91/147/56
f 87/146/57 86/143/57 90/149/57 91/147/57
f 85/142/58 88/145/58 92/148/58 89/150/58
f 86/143/46 85/142/46 89/150/46 90/149/46
o Cube.007_Cube.011
v -0.029172 1.485151 -0.035000
v -0.029172 1.585150 -0.035000
v -0.029172 1.485151 -1.755000
v -0.029172 1.585150 -1.755000
v 0.020828 1.485151 -0.035000
v 0.020828 1.585150 -0.035000
v 0.020828 1.485151 -1.755000
v 0.020828 1.585150 -1.755000
vt 0.375000 0.000000
vt 0.625000 0.000000
vt 0.625000 0.250000
vt 0.375000 0.250000
vt 0.625000 0.500000
vt 0.375000 0.500000
vt 0.625000 0.750000
vt 0.375000 0.750000
vt 0.625000 1.000000
vt 0.375000 1.000000
vt 0.125000 0.500000
vt 0.125000 0.750000
vt 0.875000 0.500000
vt 0.875000 0.750000
vn -1.0000 0.0000 0.0000
vn 0.0000 0.0000 -1.0000
vn 1.0000 0.0000 0.0000
vn 0.0000 0.0000 1.0000
vn 0.0000 -1.0000 0.0000
vn 0.0000 1.0000 0.0000
usemtl Material.001
s off
f 93/151/59 94/152/59 96/153/59 95/154/59
f 95/154/60 96/153/60 100/155/60 99/156/60
f 99/156/61 100/155/61 98/157/61 97/158/61
f 97/158/62 98/157/62 94/159/62 93/160/62
f 95/161/63 99/156/63 97/158/63 93/162/63
f 100/155/64 96/163/64 94/164/64 98/157/64
o Cube.014_Cube.016
v 0.201636 0.344372 -1.608686
v 0.165307 0.663226 -1.608686
v 0.201636 0.344372 -1.655679
v 0.165307 0.663226 -1.655679
v 0.240723 0.348826 -1.608686
v 0.204395 0.667680 -1.608686
v 0.240723 0.348826 -1.655679
v 0.204395 0.667680 -1.655679
v -0.247707 0.345491 -0.153009
v -0.247707 0.407974 -0.153009
v -0.247707 0.345491 -1.656788
v -0.247707 0.407974 -1.656788
v 0.380226 0.295822 -0.153009
v 0.380226 0.358306 -0.153009
v 0.380226 0.295822 -1.656788
v 0.380226 0.358306 -1.656788
v 0.171585 0.295822 -1.656788
v -0.014921 0.306860 -1.656788
v -0.014921 0.369343 -1.656788
v 0.171585 0.358306 -1.656788
v -0.014921 0.306860 -0.153009
v 0.171585 0.295822 -0.153009
v 0.171585 0.358306 -0.153009
v -0.014921 0.369343 -0.153009
v -0.236933 0.365609 -0.201375
v -0.320625 1.001319 -0.201375
v -0.119707 0.381042 -0.201375
v -0.203400 1.016752 -0.201375
v -0.236933 0.365609 -1.611168
v -0.236933 0.365609 -1.544035
v -0.236933 0.365609 -1.476902
v -0.236933 0.365609 -1.409769
v -0.236933 0.365609 -1.342636
v -0.236933 0.365609 -1.275503
v -0.236933 0.365609 -1.208370
v -0.236933 0.365609 -1.141237
v -0.236933 0.365609 -1.074104
v -0.236933 0.365609 -1.006971
v -0.236933 0.365609 -0.939838
v -0.236933 0.365609 -0.872705
v -0.236933 0.365609 -0.805572
v -0.236933 0.365609 -0.738439
v -0.236933 0.365609 -0.671306
v -0.236933 0.365609 -0.604173
v -0.236933 0.365609 -0.537040
v -0.236933 0.365609 -0.469907
v -0.236933 0.365609 -0.402774
v -0.236933 0.365609 -0.335641
v -0.236933 0.365609 -0.268508
v -0.320625 1.001319 -0.268508
v -0.320625 1.001319 -0.335641
v -0.320625 1.001319 -0.402774
v -0.320625 1.001319 -0.469907
v -0.320625 1.001319 -0.537040
v -0.320625 1.001319 -0.604173
v -0.320625 1.001319 -0.671306
v -0.320625 1.001319 -0.738439
v -0.320625 1.001319 -0.805572
v -0.320625 1.001319 -0.872705
v -0.320625 1.001319 -0.939838
v -0.320625 1.001319 -1.006971
v -0.320625 1.001319 -1.074104
v -0.320625 1.001319 -1.141237
v -0.320625 1.001319 -1.208370
v -0.320625 1.001319 -1.275503
v -0.320625 1.001319 -1.342636
v -0.320625 1.001319 -1.409769
v -0.320625 1.001319 -1.476902
v -0.320625 1.001319 -1.544035
v -0.320625 1.001319 -1.611168
v -0.119707 0.381042 -0.268508
v -0.119707 0.381042 -0.335641
v -0.119707 0.381042 -0.402774
v -0.119707 0.381042 -0.469907
v -0.119707 0.381042 -0.537040
v -0.119707 0.381042 -0.604173
v -0.119707 0.381042 -0.671306
v -0.119707 0.381042 -0.738439
v -0.119707 0.381042 -0.805572
v -0.119707 0.381042 -0.872705
v -0.119707 0.381042 -0.939838
v -0.119707 0.381042 -1.006971
v -0.119707 0.381042 -1.074104
v -0.119707 0.381042 -1.141237
v -0.119707 0.381042 -1.208370
v -0.119707 0.381042 -1.275503
v -0.119707 0.381042 -1.342636
v -0.119707 0.381042 -1.409769
v -0.119707 0.381042 -1.476902
v -0.119707 0.381042 -1.544035
v -0.119707 0.381042 -1.611168
v -0.203400 1.016752 -1.611168
v -0.203400 1.016752 -1.544035
v -0.203400 1.016752 -1.476902
v -0.203400 1.016752 -1.409769
v -0.203400 1.016752 -1.342636
v -0.203400 1.016752 -1.275503
v -0.203400 1.016752 -1.208370
v -0.203400 1.016752 -1.141237
v -0.203400 1.016752 -1.074104
v -0.203400 1.016752 -1.006971
v -0.203400 1.016752 -0.939838
v -0.203400 1.016752 -0.872705
v -0.203400 1.016752 -0.805572
v -0.203400 1.016752 -0.738439
v -0.203400 1.016752 -0.671306
v -0.203400 1.016752 -0.604173
v -0.203400 1.016752 -0.537040
v -0.203400 1.016752 -0.469907
v -0.203400 1.016752 -0.402774
v -0.203400 1.016752 -0.335641
v -0.203400 1.016752 -0.268508
v -0.311758 0.933967 -0.201375
v -0.194533 0.949400 -0.201375
v -0.194533 0.949400 -1.611168
v -0.194533 0.949400 -1.544035
v -0.194533 0.949400 -1.476902
v -0.194533 0.949400 -1.409769
v -0.194533 0.949400 -1.342636
v -0.194533 0.949400 -1.275503
v -0.194533 0.949400 -1.208370
v -0.194533 0.949400 -1.141237
v -0.194533 0.949400 -1.074104
v -0.194533 0.949400 -1.006971
v -0.194533 0.949400 -0.939838
v -0.194533 0.949400 -0.872705
v -0.194533 0.949400 -0.805572
v -0.194533 0.949400 -0.738439
v -0.194533 0.949400 -0.671306
v -0.194533 0.949400 -0.604173
v -0.194533 0.949400 -0.537040
v -0.194533 0.949400 -0.469907
v -0.194533 0.949400 -0.402774
v -0.194533 0.949400 -0.335641
v -0.194533 0.949400 -0.268508
v -0.311758 0.933967 -0.268508
v -0.311758 0.933967 -0.335641
v -0.311758 0.933967 -0.402774
v -0.311758 0.933967 -0.469907
v -0.311758 0.933967 -0.537040
v -0.311758 0.933967 -0.604173
v -0.311758 0.933967 -0.671306
v -0.311758 0.933967 -0.738439
v -0.311758 0.933967 -0.805572
v -0.311758 0.933967 -0.872705
v -0.311758 0.933967 -0.939838
v -0.311758 0.933967 -1.006971
v -0.311758 0.933967 -1.074104
v -0.311758 0.933967 -1.141237
v -0.311758 0.933967 -1.208370
v -0.311758 0.933967 -1.275503
v -0.311758 0.933967 -1.342636
v -0.311758 0.933967 -1.409769
v -0.311758 0.933967 -1.476902
v -0.311758 0.933967 -1.544035
v -0.311758 0.933967 -1.611168
v -0.136059 0.505250 -0.201375
v -0.136059 0.505250 -1.611168
v -0.136059 0.505250 -1.544035
v -0.136059 0.505250 -1.476902
v -0.136059 0.505250 -1.409769
v -0.136059 0.505250 -1.342636
v -0.136059 0.505250 -1.275503
v -0.136059 0.505250 -1.208370
v -0.136059 0.505250 -1.141237
v -0.136059 0.505250 -1.074104
v -0.136059 0.505250 -1.006971
v -0.136059 0.505250 -0.939838
v -0.136059 0.505250 -0.872705
v -0.136059 0.505250 -0.805572
v -0.136059 0.505250 -0.738439
v -0.136059 0.505250 -0.671306
v -0.136059 0.505250 -0.604173
v -0.136059 0.505250 -0.537040
v -0.136059 0.505250 -0.469907
v -0.136059 0.505250 -0.402774
v -0.136059 0.505250 -0.335641
v -0.136059 0.505250 -0.268508
v -0.253285 0.489817 -0.268508
v -0.253285 0.489817 -0.335641
v -0.253285 0.489817 -0.402774
v -0.253285 0.489817 -0.469907
v -0.253285 0.489817 -0.537040
v -0.253285 0.489817 -0.604173
v -0.253285 0.489817 -0.671306
v -0.253285 0.489817 -0.738439
v -0.253285 0.489817 -0.805572
v -0.253285 0.489817 -0.872705
v -0.253285 0.489817 -0.939838
v -0.253285 0.489817 -1.006971
v -0.253285 0.489817 -1.074104
v -0.253285 0.489817 -1.141237
v -0.253285 0.489817 -1.208370
v -0.253285 0.489817 -1.275503
v -0.253285 0.489817 -1.342636
v -0.253285 0.489817 -1.409769
v -0.253285 0.489817 -1.476902
v -0.253285 0.489817 -1.544035
v -0.253285 0.489817 -1.611168
v -0.253285 0.489817 -0.201375
v -0.191359 0.361546 -1.611168
v -0.278189 1.021083 -1.611168
v -0.191359 0.361546 -1.658161
v -0.278189 1.021083 -1.658161
v -0.031794 0.382554 -1.611168
v -0.118624 1.042090 -1.611168
v -0.031794 0.382554 -1.658161
v -0.118624 1.042090 -1.658161
v -0.236933 0.365609 -0.154382
v -0.323762 1.025145 -0.154382
v -0.236933 0.365609 -0.201375
v -0.323762 1.025145 -0.201375
v -0.077367 0.386616 -0.154382
v -0.164197 1.046153 -0.154382
v -0.077367 0.386616 -0.201375
v -0.164197 1.046153 -0.201375
v -0.263598 0.545595 -1.609049
v -0.263598 0.545595 -1.656043
v 0.333565 0.605779 -1.609049
v 0.333565 0.605779 -1.656043
v 0.235127 0.635607 -1.657125
v 0.109943 0.633895 -1.656043
v -0.007193 0.625617 -1.656043
v -0.159541 0.589745 -1.656043
v -0.159541 0.589745 -1.609049
v -0.007193 0.625617 -1.609049
v 0.109943 0.633895 -1.609049
v 0.235127 0.635607 -1.607967
v -0.080852 0.606301 -1.656043
v -0.080852 0.606301 -1.609049
v -0.263598 0.592208 -1.609049
v -0.263598 0.620702 -1.619501
v -0.263598 0.620702 -1.645591
v -0.263598 0.592208 -1.656043
v 0.333565 0.680885 -1.619616
v 0.333565 0.656327 -1.609049
v 0.333565 0.656327 -1.656043
v 0.333565 0.680885 -1.645476
v -0.159541 0.664851 -1.645586
v -0.159541 0.637642 -1.656043
v -0.007193 0.700723 -1.645541
v -0.007193 0.676954 -1.656043
v 0.109943 0.709001 -1.645497
v 0.109943 0.685756 -1.656043
v 0.235127 0.683572 -1.657125
v 0.235127 0.714172 -1.643194
v 0.235127 0.714172 -1.621898
v 0.235127 0.683572 -1.607967
v 0.109943 0.709001 -1.619595
v 0.109943 0.685756 -1.609049
v -0.007193 0.700723 -1.619552
v -0.007193 0.676954 -1.609049
v -0.159541 0.637642 -1.609049
v -0.159541 0.664851 -1.619506
v -0.080852 0.655232 -1.656043
v -0.080852 0.681407 -1.645569
v -0.080852 0.655232 -1.609049
v -0.080852 0.681407 -1.619523
v -0.263478 0.546340 -0.160812
v -0.263478 0.546340 -0.207806
v 0.333685 0.606524 -0.160812
v 0.333685 0.606524 -0.207806
v 0.235246 0.636352 -0.208887
v 0.110062 0.634640 -0.207806
v -0.007074 0.626362 -0.207806
v -0.159422 0.590490 -0.207806
v -0.159422 0.590490 -0.160812
v -0.007074 0.626362 -0.160812
v 0.110062 0.634640 -0.160812
v 0.235246 0.636352 -0.159730
v -0.080732 0.607046 -0.207806
v -0.080732 0.607046 -0.160812
v -0.263478 0.592953 -0.160812
v -0.263478 0.621446 -0.171264
v -0.263478 0.621446 -0.197354
v -0.263478 0.592953 -0.207806
v 0.333685 0.681630 -0.171379
v 0.333685 0.657072 -0.160812
v 0.333685 0.657072 -0.207806
v 0.333685 0.681630 -0.197239
v -0.159422 0.665596 -0.197349
v -0.159422 0.638387 -0.207806
v -0.007074 0.701468 -0.197303
v -0.007074 0.677699 -0.207806
v 0.110062 0.709746 -0.197260
v 0.110062 0.686501 -0.207806
v 0.235246 0.684317 -0.208887
v 0.235246 0.714917 -0.194957
v 0.235246 0.714917 -0.173661
v 0.235246 0.684317 -0.159730
v 0.110062 0.709746 -0.171358
v 0.110062 0.686501 -0.160812
v -0.007074 0.701468 -0.171314
v -0.007074 0.677699 -0.160812
v -0.159422 0.638387 -0.160812
v -0.159422 0.665596 -0.171269
v -0.080732 0.655976 -0.207806
v -0.080732 0.682152 -0.197332
v -0.080732 0.655976 -0.160812
v -0.080732 0.682152 -0.171286
v 0.201097 0.344372 -0.160626
v 0.164768 0.663226 -0.160626
v 0.201097 0.344372 -0.207619
v 0.164768 0.663226 -0.207619
v 0.240184 0.348826 -0.160626
v 0.203855 0.667680 -0.160626
v 0.240184 0.348826 -0.207619
v 0.203855 0.667680 -0.207619
v 0.521269 0.370524 -1.656788
v 0.521269 0.308040 -1.656788
v 0.521269 0.308040 -0.153009
v 0.521269 0.370524 -0.153009
v -0.247707 0.345491 -0.053009
v -0.247707 0.407974 -0.053009
v 0.380226 0.358306 -0.053009
v 0.380226 0.295822 -0.053009
v 0.171585 0.295822 -0.053009
v -0.014921 0.369343 -0.053009
v -0.014921 0.306860 -0.053009
v 0.171585 0.358306 -0.053009
v 0.521269 0.370524 -0.053009
v 0.521269 0.308040 -0.053009
v -0.247707 0.407974 -1.756788
v -0.247707 0.345491 -1.756788
v -0.014921 0.306860 -1.756788
v 0.171585 0.358306 -1.756788
v 0.380226 0.358306 -1.756788
v 0.380226 0.295822 -1.756788
v 0.171585 0.295822 -1.756788
v -0.014921 0.369343 -1.756788
v 0.521269 0.370524 -1.756788
v 0.521269 0.308040 -1.756788
v -0.247707 0.345491 -0.153009
v -0.247707 0.407974 -0.153009
v 0.380226 0.358306 -0.153009
v 0.380226 0.295822 -0.153009
v 0.171585 0.295822 -0.153009
v -0.014921 0.369343 -0.153009
v -0.014921 0.306860 -0.153009
v 0.171585 0.358306 -0.153009
v -0.520714 0.345491 -0.153009
v -0.520714 0.407974 -0.153009
v 0.521269 0.370524 -0.153009
v 0.521269 0.308040 -0.153009
v -0.247707 0.345491 -0.153009
v -0.247707 0.407974 -0.153009
v 0.380226 0.358306 -0.153009
v 0.380226 0.295822 -0.153009
v 0.171585 0.295822 -0.153009
v -0.014921 0.369343 -0.153009
v -0.014921 0.306860 -0.153009
v 0.171585 0.358306 -0.153009
v -0.520714 0.345491 -0.153009
v -0.520714 0.407974 -0.153009
v 0.521269 0.370524 -0.153009
v 0.521269 0.308040 -0.153009
v -0.247707 0.345491 -0.053009
v -0.247707 0.407974 -0.053009
v 0.380226 0.358306 -0.053009
v 0.380226 0.295822 -0.053009
v 0.171585 0.295822 -0.053009
v -0.014921 0.369343 -0.053009
v -0.014921 0.306860 -0.053009
v 0.171585 0.358306 -0.053009
v 0.521269 0.370524 -0.053009
v 0.521269 0.308040 -0.053009
vt 0.375000 0.000000
vt 0.625000 0.000000
vt 0.625000 0.250000
vt 0.375000 0.250000
vt 0.625000 0.500000
vt 0.375000 0.500000
vt 0.625000 0.750000
vt 0.375000 0.750000
vt 0.625000 1.000000
vt 0.375000 1.000000
vt 0.125000 0.500000
vt 0.125000 0.750000
vt 0.875000 0.500000
vt 0.875000 0.750000
vt 0.125000 0.750000
vt 0.208333 0.750000
vt 0.208333 0.750000
vt 0.125000 0.750000
vt 0.375000 0.750000
vt 0.375000 0.750000
vt 0.375000 0.750000
vt 0.375000 0.750000
vt 0.291667 0.500000
vt 0.375000 0.500000
vt 0.291667 0.750000
vt 0.791667 0.500000
vt 0.875000 0.500000
vt 0.875000 0.750000
vt 0.791667 0.750000
vt 0.625000 0.500000
vt 0.708333 0.500000
vt 0.708333 0.750000
vt 0.625000 0.750000
vt 0.125000 0.500000
vt 0.208333 0.500000
vt 0.208333 0.750000
vt 0.125000 0.750000
vt 0.708333 0.750000
vt 0.625000 0.750000
vt 0.875000 0.750000
vt 0.791667 0.750000
vt 0.208333 0.500000
vt 0.291667 0.500000
vt 0.625000 0.750000
vt 0.625000 0.750000
vt 0.598513 0.227273
vt 0.423846 0.227273
vt 0.423846 0.522727
vt 0.598513 0.522727
vt 0.423846 0.147727
vt 0.598513 0.147727
vt 0.598513 0.602273
vt 0.423846 0.602273
vt 0.598513 0.738636
vt 0.625000 0.738636
vt 0.625000 0.750000
vt 0.598513 0.750000
vt 0.625000 1.000000
vt 0.598513 1.000000
vt 0.125000 0.738636
vt 0.375000 0.738636
vt 0.375000 0.750000
vt 0.125000 0.750000
vt 0.875000 0.738636
vt 0.875000 0.750000
vt 0.598513 0.238636
vt 0.625000 0.238636
vt 0.625000 0.511364
vt 0.598513 0.511364
vt 0.875000 0.511364
vt 0.875000 0.522727
vt 0.625000 0.522727
vt 0.875000 0.534091
vt 0.625000 0.534091
vt 0.875000 0.545455
vt 0.625000 0.545455
vt 0.875000 0.556818
vt 0.625000 0.556818
vt 0.875000 0.568182
vt 0.625000 0.568182
vt 0.875000 0.579545
vt 0.625000 0.579545
vt 0.875000 0.590909
vt 0.625000 0.590909
vt 0.875000 0.602273
vt 0.625000 0.602273
vt 0.875000 0.613636
vt 0.625000 0.613636
vt 0.875000 0.625000
vt 0.625000 0.625000
vt 0.875000 0.636364
vt 0.625000 0.636364
vt 0.875000 0.647727
vt 0.625000 0.647727
vt 0.875000 0.659091
vt 0.625000 0.659091
vt 0.875000 0.670455
vt 0.625000 0.670455
vt 0.875000 0.681818
vt 0.625000 0.681818
vt 0.875000 0.693182
vt 0.625000 0.693182
vt 0.875000 0.704545
vt 0.625000 0.704545
vt 0.875000 0.715909
vt 0.625000 0.715909
vt 0.875000 0.727273
vt 0.625000 0.727273
vt 0.423846 0.238636
vt 0.423846 0.511364
vt 0.125000 0.511364
vt 0.375000 0.511364
vt 0.375000 0.522727
vt 0.125000 0.522727
vt 0.375000 0.534091
vt 0.125000 0.534091
vt 0.375000 0.545455
vt 0.125000 0.545455
vt 0.375000 0.556818
vt 0.125000 0.556818
vt 0.375000 0.568182
vt 0.125000 0.568182
vt 0.375000 0.579545
vt 0.125000 0.579545
vt 0.375000 0.590909
vt 0.125000 0.590909
vt 0.375000 0.602273
vt 0.125000 0.602273
vt 0.375000 0.613636
vt 0.125000 0.613636
vt 0.375000 0.625000
vt 0.125000 0.625000
vt 0.375000 0.636364
vt 0.125000 0.636364
vt 0.375000 0.647727
vt 0.125000 0.647727
vt 0.375000 0.659091
vt 0.125000 0.659091
vt 0.375000 0.670455
vt 0.125000 0.670455
vt 0.375000 0.681818
vt 0.125000 0.681818
vt 0.375000 0.693182
vt 0.125000 0.693182
vt 0.375000 0.704545
vt 0.125000 0.704545
vt 0.375000 0.715909
vt 0.125000 0.715909
vt 0.375000 0.727273
vt 0.125000 0.727273
vt 0.598513 0.159091
vt 0.423846 0.159091
vt 0.423846 0.590909
vt 0.598513 0.590909
vt 0.598513 0.534091
vt 0.598513 0.545455
vt 0.598513 0.556818
vt 0.598513 0.568182
vt 0.598513 0.579545
vt 0.598513 0.613636
vt 0.598513 0.625000
vt 0.598513 0.636364
vt 0.598513 0.647727
vt 0.598513 0.659091
vt 0.598513 0.670455
vt 0.598513 0.681818
vt 0.598513 0.693182
vt 0.598513 0.704545
vt 0.598513 0.715909
vt 0.598513 0.727273
vt 0.598513 0.000000
vt 0.625000 0.000000
vt 0.625000 0.011364
vt 0.598513 0.011364
vt 0.625000 0.022727
vt 0.598513 0.022727
vt 0.625000 0.034091
vt 0.598513 0.034091
vt 0.625000 0.045455
vt 0.598513 0.045455
vt 0.625000 0.056818
vt 0.598513 0.056818
vt 0.625000 0.068182
vt 0.598513 0.068182
vt 0.625000 0.079545
vt 0.598513 0.079545
vt 0.625000 0.090909
vt 0.598513 0.090909
vt 0.625000 0.102273
vt 0.598513 0.102273
vt 0.625000 0.113636
vt 0.598513 0.113636
vt 0.625000 0.125000
vt 0.598513 0.125000
vt 0.625000 0.136364
vt 0.598513 0.136364
vt 0.625000 0.147727
vt 0.625000 0.159091
vt 0.625000 0.170455
vt 0.598513 0.170455
vt 0.625000 0.181818
vt 0.598513 0.181818
vt 0.625000 0.193182
vt 0.598513 0.193182
vt 0.625000 0.204545
vt 0.598513 0.204545
vt 0.625000 0.215909
vt 0.598513 0.215909
vt 0.625000 0.227273
vt 0.423846 0.204545
vt 0.423846 0.215909
vt 0.423846 0.181818
vt 0.423846 0.193182
vt 0.423846 0.170455
vt 0.423846 0.136364
vt 0.423846 0.113636
vt 0.423846 0.125000
vt 0.423846 0.090909
vt 0.423846 0.102273
vt 0.423846 0.068182
vt 0.423846 0.079545
vt 0.423846 0.045455
vt 0.423846 0.056818
vt 0.423846 0.011364
vt 0.423846 0.738636
vt 0.423846 0.022727
vt 0.423846 0.034091
vt 0.423846 0.727273
vt 0.423846 0.000000
vt 0.423846 0.715909
vt 0.423846 0.704545
vt 0.423846 0.693182
vt 0.423846 0.670455
vt 0.423846 0.681818
vt 0.423846 0.647727
vt 0.423846 0.659091
vt 0.423846 0.625000
vt 0.423846 0.636364
vt 0.423846 0.613636
vt 0.423846 0.579545
vt 0.423846 0.556818
vt 0.423846 0.568182
vt 0.423846 0.534091
vt 0.423846 0.545455
vt 0.423846 0.750000
vt 0.423846 1.000000
vt 0.375000 0.238636
vt 0.375000 1.000000
vt 0.375000 0.000000
vt 0.375000 0.011364
vt 0.375000 0.022727
vt 0.375000 0.034091
vt 0.375000 0.045455
vt 0.375000 0.056818
vt 0.375000 0.068182
vt 0.375000 0.079545
vt 0.375000 0.090909
vt 0.375000 0.102273
vt 0.375000 0.113636
vt 0.375000 0.125000
vt 0.375000 0.136364
vt 0.375000 0.147727
vt 0.375000 0.159091
vt 0.375000 0.170455
vt 0.375000 0.181818
vt 0.375000 0.193182
vt 0.375000 0.204545
vt 0.375000 0.215909
vt 0.375000 0.227273
vt 0.375000 0.000000
vt 0.625000 0.000000
vt 0.625000 0.250000
vt 0.375000 0.250000
vt 0.625000 0.500000
vt 0.375000 0.500000
vt 0.625000 0.750000
vt 0.375000 0.750000
vt 0.625000 1.000000
vt 0.375000 1.000000
vt 0.125000 0.500000
vt 0.125000 0.750000
vt 0.875000 0.500000
vt 0.875000 0.750000
vt 0.375000 0.000000
vt 0.625000 0.000000
vt 0.625000 0.250000
vt 0.375000 0.250000
vt 0.625000 0.500000
vt 0.375000 0.500000
vt 0.625000 0.750000
vt 0.375000 0.750000
vt 0.625000 1.000000
vt 0.375000 1.000000
vt 0.125000 0.500000
vt 0.125000 0.750000
vt 0.875000 0.500000
vt 0.875000 0.750000
vt 0.825000 0.555629
vt 0.875000 0.555601
vt 0.875000 0.694399
vt 0.825000 0.694371
vt 0.800000 0.555717
vt 0.800000 0.694284
vt 0.375000 0.750000
vt 0.543255 0.750000
vt 0.527630 0.800000
vt 0.375000 0.800000
vt 0.375000 0.000000
vt 0.530156 0.000000
vt 0.625000 0.055601
vt 0.625000 0.194399
vt 0.530156 0.250000
vt 0.375000 0.250000
vt 0.325000 0.500000
vt 0.375000 0.500000
vt 0.325000 0.750000
vt 0.534430 0.300000
vt 0.375000 0.300000
vt 0.543255 0.500000
vt 0.625000 0.556214
vt 0.625000 0.693787
vt 0.547625 0.850000
vt 0.375000 0.850000
vt 0.375000 0.325000
vt 0.537870 0.325000
vt 0.545881 0.350000
vt 0.375000 0.350000
vt 0.125000 0.500000
vt 0.175000 0.500000
vt 0.175000 0.750000
vt 0.125000 0.750000
vt 0.200000 0.500000
vt 0.225000 0.500000
vt 0.225000 0.750000
vt 0.200000 0.750000
vt 0.275000 0.500000
vt 0.275000 0.750000
vt 0.375000 0.450000
vt 0.527630 0.450000
vt 0.545881 0.900000
vt 0.375000 0.900000
vt 0.537870 0.925000
vt 0.375000 0.925000
vt 0.675000 0.570847
vt 0.675000 0.679153
vt 0.375000 0.400000
vt 0.547625 0.400000
vt 0.725000 0.556102
vt 0.775000 0.555870
vt 0.775000 0.694130
vt 0.725000 0.693898
vt 0.534430 0.950000
vt 0.375000 0.950000
vt 0.625000 0.450000
vt 0.625000 0.497479
vt 0.625000 0.950000
vt 0.625000 1.000000
vt 0.530156 1.000000
vt 0.625000 0.250000
vt 0.625000 0.300000
vt 0.625000 0.325000
vt 0.625000 0.350000
vt 0.625000 0.400000
vt 0.625000 0.421853
vt 0.625000 0.752520
vt 0.625000 0.800000
vt 0.625000 0.828147
vt 0.625000 0.850000
vt 0.625000 0.900000
vt 0.625000 0.925000
vt 0.375000 1.000000
vt 0.825000 0.555629
vt 0.875000 0.555601
vt 0.875000 0.694399
vt 0.825000 0.694371
vt 0.800000 0.555717
vt 0.800000 0.694284
vt 0.375000 0.750000
vt 0.543255 0.750000
vt 0.527630 0.800000
vt 0.375000 0.800000
vt 0.375000 0.000000
vt 0.530156 0.000000
vt 0.625000 0.055601
vt 0.625000 0.194399
vt 0.530156 0.250000
vt 0.375000 0.250000
vt 0.325000 0.500000
vt 0.375000 0.500000
vt 0.325000 0.750000
vt 0.534430 0.300000
vt 0.375000 0.300000
vt 0.543255 0.500000
vt 0.625000 0.556214
vt 0.625000 0.693787
vt 0.547625 0.850000
vt 0.375000 0.850000
vt 0.375000 0.325000
vt 0.537870 0.325000
vt 0.545881 0.350000
vt 0.375000 0.350000
vt 0.125000 0.500000
vt 0.175000 0.500000
vt 0.175000 0.750000
vt 0.125000 0.750000
vt 0.200000 0.500000
vt 0.225000 0.500000
vt 0.225000 0.750000
vt 0.200000 0.750000
vt 0.275000 0.500000
vt 0.275000 0.750000
vt 0.375000 0.450000
vt 0.527630 0.450000
vt 0.545881 0.900000
vt 0.375000 0.900000
vt 0.537870 0.925000
vt 0.375000 0.925000
vt 0.675000 0.570847
vt 0.675000 0.679153
vt 0.375000 0.400000
vt 0.547625 0.400000
vt 0.725000 0.556102
vt 0.775000 0.555870
vt 0.775000 0.694130
vt 0.725000 0.693898
vt 0.534430 0.950000
vt 0.375000 0.950000
vt 0.625000 0.450000
vt 0.625000 0.497479
vt 0.625000 0.950000
vt 0.625000 1.000000
vt 0.530156 1.000000
vt 0.625000 0.250000
vt 0.625000 0.300000
vt 0.625000 0.325000
vt 0.625000 0.350000
vt 0.625000 0.400000
vt 0.625000 0.421853
vt 0.625000 0.752520
vt 0.625000 0.800000
vt 0.625000 0.828147
vt 0.625000 0.850000
vt 0.625000 0.900000
vt 0.625000 0.925000
vt 0.375000 1.000000
vt 0.375000 0.000000
vt 0.625000 0.000000
vt 0.625000 0.250000
vt 0.375000 0.250000
vt 0.625000 0.500000
vt 0.375000 0.500000
vt 0.625000 0.750000
vt 0.375000 0.750000
vt 0.625000 1.000000
vt 0.375000 1.000000
vt 0.125000 0.500000
vt 0.125000 0.750000
vt 0.875000 0.500000
vt 0.875000 0.750000
vt 0.375000 0.500000
vt 0.625000 0.500000
vt 0.625000 0.500000
vt 0.708333 0.500000
vt 0.375000 0.500000
vt 0.291667 0.750000
vt 0.375000 0.750000
vt 0.291667 0.750000
vt 0.125000 0.500000
vt 0.375000 0.416667
vt 0.625000 0.416667
vt 0.375000 0.250000
vt 0.625000 0.250000
vt 0.625000 0.333333
vt 0.375000 0.333333
vt 0.625000 0.500000
vt 0.375000 0.500000
vt 0.625000 0.750000
vt 0.625000 0.750000
vt 0.625000 0.750000
vt 0.625000 0.750000
vt 0.208333 0.750000
vt 0.125000 0.750000
vt 0.375000 0.750000
vt 0.375000 0.750000
vt 0.375000 0.750000
vt 0.708333 0.750000
vt 0.791667 0.750000
vt 0.791667 0.750000
vt 0.708333 0.750000
vt 0.791667 0.500000
vt 0.875000 0.500000
vt 0.875000 0.750000
vt 0.875000 0.750000
vt 0.791667 0.750000
vt 0.625000 0.750000
vt 0.375000 0.750000
vt 0.708333 0.750000
vt 0.625000 0.750000
vt 0.291667 0.750000
vt 0.875000 0.750000
vt 0.375000 0.750000
vt 0.375000 0.916667
vt 0.625000 0.916667
vt 0.625000 1.000000
vt 0.375000 1.000000
vt 0.625000 0.833333
vt 0.375000 0.833333
vt 0.208333 0.750000
vt 0.125000 0.750000
vt 0.291667 0.750000
vn -0.9936 -0.1132 0.0000
vn 0.0000 0.0000 -1.0000
vn 0.9936 0.1132 0.0000
vn 0.0000 0.0000 1.0000
vn 0.1132 -0.9936 0.0000
vn -0.1132 0.9936 0.0000
vn 0.1637 0.9865 0.0000
vn 0.0863 -0.9963 0.0000
vn -0.0000 -1.0000 0.0000
vn 0.0000 1.0000 0.0000
vn 0.0591 0.9983 0.0000
vn -0.1637 -0.9865 0.0000
vn -0.0591 -0.9983 0.0000
vn 1.0000 -0.0000 0.0000
vn 0.9914 0.1305 0.0000
vn 0.1305 -0.9914 0.0000
vn -0.1305 0.9914 0.0000
vn -0.9914 -0.1305 0.0000
vn -0.3906 0.9206 0.0000
vn -0.2059 0.9786 0.0000
vn 0.0110 0.0000 0.9999
vn -1.0000 -0.0000 0.0000
vn -0.2900 -0.9570 0.0000
vn -0.0086 0.0000 1.0000
vn 0.3906 -0.9206 0.0000
vn 0.2537 -0.9673 0.0000
vn 0.0705 -0.9975 0.0000
vn 0.0137 -0.9999 0.0000
vn 0.0110 0.0000 -0.9999
vn 0.3203 0.9473 0.0000
vn -0.0086 0.0000 -1.0000
vn -0.0705 0.9975 0.0000
vn -0.0413 0.9991 0.0000
vn -0.2537 0.9673 0.0000
vn 0.2059 -0.9786 0.0000
vn 0.1184 0.4030 -0.9075
vn -0.1495 0.3475 0.9257
vn -0.1495 0.3475 -0.9257
vn -0.1071 0.3850 -0.9167
vn -0.0296 0.4084 -0.9123
vn -0.0005 0.4138 -0.9104
vn 0.1184 0.4030 0.9075
vn -0.0005 0.4138 0.9104
vn -0.0296 0.4084 0.9123
vn -0.0789 0.3639 0.9281
vn -0.0788 0.3639 -0.9281
vn -0.1071 0.3850 0.9167
vn -0.0788 0.3639 0.9281
vn -0.0789 0.3639 -0.9281
vn -0.0863 0.9963 0.0000
usemtl Material.001
s off
f 101/165/65 102/166/65 104/167/65 103/168/65
f 103/168/66 104/167/66 108/169/66 107/170/66
f 107/170/67 108/169/67 106/171/67 105/172/67
f 105/172/68 106/171/68 102/173/68 101/174/68
f 103/175/69 107/170/69 105/172/69 101/176/69
f 108/169/70 104/177/70 102/178/70 106/171/70
f 413/179/71 419/180/71 439/181/71 433/182/71
f 113/183/72 411/184/72 422/185/72 416/186/72
f 117/187/73 115/188/73 113/183/73 122/189/73
f 119/190/71 112/191/71 110/192/71 124/193/71
f 116/194/74 120/195/74 123/196/74 114/197/74
f 120/195/75 119/190/75 124/193/75 123/196/75
f 111/198/76 118/199/76 121/200/76 109/201/76
f 118/199/77 117/187/77 122/189/77 121/200/77
f 114/197/74 123/196/74 420/202/74 415/203/74
f 124/193/71 110/192/71 414/204/71 418/205/71
f 117/187/77 118/199/77 425/206/77 429/207/77
f 411/184/78 412/208/78 421/209/78 422/185/78
f 255/210/68 298/211/68 259/212/68 216/213/68
f 291/214/66 248/215/66 223/216/66 266/217/66
f 235/218/79 212/219/79 128/220/79 214/221/79
f 214/221/68 128/220/68 126/222/68 213/223/68
f 149/224/80 171/225/80 127/226/80 125/227/80
f 212/219/81 150/228/81 126/229/81 128/220/81
f 256/230/66 170/231/66 192/232/66 215/233/66
f 192/232/81 170/234/81 169/235/81 193/236/81
f 193/236/81 169/235/81 168/237/81 194/238/81
f 194/238/81 168/237/81 167/239/81 195/240/81
f 195/240/81 167/239/81 166/241/81 196/242/81
f 196/242/81 166/241/81 165/243/81 197/244/81
f 197/244/81 165/243/81 164/245/81 198/246/81
f 198/246/81 164/245/81 163/247/81 199/248/81
f 199/248/81 163/247/81 162/249/81 200/250/81
f 200/250/81 162/249/81 161/251/81 201/252/81
f 201/252/81 161/251/81 160/253/81 202/254/81
f 202/254/81 160/253/81 159/255/81 203/256/81
f 203/256/81 159/255/81 158/257/81 204/258/81
f 204/258/81 158/257/81 157/259/81 205/260/81
f 205/260/81 157/259/81 156/261/81 206/262/81
f 206/262/81 156/261/81 155/263/81 207/264/81
f 207/264/81 155/263/81 154/265/81 208/266/81
f 208/266/81 154/265/81 153/267/81 209/268/81
f 209/268/81 153/267/81 152/269/81 210/270/81
f 210/270/81 152/269/81 151/271/81 211/272/81
f 211/272/81 151/271/81 150/228/81 212/219/81
f 299/273/66 256/230/66 215/233/66 258/274/66
f 129/275/80 191/276/80 190/277/80 130/278/80
f 130/278/80 190/277/80 189/279/80 131/280/80
f 131/280/80 189/279/80 188/281/80 132/282/80
f 132/282/80 188/281/80 187/283/80 133/284/80
f 133/284/80 187/283/80 186/285/80 134/286/80
f 134/286/80 186/285/80 185/287/80 135/288/80
f 135/288/80 185/287/80 184/289/80 136/290/80
f 136/290/80 184/289/80 183/291/80 137/292/80
f 137/292/80 183/291/80 182/293/80 138/294/80
f 138/294/80 182/293/80 181/295/80 139/296/80
f 139/296/80 181/295/80 180/297/80 140/298/80
f 140/298/80 180/297/80 179/299/80 141/300/80
f 141/300/80 179/299/80 178/301/80 142/302/80
f 142/302/80 178/301/80 177/303/80 143/304/80
f 143/304/80 177/303/80 176/305/80 144/306/80
f 144/306/80 176/305/80 175/307/80 145/308/80
f 145/308/80 175/307/80 174/309/80 146/310/80
f 146/310/80 174/309/80 173/311/80 147/312/80
f 147/312/80 173/311/80 172/313/80 148/314/80
f 148/314/80 172/313/80 171/225/80 149/224/80
f 249/315/68 292/316/68 265/317/68 222/318/68
f 215/233/79 192/232/79 193/236/79 216/213/79
f 216/213/79 193/236/79 194/238/79 217/319/79
f 217/319/79 194/238/79 195/240/79 218/320/79
f 218/320/79 195/240/79 196/242/79 219/321/79
f 219/321/79 196/242/79 197/244/79 220/322/79
f 220/322/79 197/244/79 198/246/79 221/323/79
f 221/323/79 198/246/79 199/248/79 222/318/79
f 222/318/79 199/248/79 200/250/79 223/216/79
f 223/216/79 200/250/79 201/252/79 224/324/79
f 224/324/79 201/252/79 202/254/79 225/325/79
f 225/325/79 202/254/79 203/256/79 226/326/79
f 226/326/79 203/256/79 204/258/79 227/327/79
f 227/327/79 204/258/79 205/260/79 228/328/79
f 228/328/79 205/260/79 206/262/79 229/329/79
f 229/329/79 206/262/79 207/264/79 230/330/79
f 230/330/79 207/264/79 208/266/79 231/331/79
f 231/331/79 208/266/79 209/268/79 232/332/79
f 232/332/79 209/268/79 210/270/79 233/333/79
f 233/333/79 210/270/79 211/272/79 234/334/79
f 234/334/79 211/272/79 212/219/79 235/218/79
f 213/335/82 126/336/82 150/337/82 236/338/82
f 236/338/82 150/337/82 151/339/82 237/340/82
f 237/340/82 151/339/82 152/341/82 238/342/82
f 238/342/82 152/341/82 153/343/82 239/344/82
f 239/344/82 153/343/82 154/345/82 240/346/82
f 240/346/82 154/345/82 155/347/82 241/348/82
f 241/348/82 155/347/82 156/349/82 242/350/82
f 242/350/82 156/349/82 157/351/82 243/352/82
f 243/352/82 157/351/82 158/353/82 244/354/82
f 244/354/82 158/353/82 159/355/82 245/356/82
f 245/356/82 159/355/82 160/357/82 246/358/82
f 246/358/82 160/357/82 161/359/82 247/360/82
f 247/360/82 161/359/82 162/361/82 248/215/82
f 248/215/82 162/361/82 163/362/82 249/315/82
f 249/315/82 163/362/82 164/363/82 250/364/82
f 250/364/82 164/363/82 165/365/82 251/366/82
f 251/366/82 165/365/82 166/367/82 252/368/82
f 252/368/82 166/367/82 167/369/82 253/370/82
f 253/370/82 167/369/82 168/371/82 254/372/82
f 254/372/82 168/371/82 169/373/82 255/210/82
f 255/210/82 169/373/82 170/231/82 256/230/82
f 298/211/82 255/210/82 256/230/82 299/273/82
f 296/374/82 253/370/82 254/372/82 297/375/82
f 294/376/82 251/366/82 252/368/82 295/377/82
f 292/316/82 249/315/82 250/364/82 293/378/82
f 290/379/82 247/360/82 248/215/82 291/214/82
f 288/380/82 245/356/82 246/358/82 289/381/82
f 286/382/82 243/352/82 244/354/82 287/383/82
f 284/384/82 241/348/82 242/350/82 285/385/82
f 282/386/82 239/344/82 240/346/82 283/387/82
f 279/388/66 236/338/66 235/218/66 278/389/66
f 280/390/82 237/340/82 238/342/82 281/391/82
f 237/340/68 280/390/68 277/392/68 234/334/68
f 300/393/82 213/335/82 236/338/82 279/388/82
f 281/391/66 238/342/66 233/333/66 276/394/66
f 276/394/79 233/333/79 234/334/79 277/392/79
f 239/344/68 282/386/68 275/395/68 232/332/68
f 274/396/79 231/331/79 232/332/79 275/395/79
f 283/387/66 240/346/66 231/331/66 274/396/66
f 272/397/79 229/329/79 230/330/79 273/398/79
f 241/348/68 284/384/68 273/398/68 230/330/68
f 270/399/79 227/327/79 228/328/79 271/400/79
f 285/385/66 242/350/66 229/329/66 272/397/66
f 268/401/79 225/325/79 226/326/79 269/402/79
f 243/352/68 286/382/68 271/400/68 228/328/68
f 266/217/79 223/216/79 224/324/79 267/403/79
f 287/383/66 244/354/66 227/327/66 270/399/66
f 264/404/79 221/323/79 222/318/79 265/317/79
f 245/356/68 288/380/68 269/402/68 226/326/68
f 262/405/79 219/321/79 220/322/79 263/406/79
f 289/381/66 246/358/66 225/325/66 268/401/66
f 260/407/79 217/319/79 218/320/79 261/408/79
f 247/360/68 290/379/68 267/403/68 224/324/68
f 258/274/79 215/233/79 216/213/79 259/212/79
f 293/378/66 250/364/66 221/323/66 264/404/66
f 257/409/68 214/221/68 213/223/68 300/410/68
f 278/389/79 235/218/79 214/221/79 257/409/79
f 251/366/68 294/376/68 263/406/68 220/322/68
f 129/411/66 299/273/66 258/274/66 191/276/66
f 297/375/66 254/372/66 217/319/66 260/407/66
f 295/377/66 252/368/66 219/321/66 262/405/66
f 171/225/79 278/389/79 257/409/79 127/226/79
f 127/226/68 257/409/68 300/410/68 125/412/68
f 253/370/68 296/374/68 261/408/68 218/320/68
f 191/276/79 258/274/79 259/212/79 190/277/79
f 190/277/79 259/212/79 260/407/79 189/279/79
f 189/279/79 260/407/79 261/408/79 188/281/79
f 188/281/79 261/408/79 262/405/79 187/283/79
f 187/283/79 262/405/79 263/406/79 186/285/79
f 186/285/79 263/406/79 264/404/79 185/287/79
f 185/287/79 264/404/79 265/317/79 184/289/79
f 184/289/79 265/317/79 266/217/79 183/291/79
f 183/291/79 266/217/79 267/403/79 182/293/79
f 182/293/79 267/403/79 268/401/79 181/295/79
f 181/295/79 268/401/79 269/402/79 180/297/79
f 180/297/79 269/402/79 270/399/79 179/299/79
f 179/299/79 270/399/79 271/400/79 178/301/79
f 178/301/79 271/400/79 272/397/79 177/303/79
f 177/303/79 272/397/79 273/398/79 176/305/79
f 176/305/79 273/398/79 274/396/79 175/307/79
f 175/307/79 274/396/79 275/395/79 174/309/79
f 174/309/79 275/395/79 276/394/79 173/311/79
f 173/311/79 276/394/79 277/392/79 172/313/79
f 172/313/79 277/392/79 278/389/79 171/225/79
f 125/413/82 300/393/82 279/388/82 149/414/82
f 149/414/82 279/388/82 280/390/82 148/415/82
f 148/415/82 280/390/82 281/391/82 147/416/82
f 147/416/82 281/391/82 282/386/82 146/417/82
f 146/417/82 282/386/82 283/387/82 145/418/82
f 145/418/82 283/387/82 284/384/82 144/419/82
f 144/419/82 284/384/82 285/385/82 143/420/82
f 143/420/82 285/385/82 286/382/82 142/421/82
f 142/421/82 286/382/82 287/383/82 141/422/82
f 141/422/82 287/383/82 288/380/82 140/423/82
f 140/423/82 288/380/82 289/381/82 139/424/82
f 139/424/82 289/381/82 290/379/82 138/425/82
f 138/425/82 290/379/82 291/214/82 137/426/82
f 137/426/82 291/214/82 292/316/82 136/427/82
f 136/427/82 292/316/82 293/378/82 135/428/82
f 135/428/82 293/378/82 294/376/82 134/429/82
f 134/429/82 294/376/82 295/377/82 133/430/82
f 133/430/82 295/377/82 296/374/82 132/431/82
f 132/431/82 296/374/82 297/375/82 131/432/82
f 131/432/82 297/375/82 298/211/82 130/433/82
f 130/433/82 298/211/82 299/273/82 129/411/82
f 280/390/81 279/388/81 278/389/81 277/392/81
f 234/334/80 235/218/80 236/338/80 237/340/80
f 232/332/80 233/333/80 238/342/80 239/344/80
f 282/386/81 281/391/81 276/394/81 275/395/81
f 284/384/81 283/387/81 274/396/81 273/398/81
f 230/330/80 231/331/80 240/346/80 241/348/80
f 228/328/80 229/329/80 242/350/80 243/352/80
f 286/382/81 285/385/81 272/397/81 271/400/81
f 288/380/81 287/383/81 270/399/81 269/402/81
f 226/326/80 227/327/80 244/354/80 245/356/80
f 224/324/80 225/325/80 246/358/80 247/360/80
f 290/379/81 289/381/81 268/401/81 267/403/81
f 222/318/80 223/216/80 248/215/80 249/315/80
f 292/316/81 291/214/81 266/217/81 265/317/81
f 220/322/80 221/323/80 250/364/80 251/366/80
f 294/376/81 293/378/81 264/404/81 263/406/81
f 218/320/80 219/321/80 252/368/80 253/370/80
f 296/374/81 295/377/81 262/405/81 261/408/81
f 298/211/81 297/375/81 260/407/81 259/212/81
f 216/213/80 217/319/80 254/372/80 255/210/80
f 301/434/82 302/435/82 304/436/82 303/437/82
f 303/437/66 304/436/66 308/438/66 307/439/66
f 307/439/79 308/438/79 306/440/79 305/441/79
f 305/441/68 306/440/68 302/442/68 301/443/68
f 303/444/80 307/439/80 305/441/80 301/445/80
f 308/438/81 304/446/81 302/447/81 306/440/81
f 309/448/82 310/449/82 312/450/82 311/451/82
f 311/451/66 312/450/66 316/452/66 315/453/66
f 315/453/79 316/452/79 314/454/79 313/455/79
f 313/455/68 314/454/68 310/456/68 309/457/68
f 311/458/80 315/453/80 313/455/80 309/459/80
f 316/452/81 312/460/81 310/461/81 314/454/81
f 339/462/83 333/463/83 332/464/83 354/465/83
f 356/466/84 339/462/84 354/465/84 358/467/84
f 319/468/85 336/469/85 348/470/85 328/471/85
f 317/472/86 331/473/86 332/474/86 333/475/86 334/476/86 318/477/86
f 321/478/87 320/479/87 319/468/87 328/480/87
f 318/477/66 334/476/66 340/481/66 324/482/66
f 320/479/78 337/483/78 338/484/78 335/485/78 336/469/78 319/468/78
f 328/471/88 348/470/88 350/486/88 327/487/88
f 329/488/66 355/489/66 342/490/66 323/491/66
f 324/482/66 340/481/66 355/489/66 329/488/66
f 318/492/89 324/493/89 325/494/89 317/495/89
f 329/496/90 323/497/90 326/498/90 330/499/90
f 323/497/91 322/500/91 327/501/91 326/498/91
f 322/500/92 321/478/92 328/480/92 327/501/92
f 321/502/93 345/503/93 337/483/93 320/479/93
f 327/487/68 350/486/68 352/504/68 326/505/68
f 326/505/68 352/504/68 357/506/68 330/507/68
f 338/484/94 346/508/94 347/509/94 335/485/94
f 322/510/95 344/511/95 345/503/95 321/502/95
f 343/512/96 341/513/96 351/514/96 349/515/96
f 346/508/97 343/512/97 349/515/97 347/509/97
f 341/513/98 356/466/98 358/467/98 351/514/98
f 330/507/68 357/506/68 353/516/68 325/517/68
f 324/493/99 329/496/99 330/499/99 325/494/99
f 323/491/66 342/490/66 344/511/66 322/510/66
f 346/518/100 338/519/100 337/483/100 345/503/100
f 354/520/101 332/521/101 331/522/101 353/516/101
f 333/523/102 339/524/102 340/481/102 334/476/102
f 356/525/103 341/526/103 342/490/103 355/489/103
f 341/526/104 343/527/104 344/511/104 342/490/104
f 343/528/105 346/518/105 345/503/105 344/511/105
f 335/529/106 347/530/106 348/470/106 336/469/106
f 347/530/107 349/531/107 350/486/107 348/470/107
f 349/532/108 351/533/108 352/504/108 350/486/108
f 358/534/109 354/520/109 353/516/109 357/506/109
f 339/524/110 356/525/110 355/489/110 340/481/110
f 351/533/111 358/534/111 357/506/111 352/504/111
f 325/517/68 353/516/68 331/522/68 317/535/68
f 381/536/83 375/537/83 374/538/83 396/539/83
f 398/540/84 381/536/84 396/539/84 400/541/84
f 361/542/85 378/543/85 390/544/85 370/545/85
f 359/546/86 373/547/86 374/548/86 375/549/86 376/550/86 360/551/86
f 363/552/87 362/553/87 361/542/87 370/554/87
f 360/551/66 376/550/66 382/555/66 366/556/66
f 362/553/78 379/557/78 380/558/78 377/559/78 378/543/78 361/542/78
f 370/545/88 390/544/88 392/560/88 369/561/88
f 371/562/66 397/563/66 384/564/66 365/565/66
f 366/556/66 382/555/66 397/563/66 371/562/66
f 360/566/89 366/567/89 367/568/89 359/569/89
f 371/570/90 365/571/90 368/572/90 372/573/90
f 365/571/91 364/574/91 369/575/91 368/572/91
f 364/574/92 363/552/92 370/554/92 369/575/92
f 363/576/93 387/577/93 379/557/93 362/553/93
f 369/561/68 392/560/68 394/578/68 368/579/68
f 368/579/68 394/578/68 399/580/68 372/581/68
f 380/558/94 388/582/94 389/583/94 377/559/94
f 364/584/95 386/585/95 387/577/95 363/576/95
f 385/586/96 383/587/96 393/588/96 391/589/96
f 388/582/97 385/586/97 391/589/97 389/583/97
f 383/587/98 398/540/98 400/541/98 393/588/98
f 372/581/68 399/580/68 395/590/68 367/591/68
f 366/567/99 371/570/99 372/573/99 367/568/99
f 365/565/66 384/564/66 386/585/66 364/584/66
f 388/592/100 380/593/100 379/557/100 387/577/100
f 396/594/101 374/595/101 373/596/101 395/590/101
f 375/597/102 381/598/102 382/555/102 376/550/102
f 398/599/103 383/600/103 384/564/103 397/563/103
f 383/600/104 385/601/104 386/585/104 384/564/104
f 385/602/105 388/592/105 387/577/105 386/585/105
f 377/603/106 389/604/106 390/544/106 378/543/106
f 389/604/107 391/605/107 392/560/107 390/544/107
f 391/606/108 393/607/108 394/578/108 392/560/108
f 400/608/112 396/594/112 395/590/112 399/580/112
f 381/598/113 398/599/113 397/563/113 382/555/113
f 393/607/111 400/608/111 399/580/111 394/578/111
f 367/591/68 395/590/68 373/596/68 359/609/68
f 401/610/65 402/611/65 404/612/65 403/613/65
f 403/613/66 404/612/66 408/614/66 407/615/66
f 407/615/67 408/614/67 406/616/67 405/617/67
f 405/617/68 406/616/68 402/618/68 401/619/68
f 403/620/69 407/615/69 405/617/69 401/621/69
f 408/614/70 404/622/70 402/623/70 406/616/70
f 410/624/78 409/625/78 412/208/78 411/184/78
f 113/183/72 115/188/72 410/624/72 411/184/72
f 116/194/114 114/197/114 412/208/114 409/625/114
f 120/195/74 116/194/74 427/626/74 426/627/74
f 115/188/73 117/187/73 429/207/73 428/628/73
f 417/629/74 416/186/74 436/630/74 437/631/74
f 118/199/76 111/198/76 424/632/76 425/206/76
f 412/208/114 114/197/114 415/203/114 421/209/114
f 109/201/76 121/200/76 419/180/76 413/179/76
f 122/189/73 113/183/73 416/186/73 417/629/73
f 121/200/77 122/189/77 417/629/77 419/180/77
f 429/633/66 426/634/66 427/626/66 428/628/66
f 424/635/66 423/636/66 430/637/66 425/638/66
f 425/638/66 430/637/66 426/634/66 429/633/66
f 428/628/66 427/626/66 431/639/66 432/640/66
f 443/641/68 435/642/68 447/643/68 455/644/68
f 433/182/68 439/181/68 451/645/68 445/646/68
f 436/630/68 444/647/68 456/648/68 448/649/68
f 440/650/68 438/651/68 450/652/68 452/653/68
f 112/191/71 119/190/71 430/654/71 423/655/71
f 419/180/75 417/629/75 437/631/75 439/181/75
f 119/190/75 120/195/75 426/627/75 430/654/75
f 410/624/72 115/188/72 428/628/72 432/640/72
f 422/185/86 421/209/86 443/641/86 444/647/86
f 415/203/73 420/202/73 440/650/73 435/642/73
f 116/194/114 409/625/114 431/639/114 427/626/114
f 416/186/114 422/185/114 444/647/114 436/630/114
f 409/625/78 410/624/78 432/640/78 431/639/78
f 420/202/77 418/205/77 438/651/77 440/650/77
f 421/209/72 415/203/72 435/642/72 443/641/72
f 450/652/71 446/656/71 458/657/71 462/658/71
f 456/648/78 455/644/78 465/659/78 466/660/78
f 447/643/74 452/653/74 464/661/74 459/662/74
f 439/181/68 437/631/68 449/663/68 451/645/68
f 437/631/68 436/630/68 448/649/68 449/663/68
f 435/642/68 440/650/68 452/653/68 447/643/68
f 444/647/68 443/641/68 455/644/68 456/648/68
f 438/651/68 434/664/68 446/656/68 450/652/68
f 459/662/68 460/665/68 466/660/68 465/659/68
f 463/666/68 462/667/68 458/668/68 457/669/68
f 460/665/68 459/662/68 464/670/68 461/671/68
f 461/671/68 464/670/68 462/667/68 463/666/68
f 448/649/72 456/648/72 466/660/72 460/665/72
f 445/646/76 451/645/76 463/672/76 457/673/76
f 455/644/114 447/643/114 459/662/114 465/659/114
f 451/645/77 449/663/77 461/674/77 463/672/77
f 449/663/73 448/649/73 460/665/73 461/674/73
f 457/669/86 458/668/86 423/636/86 424/635/86
l 442 454
l 453 441
o Cylinder.001_Cylinder.007
v 0.213430 0.318998 -0.093447
v 0.015300 1.401363 -0.098735
v 0.216622 0.319528 -0.093184
v 0.018491 1.401893 -0.098473
v 0.219692 0.320029 -0.092407
v 0.021562 1.402394 -0.097695
v 0.222524 0.320482 -0.091144
v 0.024393 1.402847 -0.096433
v 0.225007 0.320871 -0.089445
v 0.026876 1.403235 -0.094734
v 0.227046 0.321179 -0.087375
v 0.028916 1.403543 -0.092663
v 0.228564 0.321395 -0.085013
v 0.030433 1.403759 -0.090302
v 0.229502 0.321510 -0.082450
v 0.031371 1.403875 -0.087739
v 0.229823 0.321522 -0.079785
v 0.031692 1.403886 -0.085073
v 0.229515 0.321427 -0.077120
v 0.031385 1.403792 -0.082408
v 0.228591 0.321232 -0.074557
v 0.030461 1.403597 -0.079845
v 0.227086 0.320942 -0.072195
v 0.028955 1.403307 -0.077483
v 0.225057 0.320570 -0.070125
v 0.026926 1.402934 -0.075413
v 0.222583 0.320128 -0.068426
v 0.024452 1.402493 -0.073714
v 0.219758 0.319636 -0.067163
v 0.021628 1.402000 -0.072452
v 0.216692 0.319110 -0.066386
v 0.018561 1.401475 -0.071674
v 0.213501 0.318572 -0.066123
v 0.015371 1.400937 -0.071412
v 0.210310 0.318043 -0.066386
v 0.012179 1.400407 -0.071674
v 0.207239 0.317541 -0.067163
v 0.009109 1.399906 -0.072452
v 0.204408 0.317088 -0.068426
v 0.006277 1.399453 -0.073714
v 0.201925 0.316700 -0.070125
v 0.003794 1.399065 -0.075413
v 0.199885 0.316392 -0.072195
v 0.001755 1.398757 -0.077483
v 0.198368 0.316176 -0.074557
v 0.000237 1.398540 -0.079845
v 0.197430 0.316060 -0.077120
v -0.000701 1.398425 -0.082408
v 0.197109 0.316049 -0.079785
v -0.001022 1.398414 -0.085073
v 0.197416 0.316143 -0.082450
v -0.000714 1.398508 -0.087739
v 0.198340 0.316339 -0.085013
v 0.000210 1.398704 -0.090302
v 0.199846 0.316628 -0.087375
v 0.001715 1.398993 -0.092663
v 0.201875 0.317001 -0.089445
v 0.003744 1.399366 -0.094734
v 0.204349 0.317442 -0.091144
v 0.006218 1.399807 -0.096433
v 0.207173 0.317935 -0.092407
v 0.009043 1.400300 -0.097695
v 0.210240 0.318460 -0.093184
v 0.012109 1.400825 -0.098473
vt 1.000000 0.500000
vt 1.000000 1.000000
vt 0.968750 1.000000
vt 0.968750 0.500000
vt 0.937500 1.000000
vt 0.937500 0.500000
vt 0.906250 1.000000
vt 0.906250 0.500000
vt 0.875000 1.000000
vt 0.875000 0.500000
vt 0.843750 1.000000
vt 0.843750 0.500000
vt 0.812500 1.000000
vt 0.812500 0.500000
vt 0.781250 1.000000
vt 0.781250 0.500000
vt 0.750000 1.000000
vt 0.750000 0.500000
vt 0.718750 1.000000
vt 0.718750 0.500000
vt 0.687500 1.000000
vt 0.687500 0.500000
vt 0.656250 1.000000
vt 0.656250 0.500000
vt 0.625000 1.000000
vt 0.625000 0.500000
vt 0.593750 1.000000
vt 0.593750 0.500000
vt 0.562500 1.000000
vt 0.562500 0.500000
vt 0.531250 1.000000
vt 0.531250 0.500000
vt 0.500000 1.000000
vt 0.500000 0.500000
vt 0.468750 1.000000
vt 0.468750 0.500000
vt 0.437500 1.000000
vt 0.437500 0.500000
vt 0.406250 1.000000
vt 0.406250 0.500000
vt 0.375000 1.000000
vt 0.375000 0.500000
vt 0.343750 1.000000
vt 0.343750 0.500000
vt 0.312500 1.000000
vt 0.312500 0.500000
vt 0.281250 1.000000
vt 0.281250 0.500000
vt 0.250000 1.000000
vt 0.250000 0.500000
vt 0.218750 1.000000
vt 0.218750 0.500000
vt 0.187500 1.000000
vt 0.187500 0.500000
vt 0.156250 1.000000
vt 0.156250 0.500000
vt 0.125000 1.000000
vt 0.125000 0.500000
vt 0.093750 1.000000
vt 0.093750 0.500000
vt 0.062500 1.000000
vt 0.062500 0.500000
vt 0.296822 0.485388
vt 0.250000 0.490000
vt 0.203178 0.485388
vt 0.158156 0.471731
vt 0.116663 0.449553
vt 0.080294 0.419706
vt 0.050447 0.383337
vt 0.028269 0.341844
vt 0.014612 0.296822
vt 0.010000 0.250000
vt 0.014612 0.203178
vt 0.028269 0.158156
vt 0.050447 0.116663
vt 0.080294 0.080294
vt 0.116663 0.050447
vt 0.158156 0.028269
vt 0.203178 0.014612
vt 0.250000 0.010000
vt 0.296822 0.014612
vt 0.341844 0.028269
vt 0.383337 0.050447
vt 0.419706 0.080294
vt 0.449553 0.116663
vt 0.471731 0.158156
vt 0.485388 0.203178
vt 0.490000 0.250000
vt 0.485388 0.296822
vt 0.471731 0.341844
vt 0.449553 0.383337
vt 0.419706 0.419706
vt 0.383337 0.449553
vt 0.341844 0.471731
vt 0.031250 1.000000
vt 0.031250 0.500000
vt 0.000000 1.000000
vt 0.000000 0.500000
vt 0.750000 0.490000
vt 0.796822 0.485388
vt 0.841844 0.471731
vt 0.883337 0.449553
vt 0.919706 0.419706
vt 0.949553 0.383337
vt 0.971731 0.341844
vt 0.985388 0.296822
vt 0.990000 0.250000
vt 0.985388 0.203178
vt 0.971731 0.158156
vt 0.949553 0.116663
vt 0.919706 0.080294
vt 0.883337 0.050447
vt 0.841844 0.028269
vt 0.796822 0.014612
vt 0.750000 0.010000
vt 0.703178 0.014612
vt 0.658156 0.028269
vt 0.616663 0.050447
vt 0.580294 0.080294
vt 0.550447 0.116663
vt 0.528269 0.158156
vt 0.514612 0.203178
vt 0.510000 0.250000
vt 0.514612 0.296822
vt 0.528269 0.341844
vt 0.550447 0.383337
vt 0.580294 0.419706
vt 0.616663 0.449553
vt 0.658156 0.471731
vt 0.703178 0.485388
vn 0.1136 -0.6758 -0.7282
vn -0.1150 0.6837 -0.7206
vn 0.0017 0.7039 -0.7103
vn 0.2285 -0.6555 -0.7197
vn 0.1180 0.7234 -0.6802
vn 0.3435 -0.6349 -0.6920
vn 0.2328 0.7421 -0.6285
vn 0.4578 -0.6141 -0.6428
vn 0.3435 0.7597 -0.5521
vn 0.5689 -0.5936 -0.5691
vn 0.4448 0.7753 -0.4484
vn 0.6716 -0.5746 -0.4677
vn 0.5286 0.7876 -0.3166
vn 0.7577 -0.5587 -0.3372
vn 0.5845 0.7954 -0.1606
vn 0.8166 -0.5481 -0.1812
vn 0.6035 0.7973 0.0097
vn 0.8385 -0.5448 -0.0095
vn 0.5821 0.7931 0.1794
vn 0.8195 -0.5495 0.1627
vn 0.5244 0.7833 0.3338
vn 0.7629 -0.5615 0.3203
vn 0.4397 0.7693 0.4634
vn 0.6782 -0.5787 0.4529
vn 0.3385 0.7526 0.5647
vn 0.5758 -0.5988 0.5566
vn 0.2287 0.7344 0.6390
vn 0.4641 -0.6202 0.6324
vn 0.1154 0.7153 0.6891
vn 0.3486 -0.6417 0.6831
vn 0.0010 0.6958 0.7182
vn 0.2318 -0.6630 0.7118
vn -0.1136 0.6758 0.7282
vn 0.1150 -0.6837 0.7206
vn -0.2285 0.6555 0.7197
vn -0.0017 -0.7039 0.7103
vn -0.3435 0.6349 0.6920
vn -0.1180 -0.7234 0.6802
vn -0.4578 0.6141 0.6428
vn -0.2328 -0.7422 0.6285
vn -0.5689 0.5936 0.5691
vn -0.3435 -0.7597 0.5521
vn -0.6716 0.5746 0.4677
vn -0.4448 -0.7753 0.4484
vn -0.7577 0.5587 0.3372
vn -0.5286 -0.7876 0.3166
vn -0.8165 0.5481 0.1812
vn -0.5845 -0.7953 0.1606
vn -0.8385 0.5448 0.0095
vn -0.6035 -0.7973 -0.0097
vn -0.8195 0.5495 -0.1627
vn -0.5821 -0.7931 -0.1794
vn -0.7629 0.5615 -0.3203
vn -0.5244 -0.7833 -0.3338
vn -0.6782 0.5787 -0.4529
vn -0.4397 -0.7693 -0.4634
vn -0.5758 0.5988 -0.5566
vn -0.3385 -0.7526 -0.5647
vn -0.4641 0.6202 -0.6324
vn -0.2287 -0.7344 -0.6390
vn -0.3486 0.6417 -0.6831
vn -0.1154 -0.7153 -0.6891
vn -0.2318 0.6630 -0.7118
vn -0.0010 -0.6958 -0.7182
usemtl Material.001
s 1
f 467/675/115 468/676/116 470/677/117 469/678/118
f 469/678/118 470/677/117 472/679/119 471/680/120
f 471/680/120 472/679/119 474/681/121 473/682/122
f 473/682/122 474/681/121 476/683/123 475/684/124
f 475/684/124 476/683/123 478/685/125 477/686/126
f 477/686/126 478/685/125 480/687/127 479/688/128
f 479/688/128 480/687/127 482/689/129 481/690/130
f 481/690/130 482/689/129 484/691/131 483/692/132
f 483/692/132 484/691/131 486/693/133 485/694/134
f 485/694/134 486/693/133 488/695/135 487/696/136
f 487/696/136 488/695/135 490/697/137 489/698/138
f 489/698/138 490/697/137 492/699/139 491/700/140
f 491/700/140 492/699/139 494/701/141 493/702/142
f 493/702/142 494/701/141 496/703/143 495/704/144
f 495/704/144 496/703/143 498/705/145 497/706/146
f 497/706/146 498/705/145 500/707/147 499/708/148
f 499/708/148 500/707/147 502/709/149 501/710/150
f 501/710/150 502/709/149 504/711/151 503/712/152
f 503/712/152 504/711/151 506/713/153 505/714/154
f 505/714/154 506/713/153 508/715/155 507/716/156
f 507/716/156 508/715/155 510/717/157 509/718/158
f 509/718/158 510/717/157 512/719/159 511/720/160
f 511/720/160 512/719/159 514/721/161 513/722/162
f 513/722/162 514/721/161 516/723/163 515/724/164
f 515/724/164 516/723/163 518/725/165 517/726/166
f 517/726/166 518/725/165 520/727/167 519/728/168
f 519/728/168 520/727/167 522/729/169 521/730/170
f 521/730/170 522/729/169 524/731/171 523/732/172
f 523/732/172 524/731/171 526/733/173 525/734/174
f 525/734/174 526/733/173 528/735/175 527/736/176
f 470/737/117 468/738/116 530/739/177 528/740/175 526/741/173 524/742/171 522/743/169 520/744/167 518/745/165 516/746/163 514/747/161 512/748/159 510/749/157 508/750/155 506/751/153 504/752/151 502/753/149 500/754/147 498/755/145 496/756/143 494/757/141 492/758/139 490/759/137 488/760/135 486/761/133 484/762/131 482/763/129 480/764/127 478/765/125 476/766/123 474/767/121 472/768/119
f 527/736/176 528/735/175 530/769/177 529/770/178
f 529/770/178 530/769/177 468/771/116 467/772/115
f 467/773/115 469/774/118 471/775/120 473/776/122 475/777/124 477/778/126 479/779/128 481/780/130 483/781/132 485/782/134 487/783/136 489/784/138 491/785/140 493/786/142 495/787/144 497/788/146 499/789/148 501/790/150 503/791/152 505/792/154 507/793/156 509/794/158 511/795/160 513/796/162 515/797/164 517/798/166 519/799/168 521/800/170 523/801/172 525/802/174 527/803/176 529/804/178
o Cylinder.002
v 0.213430 0.318998 -1.743157
v 0.015300 1.401363 -1.748445
v 0.216622 0.319528 -1.742894
v 0.018491 1.401893 -1.748183
v 0.219692 0.320029 -1.742117
v 0.021562 1.402394 -1.747406
v 0.222524 0.320482 -1.740855
v 0.024393 1.402847 -1.746143
v 0.225007 0.320871 -1.739156
v 0.026876 1.403235 -1.744444
v 0.227046 0.321179 -1.737085
v 0.028916 1.403543 -1.742374
v 0.228564 0.321395 -1.734723
v 0.030433 1.403759 -1.740012
v 0.229502 0.321510 -1.732160
v 0.031371 1.403875 -1.737449
v 0.229823 0.321522 -1.729495
v 0.031692 1.403886 -1.734784
v 0.229515 0.321427 -1.726830
v 0.031385 1.403792 -1.732118
v 0.228591 0.321232 -1.724267
v 0.030461 1.403597 -1.729556
v 0.227086 0.320942 -1.721905
v 0.028955 1.403307 -1.727194
v 0.225057 0.320570 -1.719835
v 0.026926 1.402934 -1.725123
v 0.222583 0.320128 -1.718136
v 0.024452 1.402493 -1.723424
v 0.219758 0.319636 -1.716873
v 0.021628 1.402000 -1.722162
v 0.216692 0.319110 -1.716096
v 0.018561 1.401475 -1.721384
v 0.213501 0.318572 -1.715833
v 0.015371 1.400937 -1.721122
v 0.210310 0.318043 -1.716096
v 0.012179 1.400407 -1.721384
v 0.207239 0.317541 -1.716873
v 0.009109 1.399906 -1.722162
v 0.204408 0.317088 -1.718136
v 0.006277 1.399453 -1.723424
v 0.201925 0.316700 -1.719835
v 0.003794 1.399065 -1.725123
v 0.199885 0.316392 -1.721905
v 0.001755 1.398757 -1.727194
v 0.198368 0.316176 -1.724267
v 0.000237 1.398540 -1.729556
v 0.197430 0.316060 -1.726830
v -0.000701 1.398425 -1.732118
v 0.197109 0.316049 -1.729495
v -0.001022 1.398414 -1.734784
v 0.197416 0.316143 -1.732160
v -0.000714 1.398508 -1.737449
v 0.198340 0.316339 -1.734723
v 0.000210 1.398704 -1.740012
v 0.199846 0.316628 -1.737085
v 0.001715 1.398993 -1.742374
v 0.201875 0.317001 -1.739156
v 0.003744 1.399366 -1.744444
v 0.204349 0.317442 -1.740855
v 0.006218 1.399807 -1.746143
v 0.207173 0.317935 -1.742117
v 0.009043 1.400300 -1.747406
v 0.210240 0.318460 -1.742894
v 0.012109 1.400825 -1.748183
vt 1.000000 0.500000
vt 1.000000 1.000000
vt 0.968750 1.000000
vt 0.968750 0.500000
vt 0.937500 1.000000
vt 0.937500 0.500000
vt 0.906250 1.000000
vt 0.906250 0.500000
vt 0.875000 1.000000
vt 0.875000 0.500000
vt 0.843750 1.000000
vt 0.843750 0.500000
vt 0.812500 1.000000
vt 0.812500 0.500000
vt 0.781250 1.000000
vt 0.781250 0.500000
vt 0.750000 1.000000
vt 0.750000 0.500000
vt 0.718750 1.000000
vt 0.718750 0.500000
vt 0.687500 1.000000
vt 0.687500 0.500000
vt 0.656250 1.000000
vt 0.656250 0.500000
vt 0.625000 1.000000
vt 0.625000 0.500000
vt 0.593750 1.000000
vt 0.593750 0.500000
vt 0.562500 1.000000
vt 0.562500 0.500000
vt 0.531250 1.000000
vt 0.531250 0.500000
vt 0.500000 1.000000
vt 0.500000 0.500000
vt 0.468750 1.000000
vt 0.468750 0.500000
vt 0.437500 1.000000
vt 0.437500 0.500000
vt 0.406250 1.000000
vt 0.406250 0.500000
vt 0.375000 1.000000
vt 0.375000 0.500000
vt 0.343750 1.000000
vt 0.343750 0.500000
vt 0.312500 1.000000
vt 0.312500 0.500000
vt 0.281250 1.000000
vt 0.281250 0.500000
vt 0.250000 1.000000
vt 0.250000 0.500000
vt 0.218750 1.000000
vt 0.218750 0.500000
vt 0.187500 1.000000
vt 0.187500 0.500000
vt 0.156250 1.000000
vt 0.156250 0.500000
vt 0.125000 1.000000
vt 0.125000 0.500000
vt 0.093750 1.000000
vt 0.093750 0.500000
vt 0.062500 1.000000
vt 0.062500 0.500000
vt 0.296822 0.485388
vt 0.250000 0.490000
vt 0.203178 0.485388
vt 0.158156 0.471731
vt 0.116663 0.449553
vt 0.080294 0.419706
vt 0.050447 0.383337
vt 0.028269 0.341844
vt 0.014612 0.296822
vt 0.010000 0.250000
vt 0.014612 0.203178
vt 0.028269 0.158156
vt 0.050447 0.116663
vt 0.080294 0.080294
vt 0.116663 0.050447
vt 0.158156 0.028269
vt 0.203178 0.014612
vt 0.250000 0.010000
vt 0.296822 0.014612
vt 0.341844 0.028269
vt 0.383337 0.050447
vt 0.419706 0.080294
vt 0.449553 0.116663
vt 0.471731 0.158156
vt 0.485388 0.203178
vt 0.490000 0.250000
vt 0.485388 0.296822
vt 0.471731 0.341844
vt 0.449553 0.383337
vt 0.419706 0.419706
vt 0.383337 0.449553
vt 0.341844 0.471731
vt 0.031250 1.000000
vt 0.031250 0.500000
vt 0.000000 1.000000
vt 0.000000 0.500000
vt 0.750000 0.490000
vt 0.796822 0.485388
vt 0.841844 0.471731
vt 0.883337 0.449553
vt 0.919706 0.419706
vt 0.949553 0.383337
vt 0.971731 0.341844
vt 0.985388 0.296822
vt 0.990000 0.250000
vt 0.985388 0.203178
vt 0.971731 0.158156
vt 0.949553 0.116663
vt 0.919706 0.080294
vt 0.883337 0.050447
vt 0.841844 0.028269
vt 0.796822 0.014612
vt 0.750000 0.010000
vt 0.703178 0.014612
vt 0.658156 0.028269
vt 0.616663 0.050447
vt 0.580294 0.080294
vt 0.550447 0.116663
vt 0.528269 0.158156
vt 0.514612 0.203178
vt 0.510000 0.250000
vt 0.514612 0.296822
vt 0.528269 0.341844
vt 0.550447 0.383337
vt 0.580294 0.419706
vt 0.616663 0.449553
vt 0.658156 0.471731
vt 0.703178 0.485388
vn 0.1136 -0.6758 -0.7282
vn -0.1150 0.6837 -0.7206
vn 0.0017 0.7039 -0.7103
vn 0.2285 -0.6555 -0.7197
vn 0.1180 0.7234 -0.6802
vn 0.3435 -0.6349 -0.6920
vn 0.2328 0.7422 -0.6285
vn 0.4578 -0.6141 -0.6429
vn 0.3435 0.7597 -0.5521
vn 0.5689 -0.5936 -0.5691
vn 0.4448 0.7753 -0.4484
vn 0.6716 -0.5746 -0.4677
vn 0.5286 0.7876 -0.3166
vn 0.7577 -0.5587 -0.3372
vn 0.5845 0.7954 -0.1605
vn 0.8166 -0.5481 -0.1812
vn 0.6035 0.7973 0.0097
vn 0.8385 -0.5448 -0.0095
vn 0.5821 0.7931 0.1794
vn 0.8195 -0.5495 0.1627
vn 0.5244 0.7833 0.3338
vn 0.7629 -0.5615 0.3203
vn 0.4397 0.7693 0.4634
vn 0.6782 -0.5787 0.4529
vn 0.3385 0.7526 0.5647
vn 0.5758 -0.5988 0.5567
vn 0.2287 0.7344 0.6390
vn 0.4641 -0.6202 0.6324
vn 0.1154 0.7153 0.6892
vn 0.3485 -0.6417 0.6831
vn 0.0010 0.6958 0.7183
vn 0.2318 -0.6630 0.7118
vn -0.1136 0.6758 0.7282
vn 0.1150 -0.6837 0.7206
vn -0.2285 0.6555 0.7197
vn -0.0017 -0.7039 0.7103
vn -0.3435 0.6349 0.6920
vn -0.1180 -0.7234 0.6802
vn -0.4578 0.6141 0.6428
vn -0.2328 -0.7422 0.6285
vn -0.5689 0.5936 0.5691
vn -0.3435 -0.7597 0.5521
vn -0.6716 0.5746 0.4677
vn -0.4448 -0.7753 0.4484
vn -0.7577 0.5587 0.3372
vn -0.5286 -0.7876 0.3166
vn -0.8165 0.5481 0.1812
vn -0.5845 -0.7954 0.1606
vn -0.8385 0.5448 0.0095
vn -0.6035 -0.7973 -0.0097
vn -0.8195 0.5495 -0.1627
vn -0.5821 -0.7931 -0.1794
vn -0.7629 0.5615 -0.3203
vn -0.5244 -0.7833 -0.3338
vn -0.6782 0.5787 -0.4529
vn -0.4397 -0.7693 -0.4634
vn -0.5758 0.5988 -0.5566
vn -0.3385 -0.7526 -0.5647
vn -0.4641 0.6202 -0.6324
vn -0.2287 -0.7344 -0.6390
vn -0.3486 0.6417 -0.6831
vn -0.1154 -0.7153 -0.6891
vn -0.2318 0.6630 -0.7118
vn -0.0010 -0.6958 -0.7182
usemtl Material.001
s 1
f 531/805/179 532/806/180 534/807/181 533/808/182
f 533/808/182 534/807/181 536/809/183 535/810/184
f 535/810/184 536/809/183 538/811/185 537/812/186
f 537/812/186 538/811/185 540/813/187 539/814/188
f 539/814/188 540/813/187 542/815/189 541/816/190
f 541/816/190 542/815/189 544/817/191 543/818/192
f 543/818/192 544/817/191 546/819/193 545/820/194
f 545/820/194 546/819/193 548/821/195 547/822/196
f 547/822/196 548/821/195 550/823/197 549/824/198
f 549/824/198 550/823/197 552/825/199 551/826/200
f 551/826/200 552/825/199 554/827/201 553/828/202
f 553/828/202 554/827/201 556/829/203 555/830/204
f 555/830/204 556/829/203 558/831/205 557/832/206
f 557/832/206 558/831/205 560/833/207 559/834/208
f 559/834/208 560/833/207 562/835/209 561/836/210
f 561/836/210 562/835/209 564/837/211 563/838/212
f 563/838/212 564/837/211 566/839/213 565/840/214
f 565/840/214 566/839/213 568/841/215 567/842/216
f 567/842/216 568/841/215 570/843/217 569/844/218
f 569/844/218 570/843/217 572/845/219 571/846/220
f 571/846/220 572/845/219 574/847/221 573/848/222
f 573/848/222 574/847/221 576/849/223 575/850/224
f 575/850/224 576/849/223 578/851/225 577/852/226
f 577/852/226 578/851/225 580/853/227 579/854/228
f 579/854/228 580/853/227 582/855/229 581/856/230
f 581/856/230 582/855/229 584/857/231 583/858/232
f 583/858/232 584/857/231 586/859/233 585/860/234
f 585/860/234 586/859/233 588/861/235 587/862/236
f 587/862/236 588/861/235 590/863/237 589/864/238
f 589/864/238 590/863/237 592/865/239 591/866/240
f 534/867/181 532/868/180 594/869/241 592/870/239 590/871/237 588/872/235 586/873/233 584/874/231 582/875/229 580/876/227 578/877/225 576/878/223 574/879/221 572/880/219 570/881/217 568/882/215 566/883/213 564/884/211 562/885/209 560/886/207 558/887/205 556/888/203 554/889/201 552/890/199 550/891/197 548/892/195 546/893/193 544/894/191 542/895/189 540/896/187 538/897/185 536/898/183
f 591/866/240 592/865/239 594/899/241 593/900/242
f 593/900/242 594/899/241 532/901/180 531/902/179
f 531/903/179 533/904/182 535/905/184 537/906/186 539/907/188 541/908/190 543/909/192 545/910/194 547/911/196 549/912/198 551/913/200 553/914/202 555/915/204 557/916/206 559/917/208 561/918/210 563/919/212 565/920/214 567/921/216 569/922/218 571/923/220 573/924/222 575/925/224 577/926/226 579/927/228 581/928/230 583/929/232 585/930/234 587/931/236 589/932/238 591/933/240 593/934/242
o Cylinder.003_Cylinder.006
v 0.017076 1.405085 -1.742782
v -0.139717 0.366491 -1.748861
v 0.013886 1.405623 -1.742519
v -0.142907 0.367029 -1.748598
v 0.010819 1.406149 -1.741742
v -0.145973 0.367555 -1.747821
v 0.007995 1.406642 -1.740480
v -0.148798 0.368048 -1.746558
v 0.005521 1.407083 -1.738780
v -0.151272 0.368490 -1.744859
v 0.003492 1.407456 -1.736710
v -0.153301 0.368862 -1.742789
v 0.001986 1.407746 -1.734348
v -0.154806 0.369152 -1.740427
v 0.001062 1.407941 -1.731786
v -0.155730 0.369348 -1.737864
v 0.000755 1.408036 -1.729120
v -0.156038 0.369442 -1.735199
v 0.001076 1.408025 -1.726455
v -0.155716 0.369431 -1.732534
v 0.002014 1.407909 -1.723892
v -0.154779 0.369315 -1.729971
v 0.003531 1.407692 -1.721530
v -0.153261 0.369099 -1.727609
v 0.005571 1.407384 -1.719460
v -0.151222 0.368791 -1.725538
v 0.008054 1.406996 -1.717761
v -0.148739 0.368402 -1.723840
v 0.010885 1.406542 -1.716498
v -0.145907 0.367949 -1.722577
v 0.013956 1.406041 -1.715721
v -0.142837 0.367447 -1.721800
v 0.017147 1.405510 -1.715459
v -0.139645 0.366917 -1.721537
v 0.020338 1.404972 -1.715721
v -0.136455 0.366379 -1.721800
v 0.023404 1.404446 -1.716498
v -0.133389 0.365853 -1.722577
v 0.026229 1.403953 -1.717761
v -0.130564 0.365360 -1.723840
v 0.028703 1.403512 -1.719460
v -0.128090 0.364919 -1.725538
v 0.030732 1.403139 -1.721530
v -0.126061 0.364546 -1.727609
v 0.032237 1.402849 -1.723892
v -0.124556 0.364256 -1.729971
v 0.033161 1.402654 -1.726455
v -0.123632 0.364060 -1.732534
v 0.033468 1.402559 -1.729120
v -0.123324 0.363966 -1.735199
v 0.033147 1.402570 -1.731786
v -0.123645 0.363977 -1.737864
v 0.032210 1.402686 -1.734348
v -0.124583 0.364093 -1.740427
v 0.030692 1.402903 -1.736710
v -0.126101 0.364309 -1.742789
v 0.028652 1.403211 -1.738780
v -0.128140 0.364617 -1.744859
v 0.026169 1.403599 -1.740480
v -0.130623 0.365006 -1.746558
v 0.023338 1.404053 -1.741742
v -0.133454 0.365460 -1.747821
v 0.020268 1.404554 -1.742519
v -0.136525 0.365961 -1.748598
vt 1.000000 0.500000
vt 1.000000 1.000000
vt 0.968750 1.000000
vt 0.968750 0.500000
vt 0.937500 1.000000
vt 0.937500 0.500000
vt 0.906250 1.000000
vt 0.906250 0.500000
vt 0.875000 1.000000
vt 0.875000 0.500000
vt 0.843750 1.000000
vt 0.843750 0.500000
vt 0.812500 1.000000
vt 0.812500 0.500000
vt 0.781250 1.000000
vt 0.781250 0.500000
vt 0.750000 1.000000
vt 0.750000 0.500000
vt 0.718750 1.000000
vt 0.718750 0.500000
vt 0.687500 1.000000
vt 0.687500 0.500000
vt 0.656250 1.000000
vt 0.656250 0.500000
vt 0.625000 1.000000
vt 0.625000 0.500000
vt 0.593750 1.000000
vt 0.593750 0.500000
vt 0.562500 1.000000
vt 0.562500 0.500000
vt 0.531250 1.000000
vt 0.531250 0.500000
vt 0.500000 1.000000
vt 0.500000 0.500000
vt 0.468750 1.000000
vt 0.468750 0.500000
vt 0.437500 1.000000
vt 0.437500 0.500000
vt 0.406250 1.000000
vt 0.406250 0.500000
vt 0.375000 1.000000
vt 0.375000 0.500000
vt 0.343750 1.000000
vt 0.343750 0.500000
vt 0.312500 1.000000
vt 0.312500 0.500000
vt 0.281250 1.000000
vt 0.281250 0.500000
vt 0.250000 1.000000
vt 0.250000 0.500000
vt 0.218750 1.000000
vt 0.218750 0.500000
vt 0.187500 1.000000
vt 0.187500 0.500000
vt 0.156250 1.000000
vt 0.156250 0.500000
vt 0.125000 1.000000
vt 0.125000 0.500000
vt 0.093750 1.000000
vt 0.093750 0.500000
vt 0.062500 1.000000
vt 0.062500 0.500000
vt 0.296822 0.485388
vt 0.250000 0.490000
vt 0.203178 0.485388
vt 0.158156 0.471731
vt 0.116663 0.449553
vt 0.080294 0.419706
vt 0.050447 0.383337
vt 0.028269 0.341844
vt 0.014612 0.296822
vt 0.010000 0.250000
vt 0.014612 0.203178
vt 0.028269 0.158156
vt 0.050447 0.116663
vt 0.080294 0.080294
vt 0.116663 0.050447
vt 0.158156 0.028269
vt 0.203178 0.014612
vt 0.250000 0.010000
vt 0.296822 0.014612
vt 0.341844 0.028269
vt 0.383337 0.050447
vt 0.419706 0.080294
vt 0.449553 0.116663
vt 0.471731 0.158156
vt 0.485388 0.203178
vt 0.490000 0.250000
vt 0.485388 0.296822
vt 0.471731 0.341844
vt 0.449553 0.383337
vt 0.419706 0.419706
vt 0.383337 0.449553
vt 0.341844 0.471731
vt 0.031250 1.000000
vt 0.031250 0.500000
vt 0.000000 1.000000
vt 0.000000 0.500000
vt 0.750000 0.490000
vt 0.796822 0.485388
vt 0.841844 0.471731
vt 0.883337 0.449553
vt 0.919706 0.419706
vt 0.949553 0.383337
vt 0.971731 0.341844
vt 0.985388 0.296822
vt 0.990000 0.250000
vt 0.985388 0.203178
vt 0.971731 0.158156
vt 0.949553 0.116663
vt 0.919706 0.080294
vt 0.883337 0.050447
vt 0.841844 0.028269
vt 0.796822 0.014612
vt 0.750000 0.010000
vt 0.703178 0.014612
vt 0.658156 0.028269
vt 0.616663 0.050447
vt 0.580294 0.080294
vt 0.550447 0.116663
vt 0.528269 0.158156
vt 0.514612 0.203178
vt 0.510000 0.250000
vt 0.514612 0.296822
vt 0.528269 0.341844
vt 0.550447 0.383337
vt 0.580294 0.419706
vt 0.616663 0.449553
vt 0.658156 0.471731
vt 0.703178 0.485388
vn 0.1126 0.6764 -0.7279
vn -0.1138 -0.6836 -0.7209
vn -0.2308 -0.6647 -0.7106
vn -0.0026 0.6945 -0.7194
vn -0.3471 -0.6453 -0.6805
vn -0.1180 0.7124 -0.6918
vn -0.4617 -0.6258 -0.6287
vn -0.2329 0.7299 -0.6427
vn -0.5721 -0.6064 -0.5522
vn -0.3446 0.7466 -0.5690
vn -0.6729 -0.5882 -0.4485
vn -0.4480 0.7620 -0.4676
vn -0.7561 -0.5727 -0.3167
vn -0.5346 0.7749 -0.3372
vn -0.8114 -0.5619 -0.1606
vn -0.5938 0.7839 -0.1812
vn -0.8300 -0.5577 0.0097
vn -0.6157 0.7879 -0.0095
vn -0.8083 -0.5607 0.1793
vn -0.5962 0.7861 0.1628
vn -0.7506 -0.5703 0.3337
vn -0.5390 0.7790 0.3205
vn -0.6660 -0.5847 0.4631
vn -0.4533 0.7676 0.4532
vn -0.5649 -0.6019 0.5644
vn -0.3498 0.7532 0.5570
vn -0.4552 -0.6204 0.6386
vn -0.2372 0.7371 0.6327
vn -0.3420 -0.6392 0.6888
vn -0.1208 0.7199 0.6835
vn -0.2275 -0.6579 0.7179
vn -0.0035 0.7020 0.7121
vn -0.1126 -0.6764 0.7279
vn 0.1138 0.6836 0.7209
vn 0.0026 -0.6945 0.7194
vn 0.2308 0.6647 0.7106
vn 0.1180 -0.7124 0.6918
vn 0.3471 0.6453 0.6805
vn 0.2329 -0.7299 0.6427
vn 0.4617 0.6258 0.6287
vn 0.3446 -0.7466 0.5690
vn 0.5721 0.6064 0.5522
vn 0.4480 -0.7620 0.4676
vn 0.6729 0.5882 0.4485
vn 0.5347 -0.7749 0.3372
vn 0.7561 0.5727 0.3167
vn 0.5938 -0.7839 0.1812
vn 0.8114 0.5619 0.1606
vn 0.6157 -0.7879 0.0095
vn 0.8300 0.5577 -0.0096
vn 0.5962 -0.7861 -0.1628
vn 0.8083 0.5607 -0.1793
vn 0.5389 -0.7790 -0.3205
vn 0.7506 0.5703 -0.3337
vn 0.4532 -0.7676 -0.4532
vn 0.6660 0.5847 -0.4631
vn 0.3498 -0.7533 -0.5570
vn 0.5649 0.6019 -0.5644
vn 0.2372 -0.7371 -0.6327
vn 0.4552 0.6204 -0.6386
vn 0.1209 -0.7199 -0.6835
vn 0.3420 0.6392 -0.6888
vn 0.0035 -0.7020 -0.7121
vn 0.2275 0.6579 -0.7179
usemtl Material.001
s 1
f 595/935/243 596/936/244 598/937/245 597/938/246
f 597/938/246 598/937/245 600/939/247 599/940/248
f 599/940/248 600/939/247 602/941/249 601/942/250
f 601/942/250 602/941/249 604/943/251 603/944/252
f 603/944/252 604/943/251 606/945/253 605/946/254
f 605/946/254 606/945/253 608/947/255 607/948/256
f 607/948/256 608/947/255 610/949/257 609/950/258
f 609/950/258 610/949/257 612/951/259 611/952/260
f 611/952/260 612/951/259 614/953/261 613/954/262
f 613/954/262 614/953/261 616/955/263 615/956/264
f 615/956/264 616/955/263 618/957/265 617/958/266
f 617/958/266 618/957/265 620/959/267 619/960/268
f 619/960/268 620/959/267 622/961/269 621/962/270
f 621/962/270 622/961/269 624/963/271 623/964/272
f 623/964/272 624/963/271 626/965/273 625/966/274
f 625/966/274 626/965/273 628/967/275 627/968/276
f 627/968/276 628/967/275 630/969/277 629/970/278
f 629/970/278 630/969/277 632/971/279 631/972/280
f 631/972/280 632/971/279 634/973/281 633/974/282
f 633/974/282 634/973/281 636/975/283 635/976/284
f 635/976/284 636/975/283 638/977/285 637/978/286
f 637/978/286 638/977/285 640/979/287 639/980/288
f 639/980/288 640/979/287 642/981/289 641/982/290
f 641/982/290 642/981/289 644/983/291 643/984/292
f 643/984/292 644/983/291 646/985/293 645/986/294
f 645/986/294 646/985/293 648/987/295 647/988/296
f 647/988/296 648/987/295 650/989/297 649/990/298
f 649/990/298 650/989/297 652/991/299 651/992/300
f 651/992/300 652/991/299 654/993/301 653/994/302
f 653/994/302 654/993/301 656/995/303 655/996/304
f 598/997/245 596/998/244 658/999/305 656/1000/303 654/1001/301 652/1002/299 650/1003/297 648/1004/295 646/1005/293 644/1006/291 642/1007/289 640/1008/287 638/1009/285 636/1010/283 634/1011/281 632/1012/279 630/1013/277 628/1014/275 626/1015/273 624/1016/271 622/1017/269 620/1018/267 618/1019/265 616/1020/263 614/1021/261 612/1022/259 610/1023/257 608/1024/255 606/1025/253 604/1026/251 602/1027/249 600/1028/247
f 655/996/304 656/995/303 658/1029/305 657/1030/306
f 657/1030/306 658/1029/305 596/1031/244 595/1032/243
f 595/1033/243 597/1034/246 599/1035/248 601/1036/250 603/1037/252 605/1038/254 607/1039/256 609/1040/258 611/1041/260 613/1042/262 615/1043/264 617/1044/266 619/1045/268 621/1046/270 623/1047/272 625/1048/274 627/1049/276 629/1050/278 631/1051/280 633/1052/282 635/1053/284 637/1054/286 639/1055/288 641/1056/290 643/1057/292 645/1058/294 647/1059/296 649/1060/298 651/1061/300 653/1062/302 655/1063/304 657/1064/306
o Cylinder.004_Cylinder.008
v 0.017076 1.405085 -0.093072
v -0.139717 0.366491 -0.099150
v 0.013886 1.405623 -0.092809
v -0.142907 0.367029 -0.098888
v 0.010819 1.406149 -0.092032
v -0.145973 0.367555 -0.098110
v 0.007995 1.406642 -0.090769
v -0.148798 0.368048 -0.096848
v 0.005521 1.407083 -0.089070
v -0.151272 0.368490 -0.095149
v 0.003492 1.407456 -0.087000
v -0.153301 0.368862 -0.093079
v 0.001986 1.407746 -0.084638
v -0.154806 0.369152 -0.090717
v 0.001062 1.407941 -0.082075
v -0.155730 0.369348 -0.088154
v 0.000755 1.408036 -0.079410
v -0.156038 0.369442 -0.085489
v 0.001076 1.408025 -0.076745
v -0.155716 0.369431 -0.082823
v 0.002014 1.407909 -0.074182
v -0.154779 0.369315 -0.080260
v 0.003531 1.407692 -0.071820
v -0.153261 0.369099 -0.077898
v 0.005571 1.407384 -0.069750
v -0.151222 0.368791 -0.075828
v 0.008054 1.406996 -0.068051
v -0.148739 0.368402 -0.074129
v 0.010885 1.406542 -0.066788
v -0.145907 0.367949 -0.072867
v 0.013956 1.406041 -0.066011
v -0.142837 0.367447 -0.072089
v 0.017147 1.405510 -0.065748
v -0.139645 0.366917 -0.071827
v 0.020338 1.404972 -0.066011
v -0.136455 0.366379 -0.072089
v 0.023404 1.404446 -0.066788
v -0.133389 0.365853 -0.072867
v 0.026229 1.403953 -0.068051
v -0.130564 0.365360 -0.074129
v 0.028703 1.403512 -0.069750
v -0.128090 0.364919 -0.075828
v 0.030732 1.403139 -0.071820
v -0.126061 0.364546 -0.077898
v 0.032237 1.402849 -0.074182
v -0.124556 0.364256 -0.080260
v 0.033161 1.402654 -0.076745
v -0.123632 0.364060 -0.082823
v 0.033468 1.402559 -0.079410
v -0.123324 0.363966 -0.085489
v 0.033147 1.402570 -0.082075
v -0.123645 0.363977 -0.088154
v 0.032210 1.402686 -0.084638
v -0.124583 0.364093 -0.090717
v 0.030692 1.402903 -0.087000
v -0.126101 0.364309 -0.093079
v 0.028652 1.403211 -0.089070
v -0.128140 0.364617 -0.095149
v 0.026169 1.403599 -0.090769
v -0.130623 0.365006 -0.096848
v 0.023338 1.404053 -0.092032
v -0.133454 0.365460 -0.098110
v 0.020268 1.404554 -0.092809
v -0.136525 0.365961 -0.098888
vt 1.000000 0.500000
vt 1.000000 1.000000
vt 0.968750 1.000000
vt 0.968750 0.500000
vt 0.937500 1.000000
vt 0.937500 0.500000
vt 0.906250 1.000000
vt 0.906250 0.500000
vt 0.875000 1.000000
vt 0.875000 0.500000
vt 0.843750 1.000000
vt 0.843750 0.500000
vt 0.812500 1.000000
vt 0.812500 0.500000
vt 0.781250 1.000000
vt 0.781250 0.500000
vt 0.750000 1.000000
vt 0.750000 0.500000
vt 0.718750 1.000000
vt 0.718750 0.500000
vt 0.687500 1.000000
vt 0.687500 0.500000
vt 0.656250 1.000000
vt 0.656250 0.500000
vt 0.625000 1.000000
vt 0.625000 0.500000
vt 0.593750 1.000000
vt 0.593750 0.500000
vt 0.562500 1.000000
vt 0.562500 0.500000
vt 0.531250 1.000000
vt 0.531250 0.500000
vt 0.500000 1.000000
vt 0.500000 0.500000
vt 0.468750 1.000000
vt 0.468750 0.500000
vt 0.437500 1.000000
vt 0.437500 0.500000
vt 0.406250 1.000000
vt 0.406250 0.500000
vt 0.375000 1.000000
vt 0.375000 0.500000
vt 0.343750 1.000000
vt 0.343750 0.500000
vt 0.312500 1.000000
vt 0.312500 0.500000
vt 0.281250 1.000000
vt 0.281250 0.500000
vt 0.250000 1.000000
vt 0.250000 0.500000
vt 0.218750 1.000000
vt 0.218750 0.500000
vt 0.187500 1.000000
vt 0.187500 0.500000
vt 0.156250 1.000000
vt 0.156250 0.500000
vt 0.125000 1.000000
vt 0.125000 0.500000
vt 0.093750 1.000000
vt 0.093750 0.500000
vt 0.062500 1.000000
vt 0.062500 0.500000
vt 0.296822 0.485388
vt 0.250000 0.490000
vt 0.203178 0.485388
vt 0.158156 0.471731
vt 0.116663 0.449553
vt 0.080294 0.419706
vt 0.050447 0.383337
vt 0.028269 0.341844
vt 0.014612 0.296822
vt 0.010000 0.250000
vt 0.014612 0.203178
vt 0.028269 0.158156
vt 0.050447 0.116663
vt 0.080294 0.080294
vt 0.116663 0.050447
vt 0.158156 0.028269
vt 0.203178 0.014612
vt 0.250000 0.010000
vt 0.296822 0.014612
vt 0.341844 0.028269
vt 0.383337 0.050447
vt 0.419706 0.080294
vt 0.449553 0.116663
vt 0.471731 0.158156
vt 0.485388 0.203178
vt 0.490000 0.250000
vt 0.485388 0.296822
vt 0.471731 0.341844
vt 0.449553 0.383337
vt 0.419706 0.419706
vt 0.383337 0.449553
vt 0.341844 0.471731
vt 0.031250 1.000000
vt 0.031250 0.500000
vt 0.000000 1.000000
vt 0.000000 0.500000
vt 0.750000 0.490000
vt 0.796822 0.485388
vt 0.841844 0.471731
vt 0.883337 0.449553
vt 0.919706 0.419706
vt 0.949553 0.383337
vt 0.971731 0.341844
vt 0.985388 0.296822
vt 0.990000 0.250000
vt 0.985388 0.203178
vt 0.971731 0.158156
vt 0.949553 0.116663
vt 0.919706 0.080294
vt 0.883337 0.050447
vt 0.841844 0.028269
vt 0.796822 0.014612
vt 0.750000 0.010000
vt 0.703178 0.014612
vt 0.658156 0.028269
vt 0.616663 0.050447
vt 0.580294 0.080294
vt 0.550447 0.116663
vt 0.528269 0.158156
vt 0.514612 0.203178
vt 0.510000 0.250000
vt 0.514612 0.296822
vt 0.528269 0.341844
vt 0.550447 0.383337
vt 0.580294 0.419706
vt 0.616663 0.449553
vt 0.658156 0.471731
vt 0.703178 0.485388
vn 0.1126 0.6764 -0.7279
vn -0.1138 -0.6836 -0.7209
vn -0.2308 -0.6647 -0.7106
vn -0.0026 0.6945 -0.7194
vn -0.3471 -0.6453 -0.6805
vn -0.1180 0.7124 -0.6918
vn -0.4617 -0.6258 -0.6286
vn -0.2329 0.7299 -0.6427
vn -0.5721 -0.6064 -0.5522
vn -0.3446 0.7466 -0.5690
vn -0.6729 -0.5882 -0.4485
vn -0.4480 0.7620 -0.4676
vn -0.7561 -0.5727 -0.3167
vn -0.5347 0.7749 -0.3372
vn -0.8114 -0.5619 -0.1606
vn -0.5938 0.7839 -0.1812
vn -0.8300 -0.5577 0.0096
vn -0.6157 0.7879 -0.0095
vn -0.8083 -0.5607 0.1793
vn -0.5962 0.7861 0.1628
vn -0.7506 -0.5703 0.3337
vn -0.5390 0.7790 0.3205
vn -0.6660 -0.5847 0.4631
vn -0.4532 0.7676 0.4532
vn -0.5649 -0.6019 0.5644
vn -0.3498 0.7532 0.5570
vn -0.4552 -0.6204 0.6386
vn -0.2372 0.7371 0.6327
vn -0.3420 -0.6392 0.6888
vn -0.1209 0.7199 0.6835
vn -0.2275 -0.6579 0.7179
vn -0.0035 0.7020 0.7121
vn -0.1126 -0.6764 0.7279
vn 0.1138 0.6836 0.7209
vn 0.0026 -0.6945 0.7194
vn 0.2308 0.6647 0.7106
vn 0.1180 -0.7124 0.6918
vn 0.3471 0.6453 0.6805
vn 0.2329 -0.7299 0.6427
vn 0.4617 0.6258 0.6286
vn 0.3446 -0.7466 0.5690
vn 0.5721 0.6064 0.5522
vn 0.4480 -0.7620 0.4676
vn 0.6729 0.5882 0.4485
vn 0.5347 -0.7749 0.3372
vn 0.7561 0.5727 0.3167
vn 0.5938 -0.7839 0.1812
vn 0.8114 0.5619 0.1606
vn 0.6157 -0.7879 0.0095
vn 0.8300 0.5577 -0.0096
vn 0.5962 -0.7861 -0.1628
vn 0.8083 0.5607 -0.1793
vn 0.5390 -0.7790 -0.3205
vn 0.7506 0.5703 -0.3337
vn 0.4533 -0.7676 -0.4532
vn 0.6660 0.5847 -0.4631
vn 0.3498 -0.7532 -0.5570
vn 0.5649 0.6019 -0.5644
vn 0.2372 -0.7371 -0.6327
vn 0.4552 0.6204 -0.6386
vn 0.1209 -0.7199 -0.6835
vn 0.3420 0.6392 -0.6888
vn 0.0035 -0.7020 -0.7121
vn 0.2275 0.6579 -0.7179
usemtl Material.001
s 1
f 659/1065/307 660/1066/308 662/1067/309 661/1068/310
f 661/1068/310 662/1067/309 664/1069/311 663/1070/312
f 663/1070/312 664/1069/311 666/1071/313 665/1072/314
f 665/1072/314 666/1071/313 668/1073/315 667/1074/316
f 667/1074/316 668/1073/315 670/1075/317 669/1076/318
f 669/1076/318 670/1075/317 672/1077/319 671/1078/320
f 671/1078/320 672/1077/319 674/1079/321 673/1080/322
f 673/1080/322 674/1079/321 676/1081/323 675/1082/324
f 675/1082/324 676/1081/323 678/1083/325 677/1084/326
f 677/1084/326 678/1083/325 680/1085/327 679/1086/328
f 679/1086/328 680/1085/327 682/1087/329 681/1088/330
f 681/1088/330 682/1087/329 684/1089/331 683/1090/332
f 683/1090/332 684/1089/331 686/1091/333 685/1092/334
f 685/1092/334 686/1091/333 688/1093/335 687/1094/336
f 687/1094/336 688/1093/335 690/1095/337 689/1096/338
f 689/1096/338 690/1095/337 692/1097/339 691/1098/340
f 691/1098/340 692/1097/339 694/1099/341 693/1100/342
f 693/1100/342 694/1099/341 696/1101/343 695/1102/344
f 695/1102/344 696/1101/343 698/1103/345 697/1104/346
f 697/1104/346 698/1103/345 700/1105/347 699/1106/348
f 699/1106/348 700/1105/347 702/1107/349 701/1108/350
f 701/1108/350 702/1107/349 704/1109/351 703/1110/352
f 703/1110/352 704/1109/351 706/1111/353 705/1112/354
f 705/1112/354 706/1111/353 708/1113/355 707/1114/356
f 707/1114/356 708/1113/355 710/1115/357 709/1116/358
f 709/1116/358 710/1115/357 712/1117/359 711/1118/360
f 711/1118/360 712/1117/359 714/1119/361 713/1120/362
f 713/1120/362 714/1119/361 716/1121/363 715/1122/364
f 715/1122/364 716/1121/363 718/1123/365 717/1124/366
f 717/1124/366 718/1123/365 720/1125/367 719/1126/368
f 662/1127/309 660/1128/308 722/1129/369 720/1130/367 718/1131/365 716/1132/363 714/1133/361 712/1134/359 710/1135/357 708/1136/355 706/1137/353 704/1138/351 702/1139/349 700/1140/347 698/1141/345 696/1142/343 694/1143/341 692/1144/339 690/1145/337 688/1146/335 686/1147/333 684/1148/331 682/1149/329 680/1150/327 678/1151/325 676/1152/323 674/1153/321 672/1154/319 670/1155/317 668/1156/315 666/1157/313 664/1158/311
f 719/1126/368 720/1125/367 722/1159/369 721/1160/370
f 721/1160/370 722/1159/369 660/1161/308 659/1162/307
f 659/1163/307 661/1164/310 663/1165/312 665/1166/314 667/1167/316 669/1168/318 671/1169/320 673/1170/322 675/1171/324 677/1172/326 679/1173/328 681/1174/330 683/1175/332 685/1176/334 687/1177/336 689/1178/338 691/1179/340 693/1180/342 695/1181/344 697/1182/346 699/1183/348 701/1184/350 703/1185/352 705/1186/354 707/1187/356 709/1188/358 711/1189/360 713/1190/362 715/1191/364 717/1192/366 719/1193/368 721/1194/370
o NurbsPath_NurbsPath.001
v -2.000000 0.000000 0.000000
v -1.914894 0.000000 0.000000
v -1.829787 0.000000 0.000000
v -1.744681 0.000000 0.000000
v -1.659575 0.000000 0.000000
v -1.574468 0.000000 0.000000
v -1.489362 0.000000 0.000000
v -1.404256 0.000000 0.000000
v -1.319149 0.000000 0.000000
v -1.234043 0.000000 0.000000
v -1.148936 0.000000 0.000000
v -1.063830 0.000000 0.000000
v -0.978724 0.000000 0.000000
v -0.893617 0.000000 0.000000
v -0.808511 0.000000 0.000000
v -0.723404 0.000000 0.000000
v -0.638298 0.000000 0.000000
v -0.553192 0.000000 0.000000
v -0.468085 0.000000 0.000000
v -0.382979 0.000000 0.000000
v -0.297873 0.000000 0.000000
v -0.212766 0.000000 0.000000
v -0.127660 0.000000 0.000000
v -0.042553 0.000000 0.000000
v 0.042553 0.000000 0.000000
v 0.127660 0.000000 0.000000
v 0.212766 0.000000 0.000000
v 0.297872 0.000000 0.000000
v 0.382979 0.000000 0.000000
v 0.468085 0.000000 0.000000
v 0.553191 0.000000 0.000000
v 0.638298 0.000000 0.000000
v 0.723404 0.000000 0.000000
v 0.808511 0.000000 0.000000
v 0.893617 0.000000 0.000000
v 0.978723 0.000000 0.000000
v 1.063830 0.000000 0.000000
v 1.148936 0.000000 0.000000
v 1.234042 0.000000 0.000000
v 1.319149 0.000000 0.000000
v 1.404255 0.000000 0.000000
v 1.489361 0.000000 0.000000
v 1.574468 0.000000 0.000000
v 1.659574 0.000000 0.000000
v 1.744681 0.000000 0.000000
v 1.829787 0.000000 0.000000
v 1.914893 0.000000 0.000000
v 2.000000 0.000000 0.000000
l 723 724
l 724 725
l 725 726
l 726 727
l 727 728
l 728 729
l 729 730
l 730 731
l 731 732
l 732 733
l 733 734
l 734 735
l 735 736
l 736 737
l 737 738
l 738 739
l 739 740
l 740 741
l 741 742
l 742 743
l 743 744
l 744 745
l 745 746
l 746 747
l 747 748
l 748 749
l 749 750
l 750 751
l 751 752
l 752 753
l 753 754
l 754 755
l 755 756
l 756 757
l 757 758
l 758 759
l 759 760
l 760 761
l 761 762
l 762 763
l 763 764
l 764 765
l 765 766
l 766 767
l 767 768
l 768 769
l 769 770
o Torus.001_Torus.007
v 0.022691 1.352202 -0.064381
v 0.021788 1.352435 -0.063676
v 0.021127 1.353071 -0.063160
v 0.020884 1.353939 -0.062971
v 0.021127 1.354807 -0.063160
v 0.021788 1.355443 -0.063676
v 0.022691 1.355676 -0.064381
v 0.023594 1.355443 -0.065086
v 0.024256 1.354807 -0.065601
v 0.024498 1.353939 -0.065790
v 0.024256 1.353071 -0.065601
v 0.023594 1.352435 -0.065086
v 0.027674 1.354746 -0.057994
v 0.026638 1.354910 -0.057460
v 0.025611 1.355360 -0.057412
v 0.024871 1.355974 -0.057862
v 0.024615 1.356588 -0.058689
v 0.024911 1.357037 -0.059673
v 0.025681 1.357202 -0.060548
v 0.026718 1.357037 -0.061082
v 0.027744 1.356588 -0.061130
v 0.028484 1.355974 -0.060681
v 0.028741 1.355360 -0.059853
v 0.028444 1.354910 -0.058869
v 0.029738 1.369429 -0.055348
v 0.028646 1.369429 -0.054885
v 0.027469 1.369429 -0.055031
v 0.026522 1.369429 -0.055745
v 0.026060 1.369429 -0.056837
v 0.026205 1.369429 -0.058014
v 0.026920 1.369429 -0.058961
v 0.028012 1.369429 -0.059424
v 0.029189 1.369429 -0.059278
v 0.030136 1.369429 -0.058564
v 0.030598 1.369429 -0.057472
v 0.030453 1.369429 -0.056295
v 0.027674 1.375570 -0.057994
v 0.026638 1.375405 -0.057460
v 0.025611 1.374956 -0.057412
v 0.024871 1.374342 -0.057862
v 0.024615 1.373728 -0.058689
v 0.024911 1.373278 -0.059673
v 0.025681 1.373114 -0.060548
v 0.026718 1.373278 -0.061082
v 0.027744 1.373728 -0.061130
v 0.028484 1.374342 -0.060681
v 0.028741 1.374956 -0.059853
v 0.028444 1.375405 -0.058869
v 0.022691 1.378113 -0.064381
v 0.021788 1.377881 -0.063676
v 0.021127 1.377245 -0.063160
v 0.020884 1.376377 -0.062971
v 0.021127 1.375508 -0.063160
v 0.021788 1.374872 -0.063676
v 0.022691 1.374640 -0.064381
v 0.023594 1.374872 -0.065086
v 0.024256 1.375508 -0.065601
v 0.024498 1.376377 -0.065790
v 0.024256 1.377245 -0.065601
v 0.023594 1.377881 -0.065086
v 0.017708 1.375570 -0.070768
v 0.016938 1.375405 -0.069892
v 0.016642 1.374956 -0.068909
v 0.016898 1.374342 -0.068081
v 0.017638 1.373728 -0.067631
v 0.018664 1.373278 -0.067680
v 0.019701 1.373114 -0.068213
v 0.020471 1.373278 -0.069089
v 0.020767 1.373728 -0.070073
v 0.020511 1.374342 -0.070900
v 0.019771 1.374956 -0.071350
v 0.018745 1.375405 -0.071302
v 0.015644 1.360886 -0.073414
v 0.014929 1.360886 -0.072467
v 0.014784 1.360886 -0.071290
v 0.015247 1.360886 -0.070198
v 0.016193 1.360886 -0.069483
v 0.017370 1.360886 -0.069338
v 0.018463 1.360886 -0.069801
v 0.019177 1.360886 -0.070747
v 0.019322 1.360886 -0.071925
v 0.018860 1.360886 -0.073017
v 0.017913 1.360886 -0.073731
v 0.016736 1.360886 -0.073877
v 0.017708 1.354746 -0.070768
v 0.016938 1.354910 -0.069892
v 0.016642 1.355360 -0.068909
v 0.016898 1.355974 -0.068081
v 0.017638 1.356588 -0.067631
v 0.018664 1.357037 -0.067680
v 0.019701 1.357202 -0.068213
v 0.020471 1.357037 -0.069089
v 0.020767 1.356588 -0.070073
v 0.020511 1.355974 -0.070900
v 0.019771 1.355360 -0.071350
v 0.018745 1.354910 -0.071302
v 0.029738 1.360886 -0.055348
v 0.028646 1.360886 -0.054885
v 0.027469 1.360886 -0.055031
v 0.026522 1.360886 -0.055745
v 0.026060 1.360886 -0.056837
v 0.026205 1.360886 -0.058014
v 0.026920 1.360886 -0.058961
v 0.028012 1.360886 -0.059424
v 0.029189 1.360886 -0.059278
v 0.030136 1.360886 -0.058564
v 0.030598 1.360886 -0.057472
v 0.030453 1.360886 -0.056295
v 0.015644 1.369429 -0.073414
v 0.014929 1.369429 -0.072467
v 0.016193 1.369429 -0.069483
v 0.017370 1.369429 -0.069338
v 0.018463 1.369429 -0.069801
v 0.019177 1.369429 -0.070747
v 0.019322 1.369429 -0.071925
v 0.018860 1.369429 -0.073017
v 0.017913 1.369429 -0.073731
v 0.016736 1.369429 -0.073877
v 0.014784 1.369429 -0.071290
v 0.015247 1.369429 -0.070198
v 0.022691 1.398314 -0.064238
v 0.023837 1.398546 -0.064238
v 0.024675 1.399182 -0.064238
v 0.024982 1.400050 -0.064238
v 0.024675 1.400919 -0.064238
v 0.023837 1.401554 -0.064238
v 0.022691 1.401787 -0.064238
v 0.021545 1.401554 -0.064238
v 0.020707 1.400919 -0.064238
v 0.020400 1.400050 -0.064238
v 0.020707 1.399182 -0.064238
v 0.021545 1.398546 -0.064238
v 0.022691 1.400857 -0.072339
v 0.023837 1.401022 -0.072122
v 0.024675 1.401471 -0.071529
v 0.024982 1.402085 -0.070719
v 0.024675 1.402699 -0.069909
v 0.023837 1.403149 -0.069316
v 0.022691 1.403313 -0.069099
v 0.021545 1.403149 -0.069316
v 0.020707 1.402699 -0.069909
v 0.020400 1.402085 -0.070719
v 0.020707 1.401471 -0.071529
v 0.021545 1.401022 -0.072122
v 0.022691 1.415541 -0.075695
v 0.023837 1.415541 -0.075388
v 0.024675 1.415541 -0.074549
v 0.024982 1.415541 -0.073404
v 0.024675 1.415541 -0.072258
v 0.023837 1.415541 -0.071419
v 0.022691 1.415541 -0.071112
v 0.021545 1.415541 -0.071419
v 0.020707 1.415541 -0.072258
v 0.020400 1.415541 -0.073404
v 0.020707 1.415541 -0.074549
v 0.021545 1.415541 -0.075388
v 0.022691 1.421681 -0.072339
v 0.023837 1.421517 -0.072122
v 0.024675 1.421067 -0.071529
v 0.024982 1.420453 -0.070719
v 0.024675 1.419839 -0.069909
v 0.023837 1.419390 -0.069316
v 0.022691 1.419225 -0.069099
v 0.021545 1.419390 -0.069316
v 0.020707 1.419839 -0.069909
v 0.020400 1.420453 -0.070719
v 0.020707 1.421067 -0.071529
v 0.021545 1.421517 -0.072122
v 0.022691 1.424225 -0.064238
v 0.023837 1.423992 -0.064238
v 0.024675 1.423356 -0.064238
v 0.024982 1.422488 -0.064238
v 0.024675 1.421620 -0.064238
v 0.023837 1.420984 -0.064238
v 0.022691 1.420751 -0.064238
v 0.021545 1.420984 -0.064238
v 0.020707 1.421620 -0.064238
v 0.020400 1.422488 -0.064238
v 0.020707 1.423356 -0.064238
v 0.021545 1.423992 -0.064238
v 0.022691 1.421681 -0.056137
v 0.023837 1.421517 -0.056354
v 0.024675 1.421067 -0.056947
v 0.024982 1.420453 -0.057757
v 0.024675 1.419839 -0.058567
v 0.023837 1.419390 -0.059160
v 0.022691 1.419225 -0.059377
v 0.021545 1.419390 -0.059160
v 0.020707 1.419839 -0.058567
v 0.020400 1.420453 -0.057757
v 0.020707 1.421067 -0.056947
v 0.021545 1.421517 -0.056354
v 0.022691 1.406997 -0.052781
v 0.023837 1.406997 -0.053088
v 0.024675 1.406997 -0.053927
v 0.024982 1.406997 -0.055073
v 0.024675 1.406997 -0.056218
v 0.023837 1.406997 -0.057057
v 0.022691 1.406997 -0.057364
v 0.021545 1.406997 -0.057057
v 0.020707 1.406997 -0.056218
v 0.020400 1.406997 -0.055073
v 0.020707 1.406997 -0.053927
v 0.021545 1.406997 -0.053088
v 0.022691 1.400857 -0.056137
v 0.023837 1.401022 -0.056354
v 0.024675 1.401471 -0.056947
v 0.024982 1.402085 -0.057757
v 0.024675 1.402699 -0.058567
v 0.023837 1.403149 -0.059160
v 0.022691 1.403313 -0.059377
v 0.021545 1.403149 -0.059160
v 0.020707 1.402699 -0.058567
v 0.020400 1.402085 -0.057757
v 0.020707 1.401471 -0.056947
v 0.021545 1.401022 -0.056354
v 0.022691 1.406997 -0.075695
v 0.023837 1.406997 -0.075388
v 0.024675 1.406997 -0.074549
v 0.024982 1.406997 -0.073404
v 0.024675 1.406997 -0.072258
v 0.023837 1.406997 -0.071419
v 0.022691 1.406997 -0.071112
v 0.021545 1.406997 -0.071419
v 0.020707 1.406997 -0.072258
v 0.020400 1.406997 -0.073404
v 0.020707 1.406997 -0.074549
v 0.021545 1.406997 -0.075388
v 0.022691 1.415541 -0.052781
v 0.023837 1.415541 -0.053088
v 0.024675 1.415541 -0.056218
v 0.023837 1.415541 -0.057057
v 0.022691 1.415541 -0.057364
v 0.021545 1.415541 -0.057057
v 0.020707 1.415541 -0.056218
v 0.020400 1.415541 -0.055073
v 0.020707 1.415541 -0.053927
v 0.021545 1.415541 -0.053088
v 0.024675 1.415541 -0.053927
v 0.024982 1.415541 -0.055073
v 0.022691 1.383324 -0.064238
v 0.023682 1.383556 -0.064813
v 0.024407 1.384192 -0.065234
v 0.024673 1.385061 -0.065388
v 0.024407 1.385929 -0.065234
v 0.023682 1.386565 -0.064813
v 0.022691 1.386797 -0.064238
v 0.021700 1.386565 -0.063663
v 0.020975 1.385929 -0.063242
v 0.020709 1.385061 -0.063088
v 0.020975 1.384192 -0.063242
v 0.021700 1.383556 -0.063663
v 0.018624 1.385867 -0.071244
v 0.019724 1.386032 -0.071632
v 0.020747 1.386481 -0.071540
v 0.021419 1.387095 -0.070993
v 0.021560 1.387709 -0.070139
v 0.021133 1.388159 -0.069205
v 0.020251 1.388323 -0.068442
v 0.019151 1.388159 -0.068054
v 0.018128 1.387709 -0.068146
v 0.017456 1.387095 -0.068693
v 0.017314 1.386481 -0.069547
v 0.017742 1.386032 -0.070481
v 0.016939 1.400551 -0.074146
v 0.018084 1.400551 -0.074456
v 0.019230 1.400551 -0.074152
v 0.020071 1.400551 -0.073315
v 0.020381 1.400551 -0.072170
v 0.020077 1.400551 -0.071024
v 0.019240 1.400551 -0.070183
v 0.018095 1.400551 -0.069873
v 0.016948 1.400551 -0.070178
v 0.016108 1.400551 -0.071014
v 0.015798 1.400551 -0.072159
v 0.016102 1.400551 -0.073306
v 0.018624 1.406692 -0.071244
v 0.019724 1.406527 -0.071632
v 0.020747 1.406078 -0.071540
v 0.021419 1.405463 -0.070993
v 0.021560 1.404849 -0.070139
v 0.021133 1.404400 -0.069205
v 0.020251 1.404235 -0.068442
v 0.019151 1.404400 -0.068054
v 0.018128 1.404849 -0.068146
v 0.017456 1.405463 -0.068693
v 0.017314 1.406078 -0.069547
v 0.017742 1.406527 -0.070481
v 0.022691 1.409235 -0.064238
v 0.023682 1.409002 -0.064813
v 0.024407 1.408367 -0.065234
v 0.024673 1.407498 -0.065388
v 0.024407 1.406630 -0.065234
v 0.023682 1.405994 -0.064813
v 0.022691 1.405761 -0.064238
v 0.021700 1.405994 -0.063663
v 0.020975 1.406630 -0.063242
v 0.020709 1.407498 -0.063088
v 0.020975 1.408367 -0.063242
v 0.021700 1.409002 -0.063663
v 0.026758 1.406692 -0.057232
v 0.027640 1.406527 -0.057995
v 0.028068 1.406078 -0.058929
v 0.027927 1.405463 -0.059783
v 0.027254 1.404849 -0.060330
v 0.026231 1.404400 -0.060422
v 0.025131 1.404235 -0.060034
v 0.024250 1.404400 -0.059271
v 0.023822 1.404849 -0.058337
v 0.023963 1.405463 -0.057483
v 0.024635 1.406078 -0.056936
v 0.025659 1.406527 -0.056844
v 0.028443 1.392008 -0.054330
v 0.029280 1.392008 -0.055170
v 0.029584 1.392008 -0.056317
v 0.029274 1.392008 -0.057462
v 0.028434 1.392008 -0.058299
v 0.027287 1.392008 -0.058603
v 0.026142 1.392008 -0.058293
v 0.025306 1.392008 -0.057452
v 0.025001 1.392008 -0.056306
v 0.025311 1.392008 -0.055161
v 0.026152 1.392008 -0.054324
v 0.027298 1.392008 -0.054020
v 0.026758 1.385867 -0.057232
v 0.027640 1.386032 -0.057995
v 0.028068 1.386481 -0.058929
v 0.027927 1.387095 -0.059783
v 0.027254 1.387709 -0.060330
v 0.026231 1.388159 -0.060422
v 0.025131 1.388323 -0.060034
v 0.024250 1.388159 -0.059271
v 0.023822 1.387709 -0.058337
v 0.023963 1.387095 -0.057483
v 0.024635 1.386481 -0.056936
v 0.025659 1.386032 -0.056844
v 0.016939 1.392008 -0.074146
v 0.018084 1.392008 -0.074456
v 0.019230 1.392008 -0.074152
v 0.020071 1.392008 -0.073315
v 0.020381 1.392008 -0.072170
v 0.020077 1.392008 -0.071024
v 0.019240 1.392008 -0.070183
v 0.018095 1.392008 -0.069873
v 0.016948 1.392008 -0.070178
v 0.016108 1.392008 -0.071014
v 0.015798 1.392008 -0.072159
v 0.016102 1.392008 -0.073306
v 0.028443 1.400551 -0.054330
v 0.029280 1.400551 -0.055170
v 0.028434 1.400551 -0.058299
v 0.027287 1.400551 -0.058603
v 0.026142 1.400551 -0.058293
v 0.025306 1.400551 -0.057452
v 0.025001 1.400551 -0.056306
v 0.025311 1.400551 -0.055161
v 0.026152 1.400551 -0.054324
v 0.027298 1.400551 -0.054020
v 0.029584 1.400551 -0.056317
v 0.029274 1.400551 -0.057462
v 0.022691 1.368191 -0.064524
v 0.023487 1.368424 -0.063699
v 0.024069 1.369060 -0.063096
v 0.024282 1.369928 -0.062875
v 0.024069 1.370796 -0.063096
v 0.023487 1.371432 -0.063699
v 0.022691 1.371665 -0.064524
v 0.021896 1.371432 -0.065348
v 0.021313 1.370796 -0.065952
v 0.021100 1.369928 -0.066172
v 0.021313 1.369060 -0.065952
v 0.021896 1.368424 -0.065348
v 0.028521 1.370735 -0.070149
v 0.029160 1.370899 -0.069174
v 0.029316 1.371349 -0.068159
v 0.028946 1.371963 -0.067375
v 0.028150 1.372577 -0.067033
v 0.027141 1.373026 -0.067225
v 0.026189 1.373191 -0.067899
v 0.025549 1.373026 -0.068874
v 0.025394 1.372577 -0.069889
v 0.025764 1.371963 -0.070673
v 0.026560 1.371349 -0.071014
v 0.027569 1.370899 -0.070823
v 0.030935 1.385419 -0.072479
v 0.031510 1.385419 -0.071442
v 0.031489 1.385419 -0.070256
v 0.030878 1.385419 -0.069239
v 0.029840 1.385419 -0.068665
v 0.028654 1.385419 -0.068686
v 0.027638 1.385419 -0.069297
v 0.027063 1.385419 -0.070335
v 0.027084 1.385419 -0.071520
v 0.027695 1.385419 -0.072537
v 0.028733 1.385419 -0.073112
v 0.029919 1.385419 -0.073090
v 0.028521 1.391559 -0.070149
v 0.029160 1.391394 -0.069174
v 0.029316 1.390945 -0.068159
v 0.028946 1.390331 -0.067375
v 0.028150 1.389717 -0.067033
v 0.027141 1.389267 -0.067225
v 0.026189 1.389103 -0.067899
v 0.025549 1.389267 -0.068874
v 0.025394 1.389717 -0.069889
v 0.025764 1.390331 -0.070673
v 0.026560 1.390945 -0.071014
v 0.027569 1.391394 -0.070823
v 0.022691 1.394102 -0.064524
v 0.023487 1.393870 -0.063699
v 0.024069 1.393234 -0.063096
v 0.024282 1.392366 -0.062875
v 0.024069 1.391497 -0.063096
v 0.023487 1.390862 -0.063699
v 0.022691 1.390629 -0.064524
v 0.021896 1.390862 -0.065348
v 0.021313 1.391497 -0.065952
v 0.021100 1.392366 -0.066172
v 0.021313 1.393234 -0.065952
v 0.021896 1.393870 -0.065348
v 0.016861 1.391559 -0.058898
v 0.017813 1.391394 -0.058224
v 0.018822 1.390945 -0.058033
v 0.019618 1.390331 -0.058374
v 0.019988 1.389717 -0.059158
v 0.019833 1.389267 -0.060173
v 0.019193 1.389103 -0.061148
v 0.018242 1.389267 -0.061822
v 0.017232 1.389717 -0.062014
v 0.016436 1.390331 -0.061672
v 0.016066 1.390945 -0.060889
v 0.016222 1.391394 -0.059873
v 0.014447 1.376875 -0.056568
v 0.015463 1.376875 -0.055957
v 0.016649 1.376875 -0.055936
v 0.017687 1.376875 -0.056510
v 0.018298 1.376875 -0.057527
v 0.018319 1.376875 -0.058713
v 0.017744 1.376875 -0.059750
v 0.016728 1.376875 -0.060362
v 0.015542 1.376875 -0.060383
v 0.014504 1.376875 -0.059808
v 0.013893 1.376875 -0.058792
v 0.013872 1.376875 -0.057606
v 0.016861 1.370735 -0.058898
v 0.017813 1.370899 -0.058224
v 0.018822 1.371349 -0.058033
v 0.019618 1.371963 -0.058374
v 0.019988 1.372577 -0.059158
v 0.019833 1.373026 -0.060173
v 0.019193 1.373191 -0.061148
v 0.018242 1.373026 -0.061822
v 0.017232 1.372577 -0.062014
v 0.016436 1.371963 -0.061672
v 0.016066 1.371349 -0.060889
v 0.016222 1.370899 -0.059873
v 0.030935 1.376875 -0.072479
v 0.031510 1.376875 -0.071442
v 0.031489 1.376875 -0.070256
v 0.030878 1.376875 -0.069239
v 0.029840 1.376875 -0.068665
v 0.028654 1.376875 -0.068686
v 0.027638 1.376875 -0.069297
v 0.027063 1.376875 -0.070335
v 0.027084 1.376875 -0.071520
v 0.027695 1.376875 -0.072537
v 0.028733 1.376875 -0.073112
v 0.029919 1.376875 -0.073090
v 0.014447 1.385419 -0.056568
v 0.015463 1.385419 -0.055957
v 0.018298 1.385419 -0.057527
v 0.018319 1.385419 -0.058713
v 0.017744 1.385419 -0.059750
v 0.016728 1.385419 -0.060362
v 0.015542 1.385419 -0.060383
v 0.014504 1.385419 -0.059808
v 0.013893 1.385419 -0.058792
v 0.013872 1.385419 -0.057606
v 0.016649 1.385419 -0.055936
v 0.017687 1.385419 -0.056510
v 0.022691 1.413128 -0.063670
v 0.021788 1.413361 -0.062965
v 0.021127 1.413996 -0.062449
v 0.020884 1.414865 -0.062260
v 0.021127 1.415733 -0.062449
v 0.021788 1.416369 -0.062965
v 0.022691 1.416602 -0.063670
v 0.023594 1.416369 -0.064375
v 0.024256 1.415733 -0.064890
v 0.024498 1.414865 -0.065079
v 0.024256 1.413996 -0.064890
v 0.023594 1.413361 -0.064375
v 0.027674 1.415671 -0.057283
v 0.026638 1.415836 -0.056749
v 0.025611 1.416286 -0.056701
v 0.024871 1.416900 -0.057151
v 0.024615 1.417514 -0.057978
v 0.024911 1.417963 -0.058962
v 0.025681 1.418128 -0.059837
v 0.026718 1.417963 -0.060371
v 0.027744 1.417514 -0.060419
v 0.028484 1.416900 -0.059969
v 0.028741 1.416286 -0.059142
v 0.028444 1.415836 -0.058158
v 0.029738 1.430355 -0.054637
v 0.028646 1.430355 -0.054174
v 0.027469 1.430355 -0.054320
v 0.026522 1.430355 -0.055034
v 0.026060 1.430355 -0.056126
v 0.026205 1.430355 -0.057303
v 0.026920 1.430355 -0.058250
v 0.028012 1.430355 -0.058713
v 0.029189 1.430355 -0.058567
v 0.030136 1.430355 -0.057853
v 0.030598 1.430355 -0.056761
v 0.030453 1.430355 -0.055584
v 0.027674 1.436496 -0.057283
v 0.026638 1.436331 -0.056749
v 0.025611 1.435882 -0.056701
v 0.024871 1.435268 -0.057151
v 0.024615 1.434654 -0.057978
v 0.024911 1.434204 -0.058962
v 0.025681 1.434040 -0.059837
v 0.026718 1.434204 -0.060371
v 0.027744 1.434654 -0.060419
v 0.028484 1.435268 -0.059969
v 0.028741 1.435882 -0.059142
v 0.028444 1.436331 -0.058158
v 0.022691 1.439039 -0.063670
v 0.021788 1.438807 -0.062965
v 0.021127 1.438171 -0.062449
v 0.020884 1.437302 -0.062260
v 0.021127 1.436434 -0.062449
v 0.021788 1.435798 -0.062965
v 0.022691 1.435566 -0.063670
v 0.023594 1.435798 -0.064375
v 0.024256 1.436434 -0.064890
v 0.024498 1.437302 -0.065079
v 0.024256 1.438171 -0.064890
v 0.023594 1.438807 -0.064375
v 0.017708 1.436496 -0.070057
v 0.016938 1.436331 -0.069181
v 0.016642 1.435882 -0.068198
v 0.016898 1.435268 -0.067370
v 0.017638 1.434654 -0.066920
v 0.018664 1.434204 -0.066969
v 0.019701 1.434040 -0.067502
v 0.020471 1.434204 -0.068378
v 0.020767 1.434654 -0.069362
v 0.020511 1.435268 -0.070189
v 0.019771 1.435882 -0.070639
v 0.018745 1.436331 -0.070591
v 0.015644 1.421812 -0.072703
v 0.014929 1.421812 -0.071756
v 0.014784 1.421812 -0.070579
v 0.015247 1.421812 -0.069487
v 0.016193 1.421812 -0.068772
v 0.017370 1.421812 -0.068627
v 0.018463 1.421812 -0.069090
v 0.019177 1.421812 -0.070036
v 0.019322 1.421812 -0.071214
v 0.018860 1.421812 -0.072306
v 0.017913 1.421812 -0.073020
v 0.016736 1.421812 -0.073166
v 0.017708 1.415671 -0.070057
v 0.016938 1.415836 -0.069181
v 0.016642 1.416286 -0.068198
v 0.016898 1.416900 -0.067370
v 0.017638 1.417514 -0.066920
v 0.018664 1.417963 -0.066969
v 0.019701 1.418128 -0.067502
v 0.020471 1.417963 -0.068378
v 0.020767 1.417514 -0.069362
v 0.020511 1.416900 -0.070189
v 0.019771 1.416286 -0.070639
v 0.018745 1.415836 -0.070591
v 0.029738 1.421812 -0.054637
v 0.028646 1.421812 -0.054174
v 0.027469 1.421812 -0.054320
v 0.026522 1.421812 -0.055034
v 0.026060 1.421812 -0.056126
v 0.026205 1.421812 -0.057303
v 0.026920 1.421812 -0.058250
v 0.028012 1.421812 -0.058713
v 0.029189 1.421812 -0.058567
v 0.030136 1.421812 -0.057853
v 0.030598 1.421812 -0.056761
v 0.030453 1.421812 -0.055584
v 0.015644 1.430355 -0.072703
v 0.014929 1.430355 -0.071756
v 0.016193 1.430355 -0.068772
v 0.017370 1.430355 -0.068627
v 0.018463 1.430355 -0.069090
v 0.019177 1.430355 -0.070036
v 0.019322 1.430355 -0.071214
v 0.018860 1.430355 -0.072306
v 0.017913 1.430355 -0.073020
v 0.016736 1.430355 -0.073166
v 0.014784 1.430355 -0.070579
v 0.015247 1.430355 -0.069487
v 0.022691 1.459239 -0.063527
v 0.023837 1.459472 -0.063527
v 0.024675 1.460108 -0.063527
v 0.024982 1.460976 -0.063527
v 0.024675 1.461845 -0.063527
v 0.023837 1.462480 -0.063527
v 0.022691 1.462713 -0.063527
v 0.021545 1.462480 -0.063527
v 0.020707 1.461845 -0.063527
v 0.020400 1.460976 -0.063527
v 0.020707 1.460108 -0.063527
v 0.021545 1.459472 -0.063527
v 0.022691 1.461783 -0.071628
v 0.023837 1.461947 -0.071411
v 0.024675 1.462397 -0.070818
v 0.024982 1.463011 -0.070008
v 0.024675 1.463625 -0.069198
v 0.023837 1.464074 -0.068605
v 0.022691 1.464239 -0.068388
v 0.021545 1.464074 -0.068605
v 0.020707 1.463625 -0.069198
v 0.020400 1.463011 -0.070008
v 0.020707 1.462397 -0.070818
v 0.021545 1.461947 -0.071411
v 0.022691 1.476467 -0.074984
v 0.023837 1.476467 -0.074677
v 0.024675 1.476467 -0.073838
v 0.024982 1.476467 -0.072693
v 0.024675 1.476467 -0.071547
v 0.023837 1.476467 -0.070708
v 0.022691 1.476467 -0.070401
v 0.021545 1.476467 -0.070708
v 0.020707 1.476467 -0.071547
v 0.020400 1.476467 -0.072693
v 0.020707 1.476467 -0.073838
v 0.021545 1.476467 -0.074677
v 0.022691 1.482607 -0.071628
v 0.023837 1.482443 -0.071411
v 0.024675 1.481993 -0.070818
v 0.024982 1.481379 -0.070008
v 0.024675 1.480765 -0.069198
v 0.023837 1.480315 -0.068605
v 0.022691 1.480151 -0.068388
v 0.021545 1.480315 -0.068605
v 0.020707 1.480765 -0.069198
v 0.020400 1.481379 -0.070008
v 0.020707 1.481993 -0.070818
v 0.021545 1.482443 -0.071411
v 0.022691 1.485151 -0.063527
v 0.023837 1.484918 -0.063527
v 0.024675 1.484282 -0.063527
v 0.024982 1.483414 -0.063527
v 0.024675 1.482545 -0.063527
v 0.023837 1.481910 -0.063527
v 0.022691 1.481677 -0.063527
v 0.021545 1.481910 -0.063527
v 0.020707 1.482545 -0.063527
v 0.020400 1.483414 -0.063527
v 0.020707 1.484282 -0.063527
v 0.021545 1.484918 -0.063527
v 0.022691 1.482607 -0.055426
v 0.023837 1.482443 -0.055643
v 0.024675 1.481993 -0.056236
v 0.024982 1.481379 -0.057046
v 0.024675 1.480765 -0.057856
v 0.023837 1.480315 -0.058449
v 0.022691 1.480151 -0.058666
v 0.021545 1.480315 -0.058449
v 0.020707 1.480765 -0.057856
v 0.020400 1.481379 -0.057046
v 0.020707 1.481993 -0.056236
v 0.021545 1.482443 -0.055643
v 0.022691 1.467923 -0.052070
v 0.023837 1.467923 -0.052377
v 0.024675 1.467923 -0.053216
v 0.024982 1.467923 -0.054362
v 0.024675 1.467923 -0.055507
v 0.023837 1.467923 -0.056346
v 0.022691 1.467923 -0.056653
v 0.021545 1.467923 -0.056346
v 0.020707 1.467923 -0.055507
v 0.020400 1.467923 -0.054362
v 0.020707 1.467923 -0.053216
v 0.021545 1.467923 -0.052377
v 0.022691 1.461783 -0.055426
v 0.023837 1.461947 -0.055643
v 0.024675 1.462397 -0.056236
v 0.024982 1.463011 -0.057046
v 0.024675 1.463625 -0.057856
v 0.023837 1.464074 -0.058449
v 0.022691 1.464239 -0.058666
v 0.021545 1.464074 -0.058449
v 0.020707 1.463625 -0.057856
v 0.020400 1.463011 -0.057046
v 0.020707 1.462397 -0.056236
v 0.021545 1.461947 -0.055643
v 0.022691 1.467923 -0.074984
v 0.023837 1.467923 -0.074677
v 0.024675 1.467923 -0.073838
v 0.024982 1.467923 -0.072693
v 0.024675 1.467923 -0.071547
v 0.023837 1.467923 -0.070708
v 0.022691 1.467923 -0.070401
v 0.021545 1.467923 -0.070708
v 0.020707 1.467923 -0.071547
v 0.020400 1.467923 -0.072693
v 0.020707 1.467923 -0.073838
v 0.021545 1.467923 -0.074677
v 0.022691 1.476467 -0.052070
v 0.023837 1.476467 -0.052377
v 0.024675 1.476467 -0.055507
v 0.023837 1.476467 -0.056346
v 0.022691 1.476467 -0.056653
v 0.021545 1.476467 -0.056346
v 0.020707 1.476467 -0.055507
v 0.020400 1.476467 -0.054362
v 0.020707 1.476467 -0.053216
v 0.021545 1.476467 -0.052377
v 0.024675 1.476467 -0.053216
v 0.024982 1.476467 -0.054362
v 0.022691 1.444250 -0.063527
v 0.023682 1.444482 -0.064102
v 0.024407 1.445118 -0.064523
v 0.024673 1.445986 -0.064677
v 0.024407 1.446855 -0.064523
v 0.023682 1.447490 -0.064102
v 0.022691 1.447723 -0.063527
v 0.021700 1.447490 -0.062952
v 0.020975 1.446855 -0.062531
v 0.020709 1.445986 -0.062377
v 0.020975 1.445118 -0.062531
v 0.021700 1.444482 -0.062952
v 0.018624 1.446793 -0.070533
v 0.019724 1.446958 -0.070921
v 0.020747 1.447407 -0.070829
v 0.021419 1.448021 -0.070282
v 0.021560 1.448635 -0.069428
v 0.021133 1.449085 -0.068494
v 0.020251 1.449249 -0.067731
v 0.019151 1.449085 -0.067343
v 0.018128 1.448635 -0.067435
v 0.017456 1.448021 -0.067982
v 0.017314 1.447407 -0.068836
v 0.017742 1.446958 -0.069770
v 0.016939 1.461477 -0.073435
v 0.018084 1.461477 -0.073745
v 0.019230 1.461477 -0.073441
v 0.020071 1.461477 -0.072604
v 0.020381 1.461477 -0.071459
v 0.020077 1.461477 -0.070313
v 0.019240 1.461477 -0.069472
v 0.018095 1.461477 -0.069162
v 0.016948 1.461477 -0.069467
v 0.016108 1.461477 -0.070303
v 0.015798 1.461477 -0.071448
v 0.016102 1.461477 -0.072595
v 0.018624 1.467617 -0.070533
v 0.019724 1.467453 -0.070921
v 0.020747 1.467003 -0.070829
v 0.021419 1.466389 -0.070282
v 0.021560 1.465775 -0.069428
v 0.021133 1.465326 -0.068494
v 0.020251 1.465161 -0.067731
v 0.019151 1.465326 -0.067343
v 0.018128 1.465775 -0.067435
v 0.017456 1.466389 -0.067982
v 0.017314 1.467003 -0.068836
v 0.017742 1.467453 -0.069770
v 0.022691 1.470161 -0.063527
v 0.023682 1.469928 -0.064102
v 0.024407 1.469292 -0.064523
v 0.024673 1.468424 -0.064677
v 0.024407 1.467556 -0.064523
v 0.023682 1.466920 -0.064102
v 0.022691 1.466687 -0.063527
v 0.021700 1.466920 -0.062952
v 0.020975 1.467556 -0.062531
v 0.020709 1.468424 -0.062377
v 0.020975 1.469292 -0.062531
v 0.021700 1.469928 -0.062952
v 0.026758 1.467617 -0.056521
v 0.027640 1.467453 -0.057284
v 0.028068 1.467003 -0.058218
v 0.027927 1.466389 -0.059072
v 0.027254 1.465775 -0.059619
v 0.026231 1.465326 -0.059711
v 0.025131 1.465161 -0.059323
v 0.024250 1.465326 -0.058560
v 0.023822 1.465775 -0.057626
v 0.023963 1.466389 -0.056772
v 0.024635 1.467003 -0.056225
v 0.025659 1.467453 -0.056133
v 0.028443 1.452934 -0.053619
v 0.029280 1.452934 -0.054459
v 0.029584 1.452934 -0.055606
v 0.029274 1.452934 -0.056751
v 0.028434 1.452934 -0.057588
v 0.027287 1.452934 -0.057892
v 0.026142 1.452934 -0.057582
v 0.025306 1.452934 -0.056741
v 0.025001 1.452934 -0.055595
v 0.025311 1.452934 -0.054450
v 0.026152 1.452934 -0.053613
v 0.027298 1.452934 -0.053309
v 0.026758 1.446793 -0.056521
v 0.027640 1.446958 -0.057284
v 0.028068 1.447407 -0.058218
v 0.027927 1.448021 -0.059072
v 0.027254 1.448635 -0.059619
v 0.026231 1.449085 -0.059711
v 0.025131 1.449249 -0.059323
v 0.024250 1.449085 -0.058560
v 0.023822 1.448635 -0.057626
v 0.023963 1.448021 -0.056772
v 0.024635 1.447407 -0.056225
v 0.025659 1.446958 -0.056133
v 0.016939 1.452934 -0.073435
v 0.018084 1.452934 -0.073745
v 0.019230 1.452934 -0.073441
v 0.020071 1.452934 -0.072604
v 0.020381 1.452934 -0.071459
v 0.020077 1.452934 -0.070313
v 0.019240 1.452934 -0.069472
v 0.018095 1.452934 -0.069162
v 0.016948 1.452934 -0.069467
v 0.016108 1.452934 -0.070303
v 0.015798 1.452934 -0.071448
v 0.016102 1.452934 -0.072595
v 0.028443 1.461477 -0.053619
v 0.029280 1.461477 -0.054459
v 0.028434 1.461477 -0.057588
v 0.027287 1.461477 -0.057892
v 0.026142 1.461477 -0.057582
v 0.025306 1.461477 -0.056741
v 0.025001 1.461477 -0.055595
v 0.025311 1.461477 -0.054450
v 0.026152 1.461477 -0.053613
v 0.027298 1.461477 -0.053309
v 0.029584 1.461477 -0.055606
v 0.029274 1.461477 -0.056751
v 0.022691 1.429117 -0.063813
v 0.023487 1.429350 -0.062988
v 0.024069 1.429985 -0.062385
v 0.024282 1.430854 -0.062164
v 0.024069 1.431722 -0.062385
v 0.023487 1.432358 -0.062988
v 0.022691 1.432591 -0.063813
v 0.021895 1.432358 -0.064637
v 0.021313 1.431722 -0.065241
v 0.021100 1.430854 -0.065461
v 0.021313 1.429985 -0.065241
v 0.021895 1.429350 -0.064637
v 0.028521 1.431660 -0.069438
v 0.029160 1.431825 -0.068463
v 0.029316 1.432274 -0.067448
v 0.028946 1.432889 -0.066664
v 0.028150 1.433503 -0.066322
v 0.027141 1.433952 -0.066514
v 0.026189 1.434117 -0.067188
v 0.025549 1.433952 -0.068163
v 0.025394 1.433503 -0.069178
v 0.025764 1.432889 -0.069962
v 0.026560 1.432274 -0.070303
v 0.027569 1.431825 -0.070112
v 0.030935 1.446344 -0.071768
v 0.031510 1.446344 -0.070731
v 0.031489 1.446344 -0.069545
v 0.030878 1.446344 -0.068528
v 0.029840 1.446344 -0.067954
v 0.028654 1.446344 -0.067975
v 0.027638 1.446344 -0.068586
v 0.027063 1.446344 -0.069624
v 0.027084 1.446344 -0.070809
v 0.027695 1.446344 -0.071826
v 0.028733 1.446344 -0.072401
v 0.029919 1.446344 -0.072379
v 0.028521 1.452485 -0.069438
v 0.029160 1.452320 -0.068463
v 0.029316 1.451871 -0.067448
v 0.028946 1.451257 -0.066664
v 0.028150 1.450643 -0.066322
v 0.027141 1.450193 -0.066514
v 0.026189 1.450029 -0.067188
v 0.025549 1.450193 -0.068163
v 0.025394 1.450643 -0.069178
v 0.025764 1.451257 -0.069962
v 0.026560 1.451871 -0.070303
v 0.027569 1.452320 -0.070112
v 0.022691 1.455028 -0.063813
v 0.023487 1.454795 -0.062988
v 0.024069 1.454160 -0.062385
v 0.024282 1.453291 -0.062164
v 0.024069 1.452423 -0.062385
v 0.023487 1.451787 -0.062988
v 0.022691 1.451555 -0.063813
v 0.021895 1.451787 -0.064637
v 0.021313 1.452423 -0.065241
v 0.021100 1.453291 -0.065461
v 0.021313 1.454160 -0.065241
v 0.021895 1.454795 -0.064637
v 0.016861 1.452485 -0.058187
v 0.017813 1.452320 -0.057513
v 0.018822 1.451871 -0.057322
v 0.019618 1.451257 -0.057663
v 0.019988 1.450643 -0.058447
v 0.019833 1.450193 -0.059462
v 0.019193 1.450029 -0.060437
v 0.018242 1.450193 -0.061111
v 0.017232 1.450643 -0.061303
v 0.016436 1.451257 -0.060961
v 0.016066 1.451871 -0.060178
v 0.016222 1.452320 -0.059162
v 0.014447 1.437801 -0.055857
v 0.015463 1.437801 -0.055246
v 0.016649 1.437801 -0.055225
v 0.017687 1.437801 -0.055799
v 0.018298 1.437801 -0.056816
v 0.018319 1.437801 -0.058002
v 0.017744 1.437801 -0.059039
v 0.016728 1.437801 -0.059650
v 0.015542 1.437801 -0.059672
v 0.014504 1.437801 -0.059097
v 0.013893 1.437801 -0.058080
v 0.013872 1.437801 -0.056895
v 0.016861 1.431660 -0.058187
v 0.017813 1.431825 -0.057513
v 0.018822 1.432274 -0.057322
v 0.019618 1.432889 -0.057663
v 0.019988 1.433503 -0.058447
v 0.019833 1.433952 -0.059462
v 0.019193 1.434117 -0.060437
v 0.018242 1.433952 -0.061111
v 0.017232 1.433503 -0.061303
v 0.016436 1.432889 -0.060961
v 0.016066 1.432274 -0.060178
v 0.016222 1.431825 -0.059162
v 0.030935 1.437801 -0.071768
v 0.031510 1.437801 -0.070731
v 0.031489 1.437801 -0.069545
v 0.030878 1.437801 -0.068528
v 0.029840 1.437801 -0.067954
v 0.028654 1.437801 -0.067975
v 0.027638 1.437801 -0.068586
v 0.027063 1.437801 -0.069624
v 0.027084 1.437801 -0.070809
v 0.027695 1.437801 -0.071826
v 0.028733 1.437801 -0.072401
v 0.029919 1.437801 -0.072379
v 0.014447 1.446344 -0.055857
v 0.015463 1.446344 -0.055246
v 0.018298 1.446344 -0.056816
v 0.018319 1.446344 -0.058002
v 0.017744 1.446344 -0.059039
v 0.016728 1.446344 -0.059650
v 0.015542 1.446344 -0.059672
v 0.014504 1.446344 -0.059097
v 0.013893 1.446344 -0.058080
v 0.013872 1.446344 -0.056895
v 0.016649 1.446344 -0.055225
v 0.017687 1.446344 -0.055799
vt 0.500000 0.500000
vt 0.625000 0.500000
vt 0.625000 0.583333
vt 0.500000 0.583333
vt 0.625000 0.666667
vt 0.500000 0.666667
vt 0.625000 0.750000
vt 0.500000 0.750000
vt 0.625000 0.833333
vt 0.500000 0.833333
vt 0.625000 0.916667
vt 0.500000 0.916667
vt 0.625000 1.000000
vt 0.500000 1.000000
vt 0.500000 0.000000
vt 0.625000 0.000000
vt 0.625000 0.083333
vt 0.500000 0.083333
vt 0.625000 0.166667
vt 0.500000 0.166667
vt 0.625000 0.250000
vt 0.500000 0.250000
vt 0.625000 0.333333
vt 0.500000 0.333333
vt 0.625000 0.416667
vt 0.500000 0.416667
vt 0.750000 0.500000
vt 0.750000 0.583333
vt 0.750000 0.666667
vt 0.750000 0.750000
vt 0.750000 0.833333
vt 0.750000 0.916667
vt 0.750000 1.000000
vt 0.750000 0.000000
vt 0.750000 0.083333
vt 0.750000 0.166667
vt 0.750000 0.250000
vt 0.750000 0.333333
vt 0.750000 0.416667
vt 0.750000 0.500000
vt 0.875000 0.500000
vt 0.875000 0.583333
vt 0.750000 0.583333
vt 0.875000 0.666667
vt 0.750000 0.666667
vt 0.875000 0.750000
vt 0.750000 0.750000
vt 0.875000 0.833333
vt 0.750000 0.833333
vt 0.875000 0.916667
vt 0.750000 0.916667
vt 0.875000 1.000000
vt 0.750000 1.000000
vt 0.750000 0.000000
vt 0.875000 0.000000
vt 0.875000 0.083333
vt 0.750000 0.083333
vt 0.875000 0.166667
vt 0.750000 0.166667
vt 0.875000 0.250000
vt 0.750000 0.250000
vt 0.875000 0.333333
vt 0.750000 0.333333
vt 0.875000 0.416667
vt 0.750000 0.416667
vt 1.000000 0.500000
vt 1.000000 0.583333
vt 1.000000 0.666667
vt 1.000000 0.750000
vt 1.000000 0.833333
vt 1.000000 0.916667
vt 1.000000 1.000000
vt 1.000000 0.000000
vt 1.000000 0.083333
vt 1.000000 0.166667
vt 1.000000 0.250000
vt 1.000000 0.333333
vt 1.000000 0.416667
vt 0.000000 0.500000
vt 0.125000 0.500000
vt 0.125000 0.583333
vt 0.000000 0.583333
vt 0.125000 0.666667
vt 0.000000 0.666667
vt 0.125000 0.750000
vt 0.000000 0.750000
vt 0.125000 0.833333
vt 0.000000 0.833333
vt 0.125000 0.916667
vt 0.000000 0.916667
vt 0.125000 1.000000
vt 0.000000 1.000000
vt 0.000000 0.000000
vt 0.125000 0.000000
vt 0.125000 0.083333
vt 0.000000 0.083333
vt 0.125000 0.166667
vt 0.000000 0.166667
vt 0.125000 0.250000
vt 0.000000 0.250000
vt 0.125000 0.333333
vt 0.000000 0.333333
vt 0.125000 0.416667
vt 0.000000 0.416667
vt 0.250000 0.500000
vt 0.250000 0.583333
vt 0.250000 0.666667
vt 0.250000 0.750000
vt 0.250000 0.833333
vt 0.250000 0.916667
vt 0.250000 1.000000
vt 0.250000 0.000000
vt 0.250000 0.083333
vt 0.250000 0.166667
vt 0.250000 0.250000
vt 0.250000 0.333333
vt 0.250000 0.416667
vt 0.250000 0.500000
vt 0.375000 0.500000
vt 0.375000 0.583333
vt 0.250000 0.583333
vt 0.375000 0.666667
vt 0.250000 0.666667
vt 0.375000 0.750000
vt 0.250000 0.750000
vt 0.375000 0.833333
vt 0.250000 0.833333
vt 0.375000 0.916667
vt 0.250000 0.916667
vt 0.375000 1.000000
vt 0.250000 1.000000
vt 0.250000 0.000000
vt 0.375000 0.000000
vt 0.375000 0.083333
vt 0.250000 0.083333
vt 0.375000 0.166667
vt 0.250000 0.166667
vt 0.375000 0.250000
vt 0.250000 0.250000
vt 0.375000 0.333333
vt 0.250000 0.333333
vt 0.375000 0.416667
vt 0.250000 0.416667
vt 0.500000 0.500000
vt 0.625000 0.500000
vt 0.625000 0.583333
vt 0.500000 0.583333
vt 0.625000 0.666667
vt 0.500000 0.666667
vt 0.625000 0.750000
vt 0.500000 0.750000
vt 0.625000 0.833333
vt 0.500000 0.833333
vt 0.625000 0.916667
vt 0.500000 0.916667
vt 0.625000 1.000000
vt 0.500000 1.000000
vt 0.500000 0.000000
vt 0.625000 0.000000
vt 0.625000 0.083333
vt 0.500000 0.083333
vt 0.625000 0.166667
vt 0.500000 0.166667
vt 0.625000 0.250000
vt 0.500000 0.250000
vt 0.625000 0.333333
vt 0.500000 0.333333
vt 0.625000 0.416667
vt 0.500000 0.416667
vt 0.750000 0.500000
vt 0.750000 0.583333
vt 0.750000 0.666667
vt 0.750000 0.750000
vt 0.750000 0.833333
vt 0.750000 0.916667
vt 0.750000 1.000000
vt 0.750000 0.000000
vt 0.750000 0.083333
vt 0.750000 0.166667
vt 0.750000 0.250000
vt 0.750000 0.333333
vt 0.750000 0.416667
vt 0.750000 0.500000
vt 0.875000 0.500000
vt 0.875000 0.583333
vt 0.750000 0.583333
vt 0.875000 0.666667
vt 0.750000 0.666667
vt 0.875000 0.750000
vt 0.750000 0.750000
vt 0.875000 0.833333
vt 0.750000 0.833333
vt 0.875000 0.916667
vt 0.750000 0.916667
vt 0.875000 1.000000
vt 0.750000 1.000000
vt 0.750000 0.000000
vt 0.875000 0.000000
vt 0.875000 0.083333
vt 0.750000 0.083333
vt 0.875000 0.166667
vt 0.750000 0.166667
vt 0.875000 0.250000
vt 0.750000 0.250000
vt 0.875000 0.333333
vt 0.750000 0.333333
vt 0.875000 0.416667
vt 0.750000 0.416667
vt 1.000000 0.500000
vt 1.000000 0.583333
vt 1.000000 0.666667
vt 1.000000 0.750000
vt 1.000000 0.833333
vt 1.000000 0.916667
vt 1.000000 1.000000
vt 1.000000 0.000000
vt 1.000000 0.083333
vt 1.000000 0.166667
vt 1.000000 0.250000
vt 1.000000 0.333333
vt 1.000000 0.416667
vt 0.000000 0.500000
vt 0.125000 0.500000
vt 0.125000 0.583333
vt 0.000000 0.583333
vt 0.125000 0.666667
vt 0.000000 0.666667
vt 0.125000 0.750000
vt 0.000000 0.750000
vt 0.125000 0.833333
vt 0.000000 0.833333
vt 0.125000 0.916667
vt 0.000000 0.916667
vt 0.125000 1.000000
vt 0.000000 1.000000
vt 0.000000 0.000000
vt 0.125000 0.000000
vt 0.125000 0.083333
vt 0.000000 0.083333
vt 0.125000 0.166667
vt 0.000000 0.166667
vt 0.125000 0.250000
vt 0.000000 0.250000
vt 0.125000 0.333333
vt 0.000000 0.333333
vt 0.125000 0.416667
vt 0.000000 0.416667
vt 0.250000 0.500000
vt 0.250000 0.583333
vt 0.250000 0.666667
vt 0.250000 0.750000
vt 0.250000 0.833333
vt 0.250000 0.916667
vt 0.250000 1.000000
vt 0.250000 0.000000
vt 0.250000 0.083333
vt 0.250000 0.166667
vt 0.250000 0.250000
vt 0.250000 0.333333
vt 0.250000 0.416667
vt 0.250000 0.500000
vt 0.375000 0.500000
vt 0.375000 0.583333
vt 0.250000 0.583333
vt 0.375000 0.666667
vt 0.250000 0.666667
vt 0.375000 0.750000
vt 0.250000 0.750000
vt 0.375000 0.833333
vt 0.250000 0.833333
vt 0.375000 0.916667
vt 0.250000 0.916667
vt 0.375000 1.000000
vt 0.250000 1.000000
vt 0.250000 0.000000
vt 0.375000 0.000000
vt 0.375000 0.083333
vt 0.250000 0.083333
vt 0.375000 0.166667
vt 0.250000 0.166667
vt 0.375000 0.250000
vt 0.250000 0.250000
vt 0.375000 0.333333
vt 0.250000 0.333333
vt 0.375000 0.416667
vt 0.250000 0.416667
vt 0.500000 0.500000
vt 0.625000 0.500000
vt 0.625000 0.583333
vt 0.500000 0.583333
vt 0.625000 0.666667
vt 0.500000 0.666667
vt 0.625000 0.750000
vt 0.500000 0.750000
vt 0.625000 0.833333
vt 0.500000 0.833333
vt 0.625000 0.916667
vt 0.500000 0.916667
vt 0.625000 1.000000
vt 0.500000 1.000000
vt 0.500000 0.000000
vt 0.625000 0.000000
vt 0.625000 0.083333
vt 0.500000 0.083333
vt 0.625000 0.166667
vt 0.500000 0.166667
vt 0.625000 0.250000
vt 0.500000 0.250000
vt 0.625000 0.333333
vt 0.500000 0.333333
vt 0.625000 0.416667
vt 0.500000 0.416667
vt 0.750000 0.500000
vt 0.750000 0.583333
vt 0.750000 0.666667
vt 0.750000 0.750000
vt 0.750000 0.833333
vt 0.750000 0.916667
vt 0.750000 1.000000
vt 0.750000 0.000000
vt 0.750000 0.083333
vt 0.750000 0.166667
vt 0.750000 0.250000
vt 0.750000 0.333333
vt 0.750000 0.416667
vt 0.750000 0.500000
vt 0.875000 0.500000
vt 0.875000 0.583333
vt 0.750000 0.583333
vt 0.875000 0.666667
vt 0.750000 0.666667
vt 0.875000 0.750000
vt 0.750000 0.750000
vt 0.875000 0.833333
vt 0.750000 0.833333
vt 0.875000 0.916667
vt 0.750000 0.916667
vt 0.875000 1.000000
vt 0.750000 1.000000
vt 0.750000 0.000000
vt 0.875000 0.000000
vt 0.875000 0.083333
vt 0.750000 0.083333
vt 0.875000 0.166667
vt 0.750000 0.166667
vt 0.875000 0.250000
vt 0.750000 0.250000
vt 0.875000 0.333333
vt 0.750000 0.333333
vt 0.875000 0.416667
vt 0.750000 0.416667
vt 1.000000 0.500000
vt 1.000000 0.583333
vt 1.000000 0.666667
vt 1.000000 0.750000
vt 1.000000 0.833333
vt 1.000000 0.916667
vt 1.000000 1.000000
vt 1.000000 0.000000
vt 1.000000 0.083333
vt 1.000000 0.166667
vt 1.000000 0.250000
vt 1.000000 0.333333
vt 1.000000 0.416667
vt 0.000000 0.500000
vt 0.125000 0.500000
vt 0.125000 0.583333
vt 0.000000 0.583333
vt 0.125000 0.666667
vt 0.000000 0.666667
vt 0.125000 0.750000
vt 0.000000 0.750000
vt 0.125000 0.833333
vt 0.000000 0.833333
vt 0.125000 0.916667
vt 0.000000 0.916667
vt 0.125000 1.000000
vt 0.000000 1.000000
vt 0.000000 0.000000
vt 0.125000 0.000000
vt 0.125000 0.083333
vt 0.000000 0.083333
vt 0.125000 0.166667
vt 0.000000 0.166667
vt 0.125000 0.250000
vt 0.000000 0.250000
vt 0.125000 0.333333
vt 0.000000 0.333333
vt 0.125000 0.416667
vt 0.000000 0.416667
vt 0.250000 0.500000
vt 0.250000 0.583333
vt 0.250000 0.666667
vt 0.250000 0.750000
vt 0.250000 0.833333
vt 0.250000 0.916667
vt 0.250000 1.000000
vt 0.250000 0.000000
vt 0.250000 0.083333
vt 0.250000 0.166667
vt 0.250000 0.250000
vt 0.250000 0.333333
vt 0.250000 0.416667
vt 0.250000 0.500000
vt 0.375000 0.500000
vt 0.375000 0.583333
vt 0.250000 0.583333
vt 0.375000 0.666667
vt 0.250000 0.666667
vt 0.375000 0.750000
vt 0.250000 0.750000
vt 0.375000 0.833333
vt 0.250000 0.833333
vt 0.375000 0.916667
vt 0.250000 0.916667
vt 0.375000 1.000000
vt 0.250000 1.000000
vt 0.250000 0.000000
vt 0.375000 0.000000
vt 0.375000 0.083333
vt 0.250000 0.083333
vt 0.375000 0.166667
vt 0.250000 0.166667
vt 0.375000 0.250000
vt 0.250000 0.250000
vt 0.375000 0.333333
vt 0.250000 0.333333
vt 0.375000 0.416667
vt 0.250000 0.416667
vt 0.500000 0.500000
vt 0.625000 0.500000
vt 0.625000 0.583333
vt 0.500000 0.583333
vt 0.625000 0.666667
vt 0.500000 0.666667
vt 0.625000 0.750000
vt 0.500000 0.750000
vt 0.625000 0.833333
vt 0.500000 0.833333
vt 0.625000 0.916667
vt 0.500000 0.916667
vt 0.625000 1.000000
vt 0.500000 1.000000
vt 0.500000 0.000000
vt 0.625000 0.000000
vt 0.625000 0.083333
vt 0.500000 0.083333
vt 0.625000 0.166667
vt 0.500000 0.166667
vt 0.625000 0.250000
vt 0.500000 0.250000
vt 0.625000 0.333333
vt 0.500000 0.333333
vt 0.625000 0.416667
vt 0.500000 0.416667
vt 0.750000 0.500000
vt 0.750000 0.583333
vt 0.750000 0.666667
vt 0.750000 0.750000
vt 0.750000 0.833333
vt 0.750000 0.916667
vt 0.750000 1.000000
vt 0.750000 0.000000
vt 0.750000 0.083333
vt 0.750000 0.166667
vt 0.750000 0.250000
vt 0.750000 0.333333
vt 0.750000 0.416667
vt 0.750000 0.500000
vt 0.875000 0.500000
vt 0.875000 0.583333
vt 0.750000 0.583333
vt 0.875000 0.666667
vt 0.750000 0.666667
vt 0.875000 0.750000
vt 0.750000 0.750000
vt 0.875000 0.833333
vt 0.750000 0.833333
vt 0.875000 0.916667
vt 0.750000 0.916667
vt 0.875000 1.000000
vt 0.750000 1.000000
vt 0.750000 0.000000
vt 0.875000 0.000000
vt 0.875000 0.083333
vt 0.750000 0.083333
vt 0.875000 0.166667
vt 0.750000 0.166667
vt 0.875000 0.250000
vt 0.750000 0.250000
vt 0.875000 0.333333
vt 0.750000 0.333333
vt 0.875000 0.416667
vt 0.750000 0.416667
vt 1.000000 0.500000
vt 1.000000 0.583333
vt 1.000000 0.666667
vt 1.000000 0.750000
vt 1.000000 0.833333
vt 1.000000 0.916667
vt 1.000000 1.000000
vt 1.000000 0.000000
vt 1.000000 0.083333
vt 1.000000 0.166667
vt 1.000000 0.250000
vt 1.000000 0.333333
vt 1.000000 0.416667
vt 0.000000 0.500000
vt 0.125000 0.500000
vt 0.125000 0.583333
vt 0.000000 0.583333
vt 0.125000 0.666667
vt 0.000000 0.666667
vt 0.125000 0.750000
vt 0.000000 0.750000
vt 0.125000 0.833333
vt 0.000000 0.833333
vt 0.125000 0.916667
vt 0.000000 0.916667
vt 0.125000 1.000000
vt 0.000000 1.000000
vt 0.000000 0.000000
vt 0.125000 0.000000
vt 0.125000 0.083333
vt 0.000000 0.083333
vt 0.125000 0.166667
vt 0.000000 0.166667
vt 0.125000 0.250000
vt 0.000000 0.250000
vt 0.125000 0.333333
vt 0.000000 0.333333
vt 0.125000 0.416667
vt 0.000000 0.416667
vt 0.250000 0.500000
vt 0.250000 0.583333
vt 0.250000 0.666667
vt 0.250000 0.750000
vt 0.250000 0.833333
vt 0.250000 0.916667
vt 0.250000 1.000000
vt 0.250000 0.000000
vt 0.250000 0.083333
vt 0.250000 0.166667
vt 0.250000 0.250000
vt 0.250000 0.333333
vt 0.250000 0.416667
vt 0.250000 0.500000
vt 0.375000 0.500000
vt 0.375000 0.583333
vt 0.250000 0.583333
vt 0.375000 0.666667
vt 0.250000 0.666667
vt 0.375000 0.750000
vt 0.250000 0.750000
vt 0.375000 0.833333
vt 0.250000 0.833333
vt 0.375000 0.916667
vt 0.250000 0.916667
vt 0.375000 1.000000
vt 0.250000 1.000000
vt 0.250000 0.000000
vt 0.375000 0.000000
vt 0.375000 0.083333
vt 0.250000 0.083333
vt 0.375000 0.166667
vt 0.250000 0.166667
vt 0.375000 0.250000
vt 0.250000 0.250000
vt 0.375000 0.333333
vt 0.250000 0.333333
vt 0.375000 0.416667
vt 0.250000 0.416667
vt 0.500000 0.500000
vt 0.625000 0.500000
vt 0.625000 0.583333
vt 0.500000 0.583333
vt 0.625000 0.666667
vt 0.500000 0.666667
vt 0.625000 0.750000
vt 0.500000 0.750000
vt 0.625000 0.833333
vt 0.500000 0.833333
vt 0.625000 0.916667
vt 0.500000 0.916667
vt 0.625000 1.000000
vt 0.500000 1.000000
vt 0.500000 0.000000
vt 0.625000 0.000000
vt 0.625000 0.083333
vt 0.500000 0.083333
vt 0.625000 0.166667
vt 0.500000 0.166667
vt 0.625000 0.250000
vt 0.500000 0.250000
vt 0.625000 0.333333
vt 0.500000 0.333333
vt 0.625000 0.416667
vt 0.500000 0.416667
vt 0.750000 0.500000
vt 0.750000 0.583333
vt 0.750000 0.666667
vt 0.750000 0.750000
vt 0.750000 0.833333
vt 0.750000 0.916667
vt 0.750000 1.000000
vt 0.750000 0.000000
vt 0.750000 0.083333
vt 0.750000 0.166667
vt 0.750000 0.250000
vt 0.750000 0.333333
vt 0.750000 0.416667
vt 0.750000 0.500000
vt 0.875000 0.500000
vt 0.875000 0.583333
vt 0.750000 0.583333
vt 0.875000 0.666667
vt 0.750000 0.666667
vt 0.875000 0.750000
vt 0.750000 0.750000
vt 0.875000 0.833333
vt 0.750000 0.833333
vt 0.875000 0.916667
vt 0.750000 0.916667
vt 0.875000 1.000000
vt 0.750000 1.000000
vt 0.750000 0.000000
vt 0.875000 0.000000
vt 0.875000 0.083333
vt 0.750000 0.083333
vt 0.875000 0.166667
vt 0.750000 0.166667
vt 0.875000 0.250000
vt 0.750000 0.250000
vt 0.875000 0.333333
vt 0.750000 0.333333
vt 0.875000 0.416667
vt 0.750000 0.416667
vt 1.000000 0.500000
vt 1.000000 0.583333
vt 1.000000 0.666667
vt 1.000000 0.750000
vt 1.000000 0.833333
vt 1.000000 0.916667
vt 1.000000 1.000000
vt 1.000000 0.000000
vt 1.000000 0.083333
vt 1.000000 0.166667
vt 1.000000 0.250000
vt 1.000000 0.333333
vt 1.000000 0.416667
vt 0.000000 0.500000
vt 0.125000 0.500000
vt 0.125000 0.583333
vt 0.000000 0.583333
vt 0.125000 0.666667
vt 0.000000 0.666667
vt 0.125000 0.750000
vt 0.000000 0.750000
vt 0.125000 0.833333
vt 0.000000 0.833333
vt 0.125000 0.916667
vt 0.000000 0.916667
vt 0.125000 1.000000
vt 0.000000 1.000000
vt 0.000000 0.000000
vt 0.125000 0.000000
vt 0.125000 0.083333
vt 0.000000 0.083333
vt 0.125000 0.166667
vt 0.000000 0.166667
vt 0.125000 0.250000
vt 0.000000 0.250000
vt 0.125000 0.333333
vt 0.000000 0.333333
vt 0.125000 0.416667
vt 0.000000 0.416667
vt 0.250000 0.500000
vt 0.250000 0.583333
vt 0.250000 0.666667
vt 0.250000 0.750000
vt 0.250000 0.833333
vt 0.250000 0.916667
vt 0.250000 1.000000
vt 0.250000 0.000000
vt 0.250000 0.083333
vt 0.250000 0.166667
vt 0.250000 0.250000
vt 0.250000 0.333333
vt 0.250000 0.416667
vt 0.250000 0.500000
vt 0.375000 0.500000
vt 0.375000 0.583333
vt 0.250000 0.583333
vt 0.375000 0.666667
vt 0.250000 0.666667
vt 0.375000 0.750000
vt 0.250000 0.750000
vt 0.375000 0.833333
vt 0.250000 0.833333
vt 0.375000 0.916667
vt 0.250000 0.916667
vt 0.375000 1.000000
vt 0.250000 1.000000
vt 0.250000 0.000000
vt 0.375000 0.000000
vt 0.375000 0.083333
vt 0.250000 0.083333
vt 0.375000 0.166667
vt 0.250000 0.166667
vt 0.375000 0.250000
vt 0.250000 0.250000
vt 0.375000 0.333333
vt 0.250000 0.333333
vt 0.375000 0.416667
vt 0.250000 0.416667
vt 0.500000 0.500000
vt 0.625000 0.500000
vt 0.625000 0.583333
vt 0.500000 0.583333
vt 0.625000 0.666667
vt 0.500000 0.666667
vt 0.625000 0.750000
vt 0.500000 0.750000
vt 0.625000 0.833333
vt 0.500000 0.833333
vt 0.625000 0.916667
vt 0.500000 0.916667
vt 0.625000 1.000000
vt 0.500000 1.000000
vt 0.500000 0.000000
vt 0.625000 0.000000
vt 0.625000 0.083333
vt 0.500000 0.083333
vt 0.625000 0.166667
vt 0.500000 0.166667
vt 0.625000 0.250000
vt 0.500000 0.250000
vt 0.625000 0.333333
vt 0.500000 0.333333
vt 0.625000 0.416667
vt 0.500000 0.416667
vt 0.750000 0.500000
vt 0.750000 0.583333
vt 0.750000 0.666667
vt 0.750000 0.750000
vt 0.750000 0.833333
vt 0.750000 0.916667
vt 0.750000 1.000000
vt 0.750000 0.000000
vt 0.750000 0.083333
vt 0.750000 0.166667
vt 0.750000 0.250000
vt 0.750000 0.333333
vt 0.750000 0.416667
vt 0.750000 0.500000
vt 0.875000 0.500000
vt 0.875000 0.583333
vt 0.750000 0.583333
vt 0.875000 0.666667
vt 0.750000 0.666667
vt 0.875000 0.750000
vt 0.750000 0.750000
vt 0.875000 0.833333
vt 0.750000 0.833333
vt 0.875000 0.916667
vt 0.750000 0.916667
vt 0.875000 1.000000
vt 0.750000 1.000000
vt 0.750000 0.000000
vt 0.875000 0.000000
vt 0.875000 0.083333
vt 0.750000 0.083333
vt 0.875000 0.166667
vt 0.750000 0.166667
vt 0.875000 0.250000
vt 0.750000 0.250000
vt 0.875000 0.333333
vt 0.750000 0.333333
vt 0.875000 0.416667
vt 0.750000 0.416667
vt 1.000000 0.500000
vt 1.000000 0.583333
vt 1.000000 0.666667
vt 1.000000 0.750000
vt 1.000000 0.833333
vt 1.000000 0.916667
vt 1.000000 1.000000
vt 1.000000 0.000000
vt 1.000000 0.083333
vt 1.000000 0.166667
vt 1.000000 0.250000
vt 1.000000 0.333333
vt 1.000000 0.416667
vt 0.000000 0.500000
vt 0.125000 0.500000
vt 0.125000 0.583333
vt 0.000000 0.583333
vt 0.125000 0.666667
vt 0.000000 0.666667
vt 0.125000 0.750000
vt 0.000000 0.750000
vt 0.125000 0.833333
vt 0.000000 0.833333
vt 0.125000 0.916667
vt 0.000000 0.916667
vt 0.125000 1.000000
vt 0.000000 1.000000
vt 0.000000 0.000000
vt 0.125000 0.000000
vt 0.125000 0.083333
vt 0.000000 0.083333
vt 0.125000 0.166667
vt 0.000000 0.166667
vt 0.125000 0.250000
vt 0.000000 0.250000
vt 0.125000 0.333333
vt 0.000000 0.333333
vt 0.125000 0.416667
vt 0.000000 0.416667
vt 0.250000 0.500000
vt 0.250000 0.583333
vt 0.250000 0.666667
vt 0.250000 0.750000
vt 0.250000 0.833333
vt 0.250000 0.916667
vt 0.250000 1.000000
vt 0.250000 0.000000
vt 0.250000 0.083333
vt 0.250000 0.166667
vt 0.250000 0.250000
vt 0.250000 0.333333
vt 0.250000 0.416667
vt 0.250000 0.500000
vt 0.375000 0.500000
vt 0.375000 0.583333
vt 0.250000 0.583333
vt 0.375000 0.666667
vt 0.250000 0.666667
vt 0.375000 0.750000
vt 0.250000 0.750000
vt 0.375000 0.833333
vt 0.250000 0.833333
vt 0.375000 0.916667
vt 0.250000 0.916667
vt 0.375000 1.000000
vt 0.250000 1.000000
vt 0.250000 0.000000
vt 0.375000 0.000000
vt 0.375000 0.083333
vt 0.250000 0.083333
vt 0.375000 0.166667
vt 0.250000 0.166667
vt 0.375000 0.250000
vt 0.250000 0.250000
vt 0.375000 0.333333
vt 0.250000 0.333333
vt 0.375000 0.416667
vt 0.250000 0.416667
vt 0.500000 0.500000
vt 0.625000 0.500000
vt 0.625000 0.583333
vt 0.500000 0.583333
vt 0.625000 0.666667
vt 0.500000 0.666667
vt 0.625000 0.750000
vt 0.500000 0.750000
vt 0.625000 0.833333
vt 0.500000 0.833333
vt 0.625000 0.916667
vt 0.500000 0.916667
vt 0.625000 1.000000
vt 0.500000 1.000000
vt 0.500000 0.000000
vt 0.625000 0.000000
vt 0.625000 0.083333
vt 0.500000 0.083333
vt 0.625000 0.166667
vt 0.500000 0.166667
vt 0.625000 0.250000
vt 0.500000 0.250000
vt 0.625000 0.333333
vt 0.500000 0.333333
vt 0.625000 0.416667
vt 0.500000 0.416667
vt 0.750000 0.500000
vt 0.750000 0.583333
vt 0.750000 0.666667
vt 0.750000 0.750000
vt 0.750000 0.833333
vt 0.750000 0.916667
vt 0.750000 1.000000
vt 0.750000 0.000000
vt 0.750000 0.083333
vt 0.750000 0.166667
vt 0.750000 0.250000
vt 0.750000 0.333333
vt 0.750000 0.416667
vt 0.750000 0.500000
vt 0.875000 0.500000
vt 0.875000 0.583333
vt 0.750000 0.583333
vt 0.875000 0.666667
vt 0.750000 0.666667
vt 0.875000 0.750000
vt 0.750000 0.750000
vt 0.875000 0.833333
vt 0.750000 0.833333
vt 0.875000 0.916667
vt 0.750000 0.916667
vt 0.875000 1.000000
vt 0.750000 1.000000
vt 0.750000 0.000000
vt 0.875000 0.000000
vt 0.875000 0.083333
vt 0.750000 0.083333
vt 0.875000 0.166667
vt 0.750000 0.166667
vt 0.875000 0.250000
vt 0.750000 0.250000
vt 0.875000 0.333333
vt 0.750000 0.333333
vt 0.875000 0.416667
vt 0.750000 0.416667
vt 1.000000 0.500000
vt 1.000000 0.583333
vt 1.000000 0.666667
vt 1.000000 0.750000
vt 1.000000 0.833333
vt 1.000000 0.916667
vt 1.000000 1.000000
vt 1.000000 0.000000
vt 1.000000 0.083333
vt 1.000000 0.166667
vt 1.000000 0.250000
vt 1.000000 0.333333
vt 1.000000 0.416667
vt 0.000000 0.500000
vt 0.125000 0.500000
vt 0.125000 0.583333
vt 0.000000 0.583333
vt 0.125000 0.666667
vt 0.000000 0.666667
vt 0.125000 0.750000
vt 0.000000 0.750000
vt 0.125000 0.833333
vt 0.000000 0.833333
vt 0.125000 0.916667
vt 0.000000 0.916667
vt 0.125000 1.000000
vt 0.000000 1.000000
vt 0.000000 0.000000
vt 0.125000 0.000000
vt 0.125000 0.083333
vt 0.000000 0.083333
vt 0.125000 0.166667
vt 0.000000 0.166667
vt 0.125000 0.250000
vt 0.000000 0.250000
vt 0.125000 0.333333
vt 0.000000 0.333333
vt 0.125000 0.416667
vt 0.000000 0.416667
vt 0.250000 0.500000
vt 0.250000 0.583333
vt 0.250000 0.666667
vt 0.250000 0.750000
vt 0.250000 0.833333
vt 0.250000 0.916667
vt 0.250000 1.000000
vt 0.250000 0.000000
vt 0.250000 0.083333
vt 0.250000 0.166667
vt 0.250000 0.250000
vt 0.250000 0.333333
vt 0.250000 0.416667
vt 0.250000 0.500000
vt 0.375000 0.500000
vt 0.375000 0.583333
vt 0.250000 0.583333
vt 0.375000 0.666667
vt 0.250000 0.666667
vt 0.375000 0.750000
vt 0.250000 0.750000
vt 0.375000 0.833333
vt 0.250000 0.833333
vt 0.375000 0.916667
vt 0.250000 0.916667
vt 0.375000 1.000000
vt 0.250000 1.000000
vt 0.250000 0.000000
vt 0.375000 0.000000
vt 0.375000 0.083333
vt 0.250000 0.083333
vt 0.375000 0.166667
vt 0.250000 0.166667
vt 0.375000 0.250000
vt 0.250000 0.250000
vt 0.375000 0.333333
vt 0.250000 0.333333
vt 0.375000 0.416667
vt 0.250000 0.416667
vt 0.500000 0.500000
vt 0.625000 0.500000
vt 0.625000 0.583333
vt 0.500000 0.583333
vt 0.625000 0.666667
vt 0.500000 0.666667
vt 0.625000 0.750000
vt 0.500000 0.750000
vt 0.625000 0.833333
vt 0.500000 0.833333
vt 0.625000 0.916667
vt 0.500000 0.916667
vt 0.625000 1.000000
vt 0.500000 1.000000
vt 0.500000 0.000000
vt 0.625000 0.000000
vt 0.625000 0.083333
vt 0.500000 0.083333
vt 0.625000 0.166667
vt 0.500000 0.166667
vt 0.625000 0.250000
vt 0.500000 0.250000
vt 0.625000 0.333333
vt 0.500000 0.333333
vt 0.625000 0.416667
vt 0.500000 0.416667
vt 0.750000 0.500000
vt 0.750000 0.583333
vt 0.750000 0.666667
vt 0.750000 0.750000
vt 0.750000 0.833333
vt 0.750000 0.916667
vt 0.750000 1.000000
vt 0.750000 0.000000
vt 0.750000 0.083333
vt 0.750000 0.166667
vt 0.750000 0.250000
vt 0.750000 0.333333
vt 0.750000 0.416667
vt 0.750000 0.500000
vt 0.875000 0.500000
vt 0.875000 0.583333
vt 0.750000 0.583333
vt 0.875000 0.666667
vt 0.750000 0.666667
vt 0.875000 0.750000
vt 0.750000 0.750000
vt 0.875000 0.833333
vt 0.750000 0.833333
vt 0.875000 0.916667
vt 0.750000 0.916667
vt 0.875000 1.000000
vt 0.750000 1.000000
vt 0.750000 0.000000
vt 0.875000 0.000000
vt 0.875000 0.083333
vt 0.750000 0.083333
vt 0.875000 0.166667
vt 0.750000 0.166667
vt 0.875000 0.250000
vt 0.750000 0.250000
vt 0.875000 0.333333
vt 0.750000 0.333333
vt 0.875000 0.416667
vt 0.750000 0.416667
vt 1.000000 0.500000
vt 1.000000 0.583333
vt 1.000000 0.666667
vt 1.000000 0.750000
vt 1.000000 0.833333
vt 1.000000 0.916667
vt 1.000000 1.000000
vt 1.000000 0.000000
vt 1.000000 0.083333
vt 1.000000 0.166667
vt 1.000000 0.250000
vt 1.000000 0.333333
vt 1.000000 0.416667
vt 0.000000 0.500000
vt 0.125000 0.500000
vt 0.125000 0.583333
vt 0.000000 0.583333
vt 0.125000 0.666667
vt 0.000000 0.666667
vt 0.125000 0.750000
vt 0.000000 0.750000
vt 0.125000 0.833333
vt 0.000000 0.833333
vt 0.125000 0.916667
vt 0.000000 0.916667
vt 0.125000 1.000000
vt 0.000000 1.000000
vt 0.000000 0.000000
vt 0.125000 0.000000
vt 0.125000 0.083333
vt 0.000000 0.083333
vt 0.125000 0.166667
vt 0.000000 0.166667
vt 0.125000 0.250000
vt 0.000000 0.250000
vt 0.125000 0.333333
vt 0.000000 0.333333
vt 0.125000 0.416667
vt 0.000000 0.416667
vt 0.250000 0.500000
vt 0.250000 0.583333
vt 0.250000 0.666667
vt 0.250000 0.750000
vt 0.250000 0.833333
vt 0.250000 0.916667
vt 0.250000 1.000000
vt 0.250000 0.000000
vt 0.250000 0.083333
vt 0.250000 0.166667
vt 0.250000 0.250000
vt 0.250000 0.333333
vt 0.250000 0.416667
vt 0.250000 0.500000
vt 0.375000 0.500000
vt 0.375000 0.583333
vt 0.250000 0.583333
vt 0.375000 0.666667
vt 0.250000 0.666667
vt 0.375000 0.750000
vt 0.250000 0.750000
vt 0.375000 0.833333
vt 0.250000 0.833333
vt 0.375000 0.916667
vt 0.250000 0.916667
vt 0.375000 1.000000
vt 0.250000 1.000000
vt 0.250000 0.000000
vt 0.375000 0.000000
vt 0.375000 0.083333
vt 0.250000 0.083333
vt 0.375000 0.166667
vt 0.250000 0.166667
vt 0.375000 0.250000
vt 0.250000 0.250000
vt 0.375000 0.333333
vt 0.250000 0.333333
vt 0.375000 0.416667
vt 0.250000 0.416667
vn 0.0309 -0.9367 0.3489
vn -0.3127 -0.7731 0.5519
vn -0.6753 -0.3315 0.6589
vn -0.8033 0.3315 0.4947
vn -0.6113 0.7731 0.1691
vn -0.3309 0.9367 -0.1148
vn -0.0309 0.9367 -0.3488
vn 0.3127 0.7731 -0.5518
vn 0.6753 0.3315 -0.6588
vn 0.8033 -0.3315 -0.4947
vn 0.6113 -0.7731 -0.1691
vn 0.3309 -0.9367 0.1148
vn 0.3450 -0.4668 0.8143
vn -0.1143 -0.3604 0.9257
vn -0.5964 -0.1400 0.7904
vn -0.9117 0.1400 0.3863
vn -0.9258 0.3604 -0.1143
vn -0.7059 0.4668 -0.5327
vn -0.3450 0.4668 -0.8143
vn 0.1143 0.3605 -0.9257
vn 0.5964 0.1400 -0.7904
vn 0.9117 -0.1400 -0.3863
vn 0.9257 -0.3604 0.1143
vn 0.7059 -0.4668 0.5327
vn 0.3450 0.4668 0.8143
vn -0.1143 0.3604 0.9258
vn -0.5964 0.1400 0.7904
vn -0.9117 -0.1400 0.3863
vn -0.9258 -0.3604 -0.1143
vn -0.7059 -0.4668 -0.5327
vn -0.3450 -0.4668 -0.8143
vn 0.1143 -0.3605 -0.9257
vn 0.5964 -0.1400 -0.7904
vn 0.9117 0.1400 -0.3862
vn 0.9258 0.3604 0.1143
vn 0.7059 0.4668 0.5327
vn 0.0309 0.9367 0.3489
vn -0.3127 0.7731 0.5518
vn -0.6753 0.3315 0.6589
vn -0.8033 -0.3315 0.4948
vn -0.6113 -0.7731 0.1690
vn -0.3308 -0.9367 -0.1148
vn -0.0309 -0.9367 -0.3489
vn 0.3127 -0.7731 -0.5518
vn 0.6753 -0.3315 -0.6588
vn 0.8033 0.3315 -0.4947
vn 0.6113 0.7731 -0.1691
vn 0.3309 0.9367 0.1148
vn -0.8034 0.3315 0.4947
vn 0.0309 -0.9367 0.3488
vn 0.3308 -0.9367 0.1148
vn 0.6113 -0.7731 -0.1690
vn 0.8033 -0.3315 -0.4948
vn -0.0309 0.9367 -0.3489
vn -0.9117 0.1400 0.3862
vn -0.1143 -0.3604 0.9258
vn 0.1143 0.3604 -0.9258
vn -0.9257 -0.3604 -0.1143
vn -0.1143 0.3604 0.9257
vn 0.9257 0.3604 0.1143
vn 0.9117 0.1400 -0.3863
vn 0.1143 -0.3604 -0.9257
vn -0.3309 -0.9367 -0.1148
vn -0.6113 -0.7731 0.1691
vn 0.0309 0.9367 0.3488
vn 0.6753 -0.3315 -0.6589
vn 0.3127 -0.7731 -0.5519
vn -0.0309 -0.9366 -0.3489
vn -0.1225 0.0000 0.9925
vn -0.6024 0.0000 0.7982
vn -0.9208 0.0000 0.3901
vn -0.9925 0.0000 -0.1225
vn -0.7982 0.0000 -0.6024
vn -0.3901 0.0000 -0.9208
vn 0.1225 0.0000 -0.9925
vn 0.6024 0.0000 -0.7982
vn 0.9208 0.0000 -0.3901
vn 0.9925 0.0000 0.1225
vn 0.7982 0.0000 0.6024
vn 0.3901 0.0000 0.9208
vn 0.1903 -0.9367 -0.2941
vn 0.5860 -0.7731 -0.2427
vn 0.9377 -0.3315 -0.1041
vn 0.9377 0.3315 0.1041
vn 0.5860 0.7731 0.2427
vn 0.1902 0.9367 0.2941
vn -0.1902 0.9367 0.2941
vn -0.5860 0.7731 0.2427
vn -0.9377 0.3315 0.1041
vn -0.9377 -0.3315 -0.1041
vn -0.5860 -0.7731 -0.2427
vn -0.1903 -0.9367 -0.2941
vn 0.2289 -0.4668 -0.8542
vn 0.6596 -0.3604 -0.6596
vn 0.9564 -0.1400 -0.2563
vn 0.9564 0.1400 0.2563
vn 0.6596 0.3604 0.6596
vn 0.2289 0.4668 0.8542
vn -0.2289 0.4668 0.8542
vn -0.6596 0.3604 0.6596
vn -0.9564 0.1400 0.2563
vn -0.9564 -0.1400 -0.2563
vn -0.6596 -0.3604 -0.6596
vn -0.2289 -0.4668 -0.8542
vn 0.2289 0.4668 -0.8542
vn 0.6596 0.3604 -0.6596
vn 0.9564 0.1400 -0.2563
vn 0.9564 -0.1400 0.2563
vn 0.6596 -0.3604 0.6596
vn 0.2289 -0.4668 0.8542
vn -0.2289 -0.4668 0.8542
vn -0.6596 -0.3604 0.6596
vn -0.9564 -0.1400 0.2563
vn -0.9564 0.1400 -0.2563
vn -0.6596 0.3604 -0.6596
vn -0.2289 0.4668 -0.8542
vn 0.1902 0.9367 -0.2941
vn 0.5860 0.7731 -0.2427
vn 0.9377 0.3315 -0.1041
vn 0.9377 -0.3315 0.1041
vn 0.5860 -0.7731 0.2427
vn 0.1902 -0.9367 0.2941
vn -0.1902 -0.9367 0.2941
vn -0.5860 -0.7731 0.2427
vn -0.9377 -0.3315 0.1041
vn -0.9377 0.3315 -0.1041
vn -0.5860 0.7731 -0.2427
vn -0.1902 0.9367 -0.2941
vn 0.1902 -0.9367 -0.2941
vn -0.1902 -0.9367 -0.2941
vn 0.6596 -0.3605 0.6596
vn -0.6596 -0.3605 0.6596
vn 0.1903 -0.9367 0.2941
vn -0.1903 -0.9367 0.2941
vn 0.7071 0.0000 -0.7071
vn 0.9659 0.0000 -0.2588
vn 0.9659 0.0000 0.2588
vn 0.7071 0.0000 0.7071
vn 0.2588 0.0000 0.9659
vn -0.2588 0.0000 0.9659
vn -0.7071 0.0000 0.7071
vn -0.9659 0.0000 0.2588
vn -0.9659 0.0000 -0.2588
vn -0.7071 0.0000 -0.7071
vn -0.2588 0.0000 -0.9659
vn 0.2588 0.0000 -0.9659
vn 0.0169 -0.9367 -0.3498
vn 0.3849 -0.7731 -0.5041
vn 0.7587 -0.3315 -0.5608
vn 0.8632 0.3315 -0.3808
vn 0.6287 0.7731 -0.0843
vn 0.3121 0.9367 0.1588
vn -0.0168 0.9367 0.3498
vn -0.3849 0.7731 0.5041
vn -0.7587 0.3315 0.5608
vn -0.8632 -0.3315 0.3807
vn -0.6287 -0.7731 0.0843
vn -0.3122 -0.9367 -0.1588
vn -0.2309 -0.4668 -0.8537
vn 0.2393 -0.3604 -0.9016
vn 0.6985 -0.1400 -0.7018
vn 0.9558 0.1400 -0.2585
vn 0.9016 0.3604 0.2393
vn 0.6268 0.4668 0.6238
vn 0.2309 0.4668 0.8537
vn -0.2393 0.3604 0.9016
vn -0.6985 0.1400 0.7018
vn -0.9558 -0.1400 0.2585
vn -0.9016 -0.3604 -0.2393
vn -0.6268 -0.4668 -0.6238
vn -0.2309 0.4668 -0.8537
vn 0.2393 0.3605 -0.9016
vn 0.6985 0.1400 -0.7018
vn 0.9558 -0.1400 -0.2586
vn 0.9016 -0.3604 0.2393
vn 0.6268 -0.4668 0.6238
vn 0.2309 -0.4668 0.8537
vn -0.2393 -0.3604 0.9016
vn -0.6985 -0.1400 0.7018
vn -0.9558 0.1400 0.2585
vn -0.9016 0.3604 -0.2393
vn -0.6268 0.4668 -0.6238
vn 0.0169 0.9367 -0.3498
vn 0.3849 0.7731 -0.5041
vn 0.7587 0.3315 -0.5608
vn 0.8632 -0.3315 -0.3808
vn 0.6287 -0.7731 -0.0844
vn 0.3121 -0.9367 0.1589
vn -0.0168 -0.9367 0.3498
vn -0.3849 -0.7731 0.5041
vn -0.7587 -0.3315 0.5608
vn -0.8632 0.3315 0.3807
vn -0.6287 0.7731 0.0843
vn -0.3122 0.9367 -0.1588
vn 0.3122 0.9367 0.1588
vn 0.3850 -0.7731 -0.5041
vn 0.0168 -0.9367 -0.3498
vn -0.3121 -0.9367 -0.1589
vn -0.8632 -0.3315 0.3808
vn -0.0169 0.9366 0.3499
vn -0.9558 -0.1400 0.2586
vn -0.2393 0.3605 0.9016
vn 0.6268 -0.4668 0.6239
vn 0.9558 -0.1400 -0.2585
vn 0.2393 0.3604 -0.9016
vn 0.3122 -0.9367 0.1588
vn 0.6287 -0.7731 -0.0843
vn 0.8632 -0.3315 -0.3807
vn 0.3850 0.7731 -0.5041
vn 0.0168 0.9367 -0.3498
vn -0.3121 0.9367 -0.1588
vn -0.8632 0.3315 0.3808
vn -0.7587 -0.3315 0.5609
vn -0.0169 -0.9367 0.3498
vn 0.2565 0.0000 -0.9665
vn 0.7054 0.0000 -0.7088
vn 0.9653 0.0000 -0.2611
vn 0.9665 0.0000 0.2565
vn 0.7088 0.0000 0.7054
vn 0.2611 0.0000 0.9653
vn -0.2565 0.0000 0.9665
vn -0.7054 0.0000 0.7088
vn -0.9653 0.0000 0.2611
vn -0.9665 0.0000 -0.2565
vn -0.7088 0.0000 -0.7054
vn -0.2611 0.0000 -0.9653
vn 0.3437 -0.9367 -0.0674
vn 0.5816 -0.7731 0.2531
vn 0.7260 -0.3315 0.6025
vn 0.5763 0.3315 0.7470
vn 0.2322 0.7731 0.5902
vn -0.0795 0.9366 0.3411
vn -0.3437 0.9367 0.0673
vn -0.5816 0.7731 -0.2531
vn -0.7261 0.3315 -0.6024
vn -0.5762 -0.3315 -0.7470
vn -0.2323 -0.7731 -0.5902
vn 0.0796 -0.9367 -0.3410
vn 0.7736 -0.4668 -0.4285
vn 0.9326 -0.3604 0.0166
vn 0.8485 -0.1400 0.5103
vn 0.4797 0.1400 0.8662
vn -0.0166 0.3605 0.9326
vn -0.4557 0.4668 0.7579
vn -0.7736 0.4668 0.4284
vn -0.9326 0.3605 -0.0166
vn -0.8485 0.1400 -0.5103
vn -0.4797 -0.1400 -0.8662
vn 0.0166 -0.3605 -0.9326
vn 0.4558 -0.4668 -0.7579
vn 0.7736 0.4668 -0.4285
vn 0.9326 0.3604 0.0167
vn 0.8485 0.1400 0.5103
vn 0.4797 -0.1401 0.8662
vn -0.0166 -0.3605 0.9326
vn -0.4557 -0.4668 0.7579
vn -0.7736 -0.4668 0.4284
vn -0.9326 -0.3605 -0.0166
vn -0.8485 -0.1400 -0.5103
vn -0.4797 0.1400 -0.8662
vn 0.0166 0.3604 -0.9326
vn 0.4558 0.4668 -0.7579
vn 0.3437 0.9367 -0.0674
vn 0.5816 0.7731 0.2531
vn 0.7260 0.3315 0.6025
vn 0.5763 -0.3315 0.7470
vn 0.2322 -0.7731 0.5902
vn -0.0795 -0.9366 0.3412
vn -0.3437 -0.9367 0.0672
vn -0.5816 -0.7731 -0.2530
vn -0.7260 -0.3315 -0.6025
vn -0.5763 0.3315 -0.7470
vn -0.2323 0.7731 -0.5902
vn 0.0796 0.9367 -0.3410
vn -0.0796 0.9366 0.3411
vn 0.2323 0.7731 0.5902
vn 0.7261 -0.3315 0.6024
vn 0.3437 -0.9367 -0.0673
vn 0.0795 -0.9366 -0.3412
vn -0.2322 -0.7731 -0.5902
vn -0.5763 -0.3315 -0.7470
vn -0.7260 0.3315 -0.6025
vn -0.3437 0.9367 0.0674
vn -0.4558 0.4668 0.7579
vn -0.0166 0.3604 0.9326
vn 0.8486 -0.1401 0.5102
vn 0.9326 -0.3605 0.0166
vn 0.7736 -0.4668 -0.4284
vn 0.4557 -0.4668 -0.7579
vn -0.4797 -0.1401 -0.8662
vn -0.9326 0.3604 -0.0167
vn -0.4558 -0.4668 0.7579
vn 0.4797 -0.1400 0.8662
vn 0.9326 0.3605 0.0166
vn 0.7736 0.4668 -0.4284
vn 0.4557 0.4668 -0.7579
vn 0.0166 0.3605 -0.9326
vn -0.4797 0.1401 -0.8662
vn -0.9326 -0.3604 -0.0167
vn -0.7736 -0.4668 0.4285
vn -0.0796 -0.9367 0.3411
vn 0.2323 -0.7731 0.5902
vn 0.5762 -0.3315 0.7470
vn 0.7261 0.3315 0.6024
vn 0.3437 0.9367 -0.0673
vn 0.0795 0.9366 -0.3412
vn -0.2322 0.7731 -0.5902
vn -0.5816 -0.7731 -0.2531
vn -0.3437 -0.9367 0.0674
vn 0.9998 0.0000 0.0178
vn 0.8570 0.0000 0.5154
vn 0.4845 0.0000 0.8748
vn -0.0178 0.0000 0.9998
vn -0.5154 0.0000 0.8570
vn -0.8748 0.0000 0.4845
vn -0.9998 0.0000 -0.0178
vn -0.8570 0.0000 -0.5153
vn -0.4845 0.0000 -0.8748
vn 0.0178 0.0000 -0.9998
vn 0.5154 0.0000 -0.8570
vn 0.8748 0.0000 -0.4845
vn -0.3127 -0.7732 0.5518
vn -0.6113 0.7731 0.1692
vn -0.3309 0.9366 -0.1148
vn 0.6753 0.3315 -0.6589
vn 0.8034 -0.3315 -0.4947
vn -0.5964 -0.1401 0.7903
vn -0.9257 0.3604 -0.1143
vn 0.9117 -0.1400 -0.3862
vn 0.9258 -0.3604 0.1143
vn -0.5964 0.1401 0.7904
vn -0.9117 -0.1400 0.3862
vn -0.9257 -0.3605 -0.1143
vn 0.5965 -0.1400 -0.7903
vn 0.9117 0.1401 -0.3863
vn -0.3127 0.7731 0.5519
vn -0.6753 0.3315 0.6588
vn -0.8033 -0.3315 0.4947
vn -0.6113 -0.7731 0.1692
vn 0.3309 0.9366 0.1149
vn -0.3309 0.9366 -0.1149
vn 0.6113 -0.7731 -0.1692
vn -0.9117 0.1401 0.3863
vn -0.5964 -0.1400 0.7903
vn -0.1143 -0.3605 0.9257
vn 0.9257 -0.3605 0.1144
vn 0.1143 -0.3604 -0.9258
vn 0.3309 0.9366 0.1148
vn 0.6113 0.7731 -0.1692
vn 0.6752 -0.3314 -0.6589
vn 0.3127 -0.7732 -0.5518
vn 0.6596 0.3605 -0.6596
vn 0.5860 0.7731 -0.2428
vn 0.3849 -0.7731 -0.5042
vn 0.8632 0.3315 -0.3807
vn -0.0169 0.9367 0.3498
vn -0.6286 -0.7731 0.0843
vn 0.2393 -0.3605 -0.9016
vn 0.9558 0.1400 -0.2586
vn -0.6268 -0.4668 -0.6239
vn -0.9016 0.3605 -0.2392
vn -0.6268 0.4668 -0.6239
vn -0.6286 0.7731 0.0842
vn 0.6286 0.7731 -0.0843
vn 0.6268 0.4668 0.6239
vn 0.9016 0.3605 0.2393
vn -0.9016 -0.3604 -0.2392
vn -0.6985 0.1401 0.7018
vn 0.6286 -0.7731 -0.0843
vn 0.7587 0.3315 -0.5607
vn -0.7587 -0.3315 0.5607
vn 0.3437 -0.9366 -0.0673
vn 0.5815 -0.7731 0.2532
vn 0.5762 0.3315 0.7470
vn -0.5816 0.7731 -0.2532
vn -0.5762 -0.3315 -0.7471
vn -0.2322 -0.7731 -0.5903
vn 0.0795 -0.9367 -0.3410
vn 0.4797 0.1401 0.8662
vn -0.7736 0.4668 0.4285
vn -0.9326 0.3604 -0.0166
vn 0.9326 0.3604 0.0166
vn -0.0166 -0.3604 0.9326
vn -0.9326 -0.3604 -0.0166
vn -0.0795 -0.9367 0.3411
vn -0.3437 -0.9367 0.0673
vn -0.5762 0.3315 -0.7470
vn 0.0795 0.9367 -0.3410
vn -0.0795 0.9367 0.3410
vn 0.2322 0.7732 0.5901
vn 0.5816 -0.7731 0.2532
vn 0.0795 -0.9366 -0.3411
vn 0.9326 -0.3604 0.0167
vn -0.0795 -0.9367 0.3410
vn 0.5762 -0.3315 0.7471
vn 0.5816 0.7731 0.2532
vn 0.0795 0.9366 -0.3411
vn -0.3437 -0.9366 0.0673
vn -0.8570 0.0000 -0.5154
vn 0.8570 0.0000 0.5153
usemtl Material
s off
f 771/1195/371 783/1196/371 784/1197/371 772/1198/371
f 772/1198/372 784/1197/372 785/1199/372 773/1200/372
f 773/1200/373 785/1199/373 786/1201/373 774/1202/373
f 774/1202/374 786/1201/374 787/1203/374 775/1204/374
f 775/1204/375 787/1203/375 788/1205/375 776/1206/375
f 776/1206/376 788/1205/376 789/1207/376 777/1208/376
f 777/1209/377 789/1210/377 790/1211/377 778/1212/377
f 778/1212/378 790/1211/378 791/1213/378 779/1214/378
f 779/1214/379 791/1213/379 792/1215/379 780/1216/379
f 780/1216/380 792/1215/380 793/1217/380 781/1218/380
f 781/1218/381 793/1217/381 794/1219/381 782/1220/381
f 782/1220/382 794/1219/382 783/1196/382 771/1195/382
f 783/1196/383 867/1221/383 868/1222/383 784/1197/383
f 784/1197/384 868/1222/384 869/1223/384 785/1199/384
f 785/1199/385 869/1223/385 870/1224/385 786/1201/385
f 786/1201/386 870/1224/386 871/1225/386 787/1203/386
f 787/1203/387 871/1225/387 872/1226/387 788/1205/387
f 788/1205/388 872/1226/388 873/1227/388 789/1207/388
f 789/1210/389 873/1228/389 874/1229/389 790/1211/389
f 790/1211/390 874/1229/390 875/1230/390 791/1213/390
f 791/1213/391 875/1230/391 876/1231/391 792/1215/391
f 792/1215/392 876/1231/392 877/1232/392 793/1217/392
f 793/1217/393 877/1232/393 878/1233/393 794/1219/393
f 794/1219/394 878/1233/394 867/1221/394 783/1196/394
f 795/1234/395 807/1235/395 808/1236/395 796/1237/395
f 796/1237/396 808/1236/396 809/1238/396 797/1239/396
f 797/1239/397 809/1238/397 810/1240/397 798/1241/397
f 798/1241/398 810/1240/398 811/1242/398 799/1243/398
f 799/1243/399 811/1242/399 812/1244/399 800/1245/399
f 800/1245/400 812/1244/400 813/1246/400 801/1247/400
f 801/1248/401 813/1249/401 814/1250/401 802/1251/401
f 802/1251/402 814/1250/402 815/1252/402 803/1253/402
f 803/1253/403 815/1252/403 816/1254/403 804/1255/403
f 804/1255/404 816/1254/404 817/1256/404 805/1257/404
f 805/1257/405 817/1256/405 818/1258/405 806/1259/405
f 806/1259/406 818/1258/406 807/1235/406 795/1234/406
f 807/1235/407 819/1260/407 820/1261/407 808/1236/407
f 808/1236/408 820/1261/408 821/1262/408 809/1238/408
f 809/1238/409 821/1262/409 822/1263/409 810/1240/409
f 810/1240/410 822/1263/410 823/1264/410 811/1242/410
f 811/1242/411 823/1264/411 824/1265/411 812/1244/411
f 812/1244/412 824/1265/412 825/1266/412 813/1246/412
f 813/1249/413 825/1267/413 826/1268/413 814/1250/413
f 814/1250/414 826/1268/414 827/1269/414 815/1252/414
f 815/1252/415 827/1269/415 828/1270/415 816/1254/415
f 816/1254/416 828/1270/416 829/1271/416 817/1256/416
f 817/1256/417 829/1271/417 830/1272/417 818/1258/417
f 818/1258/418 830/1272/418 819/1260/418 807/1235/418
f 819/1273/376 831/1274/376 832/1275/376 820/1276/376
f 820/1276/375 832/1275/375 833/1277/375 821/1278/375
f 821/1278/419 833/1277/419 834/1279/419 822/1280/419
f 822/1280/373 834/1279/373 835/1281/373 823/1282/373
f 823/1282/372 835/1281/372 836/1283/372 824/1284/372
f 824/1284/420 836/1283/420 837/1285/420 825/1286/420
f 825/1287/421 837/1288/421 838/1289/421 826/1290/421
f 826/1290/422 838/1289/422 839/1291/422 827/1292/422
f 827/1292/423 839/1291/423 840/1293/423 828/1294/423
f 828/1294/379 840/1293/379 841/1295/379 829/1296/379
f 829/1296/378 841/1295/378 842/1297/378 830/1298/378
f 830/1298/424 842/1297/424 831/1274/424 819/1273/424
f 831/1274/388 879/1299/388 880/1300/388 832/1275/388
f 832/1275/387 880/1300/387 889/1301/387 833/1277/387
f 833/1277/425 889/1301/425 890/1302/425 834/1279/425
f 834/1279/385 890/1302/385 881/1303/385 835/1281/385
f 835/1281/426 881/1303/426 882/1304/426 836/1283/426
f 836/1283/383 882/1304/383 883/1305/383 837/1285/383
f 837/1288/394 883/1306/394 884/1307/394 838/1289/394
f 838/1289/393 884/1307/393 885/1308/393 839/1291/393
f 839/1291/392 885/1308/392 886/1309/392 840/1293/392
f 840/1293/391 886/1309/391 887/1310/391 841/1295/391
f 841/1295/427 887/1310/427 888/1311/427 842/1297/427
f 842/1297/389 888/1311/389 879/1299/389 831/1274/389
f 843/1312/400 855/1313/400 856/1314/400 844/1315/400
f 844/1315/428 856/1314/428 857/1316/428 845/1317/428
f 845/1317/398 857/1316/398 858/1318/398 846/1319/398
f 846/1319/397 858/1318/397 859/1320/397 847/1321/397
f 847/1321/429 859/1320/429 860/1322/429 848/1323/429
f 848/1323/395 860/1322/395 861/1324/395 849/1325/395
f 849/1326/406 861/1327/406 862/1328/406 850/1329/406
f 850/1329/430 862/1328/430 863/1330/430 851/1331/430
f 851/1331/431 863/1330/431 864/1332/431 852/1333/431
f 852/1333/403 864/1332/403 865/1334/403 853/1335/403
f 853/1335/432 865/1334/432 866/1336/432 854/1337/432
f 854/1337/401 866/1336/401 855/1313/401 843/1312/401
f 855/1313/433 771/1195/433 772/1198/433 856/1314/433
f 856/1314/434 772/1198/434 773/1200/434 857/1316/434
f 857/1316/410 773/1200/410 774/1202/410 858/1318/410
f 858/1318/409 774/1202/409 775/1204/409 859/1320/409
f 859/1320/408 775/1204/408 776/1206/408 860/1322/408
f 860/1322/435 776/1206/435 777/1208/435 861/1324/435
f 861/1327/418 777/1209/418 778/1212/418 862/1328/418
f 862/1328/417 778/1212/417 779/1214/417 863/1330/417
f 863/1330/416 779/1214/416 780/1216/416 864/1332/416
f 864/1332/436 780/1216/436 781/1218/436 865/1334/436
f 865/1334/437 781/1218/437 782/1220/437 866/1336/437
f 866/1336/438 782/1220/438 771/1195/438 855/1313/438
f 796/1237/439 797/1239/439 869/1223/439 868/1222/439
f 797/1239/440 798/1241/440 870/1224/440 869/1223/440
f 798/1241/441 799/1243/441 871/1225/441 870/1224/441
f 799/1243/442 800/1245/442 872/1226/442 871/1225/442
f 800/1245/443 801/1247/443 873/1227/443 872/1226/443
f 801/1248/444 802/1251/444 874/1229/444 873/1228/444
f 802/1251/445 803/1253/445 875/1230/445 874/1229/445
f 803/1253/446 804/1255/446 876/1231/446 875/1230/446
f 804/1255/447 805/1257/447 877/1232/447 876/1231/447
f 805/1257/448 806/1259/448 878/1233/448 877/1232/448
f 806/1259/449 795/1234/449 867/1221/449 878/1233/449
f 795/1234/450 796/1237/450 868/1222/450 867/1221/450
f 844/1315/442 845/1317/442 889/1301/442 880/1300/442
f 845/1317/441 846/1319/441 890/1302/441 889/1301/441
f 846/1319/440 847/1321/440 881/1303/440 890/1302/440
f 847/1321/439 848/1323/439 882/1304/439 881/1303/439
f 848/1323/450 849/1325/450 883/1305/450 882/1304/450
f 849/1326/449 850/1329/449 884/1307/449 883/1306/449
f 850/1329/448 851/1331/448 885/1308/448 884/1307/448
f 851/1331/447 852/1333/447 886/1309/447 885/1308/447
f 852/1333/446 853/1335/446 887/1310/446 886/1309/446
f 853/1335/445 854/1337/445 888/1311/445 887/1310/445
f 854/1337/444 843/1312/444 879/1299/444 888/1311/444
f 843/1312/443 844/1315/443 880/1300/443 879/1299/443
f 891/1338/451 903/1339/451 904/1340/451 892/1341/451
f 892/1341/452 904/1340/452 905/1342/452 893/1343/452
f 893/1343/453 905/1342/453 906/1344/453 894/1345/453
f 894/1345/454 906/1344/454 907/1346/454 895/1347/454
f 895/1347/455 907/1346/455 908/1348/455 896/1349/455
f 896/1349/456 908/1348/456 909/1350/456 897/1351/456
f 897/1352/457 909/1353/457 910/1354/457 898/1355/457
f 898/1355/458 910/1354/458 911/1356/458 899/1357/458
f 899/1357/459 911/1356/459 912/1358/459 900/1359/459
f 900/1359/460 912/1358/460 913/1360/460 901/1361/460
f 901/1361/461 913/1360/461 914/1362/461 902/1363/461
f 902/1363/462 914/1362/462 903/1339/462 891/1338/462
f 903/1339/463 987/1364/463 988/1365/463 904/1340/463
f 904/1340/464 988/1365/464 989/1366/464 905/1342/464
f 905/1342/465 989/1366/465 990/1367/465 906/1344/465
f 906/1344/466 990/1367/466 991/1368/466 907/1346/466
f 907/1346/467 991/1368/467 992/1369/467 908/1348/467
f 908/1348/468 992/1369/468 993/1370/468 909/1350/468
f 909/1353/469 993/1371/469 994/1372/469 910/1354/469
f 910/1354/470 994/1372/470 995/1373/470 911/1356/470
f 911/1356/471 995/1373/471 996/1374/471 912/1358/471
f 912/1358/472 996/1374/472 997/1375/472 913/1360/472
f 913/1360/473 997/1375/473 998/1376/473 914/1362/473
f 914/1362/474 998/1376/474 987/1364/474 903/1339/474
f 915/1377/475 927/1378/475 928/1379/475 916/1380/475
f 916/1380/476 928/1379/476 929/1381/476 917/1382/476
f 917/1382/477 929/1381/477 930/1383/477 918/1384/477
f 918/1384/478 930/1383/478 931/1385/478 919/1386/478
f 919/1386/479 931/1385/479 932/1387/479 920/1388/479
f 920/1388/480 932/1387/480 933/1389/480 921/1390/480
f 921/1391/481 933/1392/481 934/1393/481 922/1394/481
f 922/1394/482 934/1393/482 935/1395/482 923/1396/482
f 923/1396/483 935/1395/483 936/1397/483 924/1398/483
f 924/1398/484 936/1397/484 937/1399/484 925/1400/484
f 925/1400/485 937/1399/485 938/1401/485 926/1402/485
f 926/1402/486 938/1401/486 927/1378/486 915/1377/486
f 927/1378/487 939/1403/487 940/1404/487 928/1379/487
f 928/1379/488 940/1404/488 941/1405/488 929/1381/488
f 929/1381/489 941/1405/489 942/1406/489 930/1383/489
f 930/1383/490 942/1406/490 943/1407/490 931/1385/490
f 931/1385/491 943/1407/491 944/1408/491 932/1387/491
f 932/1387/492 944/1408/492 945/1409/492 933/1389/492
f 933/1392/493 945/1410/493 946/1411/493 934/1393/493
f 934/1393/494 946/1411/494 947/1412/494 935/1395/494
f 935/1395/495 947/1412/495 948/1413/495 936/1397/495
f 936/1397/496 948/1413/496 949/1414/496 937/1399/496
f 937/1399/497 949/1414/497 950/1415/497 938/1401/497
f 938/1401/498 950/1415/498 939/1403/498 927/1378/498
f 939/1416/456 951/1417/456 952/1418/456 940/1419/456
f 940/1419/455 952/1418/455 953/1420/455 941/1421/455
f 941/1421/454 953/1420/454 954/1422/454 942/1423/454
f 942/1423/453 954/1422/453 955/1424/453 943/1425/453
f 943/1425/452 955/1424/452 956/1426/452 944/1427/452
f 944/1427/499 956/1426/499 957/1428/499 945/1429/499
f 945/1430/500 957/1431/500 958/1432/500 946/1433/500
f 946/1433/461 958/1432/461 959/1434/461 947/1435/461
f 947/1435/460 959/1434/460 960/1436/460 948/1437/460
f 948/1437/459 960/1436/459 961/1438/459 949/1439/459
f 949/1439/458 961/1438/458 962/1440/458 950/1441/458
f 950/1441/457 962/1440/457 951/1417/457 939/1416/457
f 951/1417/468 999/1442/468 1000/1443/468 952/1418/468
f 952/1418/467 1000/1443/467 1009/1444/467 953/1420/467
f 953/1420/466 1009/1444/466 1010/1445/466 954/1422/466
f 954/1422/465 1010/1445/465 1001/1446/465 955/1424/465
f 955/1424/464 1001/1446/464 1002/1447/464 956/1426/464
f 956/1426/463 1002/1447/463 1003/1448/463 957/1428/463
f 957/1431/474 1003/1449/474 1004/1450/474 958/1432/474
f 958/1432/473 1004/1450/473 1005/1451/473 959/1434/473
f 959/1434/472 1005/1451/472 1006/1452/472 960/1436/472
f 960/1436/471 1006/1452/471 1007/1453/471 961/1438/471
f 961/1438/470 1007/1453/470 1008/1454/470 962/1440/470
f 962/1440/469 1008/1454/469 999/1442/469 951/1417/469
f 963/1455/480 975/1456/480 976/1457/480 964/1458/480
f 964/1458/501 976/1457/501 977/1459/501 965/1460/501
f 965/1460/478 977/1459/478 978/1461/478 966/1462/478
f 966/1462/477 978/1461/477 979/1463/477 967/1464/477
f 967/1464/476 979/1463/476 980/1465/476 968/1466/476
f 968/1466/475 980/1465/475 981/1467/475 969/1468/475
f 969/1469/486 981/1470/486 982/1471/486 970/1472/486
f 970/1472/485 982/1471/485 983/1473/485 971/1474/485
f 971/1474/484 983/1473/484 984/1475/484 972/1476/484
f 972/1476/483 984/1475/483 985/1477/483 973/1478/483
f 973/1478/502 985/1477/502 986/1479/502 974/1480/502
f 974/1480/481 986/1479/481 975/1456/481 963/1455/481
f 975/1456/503 891/1338/503 892/1341/503 976/1457/503
f 976/1457/491 892/1341/491 893/1343/491 977/1459/491
f 977/1459/490 893/1343/490 894/1345/490 978/1461/490
f 978/1461/489 894/1345/489 895/1347/489 979/1463/489
f 979/1463/488 895/1347/488 896/1349/488 980/1465/488
f 980/1465/487 896/1349/487 897/1351/487 981/1467/487
f 981/1470/498 897/1352/498 898/1355/498 982/1471/498
f 982/1471/497 898/1355/497 899/1357/497 983/1473/497
f 983/1473/496 899/1357/496 900/1359/496 984/1475/496
f 984/1475/495 900/1359/495 901/1361/495 985/1477/495
f 985/1477/494 901/1361/494 902/1363/494 986/1479/494
f 986/1479/504 902/1363/504 891/1338/504 975/1456/504
f 916/1380/505 917/1382/505 989/1366/505 988/1365/505
f 917/1382/506 918/1384/506 990/1367/506 989/1366/506
f 918/1384/507 919/1386/507 991/1368/507 990/1367/507
f 919/1386/508 920/1388/508 992/1369/508 991/1368/508
f 920/1388/509 921/1390/509 993/1370/509 992/1369/509
f 921/1391/510 922/1394/510 994/1372/510 993/1371/510
f 922/1394/511 923/1396/511 995/1373/511 994/1372/511
f 923/1396/512 924/1398/512 996/1374/512 995/1373/512
f 924/1398/513 925/1400/513 997/1375/513 996/1374/513
f 925/1400/514 926/1402/514 998/1376/514 997/1375/514
f 926/1402/515 915/1377/515 987/1364/515 998/1376/515
f 915/1377/516 916/1380/516 988/1365/516 987/1364/516
f 964/1458/508 965/1460/508 1009/1444/508 1000/1443/508
f 965/1460/507 966/1462/507 1010/1445/507 1009/1444/507
f 966/1462/506 967/1464/506 1001/1446/506 1010/1445/506
f 967/1464/505 968/1466/505 1002/1447/505 1001/1446/505
f 968/1466/516 969/1468/516 1003/1448/516 1002/1447/516
f 969/1469/515 970/1472/515 1004/1450/515 1003/1449/515
f 970/1472/514 971/1474/514 1005/1451/514 1004/1450/514
f 971/1474/513 972/1476/513 1006/1452/513 1005/1451/513
f 972/1476/512 973/1478/512 1007/1453/512 1006/1452/512
f 973/1478/511 974/1480/511 1008/1454/511 1007/1453/511
f 974/1480/510 963/1455/510 999/1442/510 1008/1454/510
f 963/1455/509 964/1458/509 1000/1443/509 999/1442/509
f 1011/1481/517 1023/1482/517 1024/1483/517 1012/1484/517
f 1012/1484/518 1024/1483/518 1025/1485/518 1013/1486/518
f 1013/1486/519 1025/1485/519 1026/1487/519 1014/1488/519
f 1014/1488/520 1026/1487/520 1027/1489/520 1015/1490/520
f 1015/1490/521 1027/1489/521 1028/1491/521 1016/1492/521
f 1016/1492/522 1028/1491/522 1029/1493/522 1017/1494/522
f 1017/1495/523 1029/1496/523 1030/1497/523 1018/1498/523
f 1018/1498/524 1030/1497/524 1031/1499/524 1019/1500/524
f 1019/1500/525 1031/1499/525 1032/1501/525 1020/1502/525
f 1020/1502/526 1032/1501/526 1033/1503/526 1021/1504/526
f 1021/1504/527 1033/1503/527 1034/1505/527 1022/1506/527
f 1022/1506/528 1034/1505/528 1023/1482/528 1011/1481/528
f 1023/1482/529 1107/1507/529 1108/1508/529 1024/1483/529
f 1024/1483/530 1108/1508/530 1109/1509/530 1025/1485/530
f 1025/1485/531 1109/1509/531 1110/1510/531 1026/1487/531
f 1026/1487/532 1110/1510/532 1111/1511/532 1027/1489/532
f 1027/1489/533 1111/1511/533 1112/1512/533 1028/1491/533
f 1028/1491/534 1112/1512/534 1113/1513/534 1029/1493/534
f 1029/1496/535 1113/1514/535 1114/1515/535 1030/1497/535
f 1030/1497/536 1114/1515/536 1115/1516/536 1031/1499/536
f 1031/1499/537 1115/1516/537 1116/1517/537 1032/1501/537
f 1032/1501/538 1116/1517/538 1117/1518/538 1033/1503/538
f 1033/1503/539 1117/1518/539 1118/1519/539 1034/1505/539
f 1034/1505/540 1118/1519/540 1107/1507/540 1023/1482/540
f 1035/1520/541 1047/1521/541 1048/1522/541 1036/1523/541
f 1036/1523/542 1048/1522/542 1049/1524/542 1037/1525/542
f 1037/1525/543 1049/1524/543 1050/1526/543 1038/1527/543
f 1038/1527/544 1050/1526/544 1051/1528/544 1039/1529/544
f 1039/1529/545 1051/1528/545 1052/1530/545 1040/1531/545
f 1040/1531/546 1052/1530/546 1053/1532/546 1041/1533/546
f 1041/1534/547 1053/1535/547 1054/1536/547 1042/1537/547
f 1042/1537/548 1054/1536/548 1055/1538/548 1043/1539/548
f 1043/1539/549 1055/1538/549 1056/1540/549 1044/1541/549
f 1044/1541/550 1056/1540/550 1057/1542/550 1045/1543/550
f 1045/1543/551 1057/1542/551 1058/1544/551 1046/1545/551
f 1046/1545/552 1058/1544/552 1047/1521/552 1035/1520/552
f 1047/1521/553 1059/1546/553 1060/1547/553 1048/1522/553
f 1048/1522/554 1060/1547/554 1061/1548/554 1049/1524/554
f 1049/1524/555 1061/1548/555 1062/1549/555 1050/1526/555
f 1050/1526/556 1062/1549/556 1063/1550/556 1051/1528/556
f 1051/1528/557 1063/1550/557 1064/1551/557 1052/1530/557
f 1052/1530/558 1064/1551/558 1065/1552/558 1053/1532/558
f 1053/1535/559 1065/1553/559 1066/1554/559 1054/1536/559
f 1054/1536/560 1066/1554/560 1067/1555/560 1055/1538/560
f 1055/1538/561 1067/1555/561 1068/1556/561 1056/1540/561
f 1056/1540/562 1068/1556/562 1069/1557/562 1057/1542/562
f 1057/1542/563 1069/1557/563 1070/1558/563 1058/1544/563
f 1058/1544/564 1070/1558/564 1059/1546/564 1047/1521/564
f 1059/1559/565 1071/1560/565 1072/1561/565 1060/1562/565
f 1060/1562/521 1072/1561/521 1073/1563/521 1061/1564/521
f 1061/1564/520 1073/1563/520 1074/1565/520 1062/1566/520
f 1062/1566/519 1074/1565/519 1075/1567/519 1063/1568/519
f 1063/1568/566 1075/1567/566 1076/1569/566 1064/1570/566
f 1064/1570/567 1076/1569/567 1077/1571/567 1065/1572/567
f 1065/1573/568 1077/1574/568 1078/1575/568 1066/1576/568
f 1066/1576/527 1078/1575/527 1079/1577/527 1067/1578/527
f 1067/1578/569 1079/1577/569 1080/1579/569 1068/1580/569
f 1068/1580/525 1080/1579/525 1081/1581/525 1069/1582/525
f 1069/1582/524 1081/1581/524 1082/1583/524 1070/1584/524
f 1070/1584/570 1082/1583/570 1071/1560/570 1059/1559/570
f 1071/1560/534 1119/1585/534 1120/1586/534 1072/1561/534
f 1072/1561/533 1120/1586/533 1129/1587/533 1073/1563/533
f 1073/1563/532 1129/1587/532 1130/1588/532 1074/1565/532
f 1074/1565/531 1130/1588/531 1121/1589/531 1075/1567/531
f 1075/1567/530 1121/1589/530 1122/1590/530 1076/1569/530
f 1076/1569/529 1122/1590/529 1123/1591/529 1077/1571/529
f 1077/1574/540 1123/1592/540 1124/1593/540 1078/1575/540
f 1078/1575/539 1124/1593/539 1125/1594/539 1079/1577/539
f 1079/1577/571 1125/1594/571 1126/1595/571 1080/1579/571
f 1080/1579/537 1126/1595/537 1127/1596/537 1081/1581/537
f 1081/1581/572 1127/1596/572 1128/1597/572 1082/1583/572
f 1082/1583/535 1128/1597/535 1119/1585/535 1071/1560/535
f 1083/1598/573 1095/1599/573 1096/1600/573 1084/1601/573
f 1084/1601/545 1096/1600/545 1097/1602/545 1085/1603/545
f 1085/1603/574 1097/1602/574 1098/1604/574 1086/1605/574
f 1086/1605/543 1098/1604/543 1099/1606/543 1087/1607/543
f 1087/1607/575 1099/1606/575 1100/1608/575 1088/1609/575
f 1088/1609/541 1100/1608/541 1101/1610/541 1089/1611/541
f 1089/1612/552 1101/1613/552 1102/1614/552 1090/1615/552
f 1090/1615/551 1102/1614/551 1103/1616/551 1091/1617/551
f 1091/1617/550 1103/1616/550 1104/1618/550 1092/1619/550
f 1092/1619/549 1104/1618/549 1105/1620/549 1093/1621/549
f 1093/1621/548 1105/1620/548 1106/1622/548 1094/1623/548
f 1094/1623/547 1106/1622/547 1095/1599/547 1083/1598/547
f 1095/1599/576 1011/1481/576 1012/1484/576 1096/1600/576
f 1096/1600/577 1012/1484/577 1013/1486/577 1097/1602/577
f 1097/1602/578 1013/1486/578 1014/1488/578 1098/1604/578
f 1098/1604/555 1014/1488/555 1015/1490/555 1099/1606/555
f 1099/1606/579 1015/1490/579 1016/1492/579 1100/1608/579
f 1100/1608/580 1016/1492/580 1017/1494/580 1101/1610/580
f 1101/1613/581 1017/1495/581 1018/1498/581 1102/1614/581
f 1102/1614/563 1018/1498/563 1019/1500/563 1103/1616/563
f 1103/1616/582 1019/1500/582 1020/1502/582 1104/1618/582
f 1104/1618/583 1020/1502/583 1021/1504/583 1105/1620/583
f 1105/1620/560 1021/1504/560 1022/1506/560 1106/1622/560
f 1106/1622/584 1022/1506/584 1011/1481/584 1095/1599/584
f 1036/1523/585 1037/1525/585 1109/1509/585 1108/1508/585
f 1037/1525/586 1038/1527/586 1110/1510/586 1109/1509/586
f 1038/1527/587 1039/1529/587 1111/1511/587 1110/1510/587
f 1039/1529/588 1040/1531/588 1112/1512/588 1111/1511/588
f 1040/1531/589 1041/1533/589 1113/1513/589 1112/1512/589
f 1041/1534/590 1042/1537/590 1114/1515/590 1113/1514/590
f 1042/1537/591 1043/1539/591 1115/1516/591 1114/1515/591
f 1043/1539/592 1044/1541/592 1116/1517/592 1115/1516/592
f 1044/1541/593 1045/1543/593 1117/1518/593 1116/1517/593
f 1045/1543/594 1046/1545/594 1118/1519/594 1117/1518/594
f 1046/1545/595 1035/1520/595 1107/1507/595 1118/1519/595
f 1035/1520/596 1036/1523/596 1108/1508/596 1107/1507/596
f 1084/1601/588 1085/1603/588 1129/1587/588 1120/1586/588
f 1085/1603/587 1086/1605/587 1130/1588/587 1129/1587/587
f 1086/1605/586 1087/1607/586 1121/1589/586 1130/1588/586
f 1087/1607/585 1088/1609/585 1122/1590/585 1121/1589/585
f 1088/1609/596 1089/1611/596 1123/1591/596 1122/1590/596
f 1089/1612/595 1090/1615/595 1124/1593/595 1123/1592/595
f 1090/1615/594 1091/1617/594 1125/1594/594 1124/1593/594
f 1091/1617/593 1092/1619/593 1126/1595/593 1125/1594/593
f 1092/1619/592 1093/1621/592 1127/1596/592 1126/1595/592
f 1093/1621/591 1094/1623/591 1128/1597/591 1127/1596/591
f 1094/1623/590 1083/1598/590 1119/1585/590 1128/1597/590
f 1083/1598/589 1084/1601/589 1120/1586/589 1119/1585/589
f 1131/1624/597 1143/1625/597 1144/1626/597 1132/1627/597
f 1132/1627/598 1144/1626/598 1145/1628/598 1133/1629/598
f 1133/1629/599 1145/1628/599 1146/1630/599 1134/1631/599
f 1134/1631/600 1146/1630/600 1147/1632/600 1135/1633/600
f 1135/1633/601 1147/1632/601 1148/1634/601 1136/1635/601
f 1136/1635/602 1148/1634/602 1149/1636/602 1137/1637/602
f 1137/1638/603 1149/1639/603 1150/1640/603 1138/1641/603
f 1138/1641/604 1150/1640/604 1151/1642/604 1139/1643/604
f 1139/1643/605 1151/1642/605 1152/1644/605 1140/1645/605
f 1140/1645/606 1152/1644/606 1153/1646/606 1141/1647/606
f 1141/1647/607 1153/1646/607 1154/1648/607 1142/1649/607
f 1142/1649/608 1154/1648/608 1143/1625/608 1131/1624/608
f 1143/1625/609 1227/1650/609 1228/1651/609 1144/1626/609
f 1144/1626/610 1228/1651/610 1229/1652/610 1145/1628/610
f 1145/1628/611 1229/1652/611 1230/1653/611 1146/1630/611
f 1146/1630/612 1230/1653/612 1231/1654/612 1147/1632/612
f 1147/1632/613 1231/1654/613 1232/1655/613 1148/1634/613
f 1148/1634/614 1232/1655/614 1233/1656/614 1149/1636/614
f 1149/1639/615 1233/1657/615 1234/1658/615 1150/1640/615
f 1150/1640/616 1234/1658/616 1235/1659/616 1151/1642/616
f 1151/1642/617 1235/1659/617 1236/1660/617 1152/1644/617
f 1152/1644/618 1236/1660/618 1237/1661/618 1153/1646/618
f 1153/1646/619 1237/1661/619 1238/1662/619 1154/1648/619
f 1154/1648/620 1238/1662/620 1227/1650/620 1143/1625/620
f 1155/1663/621 1167/1664/621 1168/1665/621 1156/1666/621
f 1156/1666/622 1168/1665/622 1169/1667/622 1157/1668/622
f 1157/1668/623 1169/1667/623 1170/1669/623 1158/1670/623
f 1158/1670/624 1170/1669/624 1171/1671/624 1159/1672/624
f 1159/1672/625 1171/1671/625 1172/1673/625 1160/1674/625
f 1160/1674/626 1172/1673/626 1173/1675/626 1161/1676/626
f 1161/1677/627 1173/1678/627 1174/1679/627 1162/1680/627
f 1162/1680/628 1174/1679/628 1175/1681/628 1163/1682/628
f 1163/1682/629 1175/1681/629 1176/1683/629 1164/1684/629
f 1164/1684/630 1176/1683/630 1177/1685/630 1165/1686/630
f 1165/1686/631 1177/1685/631 1178/1687/631 1166/1688/631
f 1166/1688/632 1178/1687/632 1167/1664/632 1155/1663/632
f 1167/1664/633 1179/1689/633 1180/1690/633 1168/1665/633
f 1168/1665/634 1180/1690/634 1181/1691/634 1169/1667/634
f 1169/1667/635 1181/1691/635 1182/1692/635 1170/1669/635
f 1170/1669/636 1182/1692/636 1183/1693/636 1171/1671/636
f 1171/1671/637 1183/1693/637 1184/1694/637 1172/1673/637
f 1172/1673/638 1184/1694/638 1185/1695/638 1173/1675/638
f 1173/1678/639 1185/1696/639 1186/1697/639 1174/1679/639
f 1174/1679/640 1186/1697/640 1187/1698/640 1175/1681/640
f 1175/1681/641 1187/1698/641 1188/1699/641 1176/1683/641
f 1176/1683/642 1188/1699/642 1189/1700/642 1177/1685/642
f 1177/1685/643 1189/1700/643 1190/1701/643 1178/1687/643
f 1178/1687/644 1190/1701/644 1179/1689/644 1167/1664/644
f 1179/1702/645 1191/1703/645 1192/1704/645 1180/1705/645
f 1180/1705/646 1192/1704/646 1193/1706/646 1181/1707/646
f 1181/1707/600 1193/1706/600 1194/1708/600 1182/1709/600
f 1182/1709/647 1194/1708/647 1195/1710/647 1183/1711/647
f 1183/1711/598 1195/1710/598 1196/1712/598 1184/1713/598
f 1184/1713/648 1196/1712/648 1197/1714/648 1185/1715/648
f 1185/1716/649 1197/1717/649 1198/1718/649 1186/1719/649
f 1186/1719/650 1198/1718/650 1199/1720/650 1187/1721/650
f 1187/1721/651 1199/1720/651 1200/1722/651 1188/1723/651
f 1188/1723/652 1200/1722/652 1201/1724/652 1189/1725/652
f 1189/1725/604 1201/1724/604 1202/1726/604 1190/1727/604
f 1190/1727/653 1202/1726/653 1191/1703/653 1179/1702/653
f 1191/1703/654 1239/1728/654 1240/1729/654 1192/1704/654
f 1192/1704/655 1240/1729/655 1249/1730/655 1193/1706/655
f 1193/1706/612 1249/1730/612 1250/1731/612 1194/1708/612
f 1194/1708/656 1250/1731/656 1241/1732/656 1195/1710/656
f 1195/1710/657 1241/1732/657 1242/1733/657 1196/1712/657
f 1196/1712/658 1242/1733/658 1243/1734/658 1197/1714/658
f 1197/1717/659 1243/1735/659 1244/1736/659 1198/1718/659
f 1198/1718/619 1244/1736/619 1245/1737/619 1199/1720/619
f 1199/1720/660 1245/1737/660 1246/1738/660 1200/1722/660
f 1200/1722/617 1246/1738/617 1247/1739/617 1201/1724/617
f 1201/1724/661 1247/1739/661 1248/1740/661 1202/1726/661
f 1202/1726/615 1248/1740/615 1239/1728/615 1191/1703/615
f 1203/1741/662 1215/1742/662 1216/1743/662 1204/1744/662
f 1204/1744/625 1216/1743/625 1217/1745/625 1205/1746/625
f 1205/1746/663 1217/1745/663 1218/1747/663 1206/1748/663
f 1206/1748/623 1218/1747/623 1219/1749/623 1207/1750/623
f 1207/1750/664 1219/1749/664 1220/1751/664 1208/1752/664
f 1208/1752/665 1220/1751/665 1221/1753/665 1209/1754/665
f 1209/1755/666 1221/1756/666 1222/1757/666 1210/1758/666
f 1210/1758/667 1222/1757/667 1223/1759/667 1211/1760/667
f 1211/1760/668 1223/1759/668 1224/1761/668 1212/1762/668
f 1212/1762/629 1224/1761/629 1225/1763/629 1213/1764/629
f 1213/1764/669 1225/1763/669 1226/1765/669 1214/1766/669
f 1214/1766/670 1226/1765/670 1215/1742/670 1203/1741/670
f 1215/1742/671 1131/1624/671 1132/1627/671 1216/1743/671
f 1216/1743/672 1132/1627/672 1133/1629/672 1217/1745/672
f 1217/1745/673 1133/1629/673 1134/1631/673 1218/1747/673
f 1218/1747/674 1134/1631/674 1135/1633/674 1219/1749/674
f 1219/1749/634 1135/1633/634 1136/1635/634 1220/1751/634
f 1220/1751/675 1136/1635/675 1137/1637/675 1221/1753/675
f 1221/1756/676 1137/1638/676 1138/1641/676 1222/1757/676
f 1222/1757/677 1138/1641/677 1139/1643/677 1223/1759/677
f 1223/1759/642 1139/1643/642 1140/1645/642 1224/1761/642
f 1224/1761/641 1140/1645/641 1141/1647/641 1225/1763/641
f 1225/1763/678 1141/1647/678 1142/1649/678 1226/1765/678
f 1226/1765/679 1142/1649/679 1131/1624/679 1215/1742/679
f 1156/1666/680 1157/1668/680 1229/1652/680 1228/1651/680
f 1157/1668/681 1158/1670/681 1230/1653/681 1229/1652/681
f 1158/1670/682 1159/1672/682 1231/1654/682 1230/1653/682
f 1159/1672/683 1160/1674/683 1232/1655/683 1231/1654/683
f 1160/1674/684 1161/1676/684 1233/1656/684 1232/1655/684
f 1161/1677/685 1162/1680/685 1234/1658/685 1233/1657/685
f 1162/1680/686 1163/1682/686 1235/1659/686 1234/1658/686
f 1163/1682/687 1164/1684/687 1236/1660/687 1235/1659/687
f 1164/1684/688 1165/1686/688 1237/1661/688 1236/1660/688
f 1165/1686/689 1166/1688/689 1238/1662/689 1237/1661/689
f 1166/1688/690 1155/1663/690 1227/1650/690 1238/1662/690
f 1155/1663/691 1156/1666/691 1228/1651/691 1227/1650/691
f 1204/1744/683 1205/1746/683 1249/1730/683 1240/1729/683
f 1205/1746/682 1206/1748/682 1250/1731/682 1249/1730/682
f 1206/1748/681 1207/1750/681 1241/1732/681 1250/1731/681
f 1207/1750/680 1208/1752/680 1242/1733/680 1241/1732/680
f 1208/1752/691 1209/1754/691 1243/1734/691 1242/1733/691
f 1209/1755/690 1210/1758/690 1244/1736/690 1243/1735/690
f 1210/1758/689 1211/1760/689 1245/1737/689 1244/1736/689
f 1211/1760/688 1212/1762/688 1246/1738/688 1245/1737/688
f 1212/1762/687 1213/1764/687 1247/1739/687 1246/1738/687
f 1213/1764/686 1214/1766/686 1248/1740/686 1247/1739/686
f 1214/1766/685 1203/1741/685 1239/1728/685 1248/1740/685
f 1203/1741/684 1204/1744/684 1240/1729/684 1239/1728/684
f 1251/1767/371 1263/1768/371 1264/1769/371 1252/1770/371
f 1252/1770/692 1264/1769/692 1265/1771/692 1253/1772/692
f 1253/1772/373 1265/1771/373 1266/1773/373 1254/1774/373
f 1254/1774/374 1266/1773/374 1267/1775/374 1255/1776/374
f 1255/1776/693 1267/1775/693 1268/1777/693 1256/1778/693
f 1256/1778/694 1268/1777/694 1269/1779/694 1257/1780/694
f 1257/1781/377 1269/1782/377 1270/1783/377 1258/1784/377
f 1258/1784/378 1270/1783/378 1271/1785/378 1259/1786/378
f 1259/1786/695 1271/1785/695 1272/1787/695 1260/1788/695
f 1260/1788/696 1272/1787/696 1273/1789/696 1261/1790/696
f 1261/1790/422 1273/1789/422 1274/1791/422 1262/1792/422
f 1262/1792/382 1274/1791/382 1263/1768/382 1251/1767/382
f 1263/1768/383 1347/1793/383 1348/1794/383 1264/1769/383
f 1264/1769/426 1348/1794/426 1349/1795/426 1265/1771/426
f 1265/1771/697 1349/1795/697 1350/1796/697 1266/1773/697
f 1266/1773/386 1350/1796/386 1351/1797/386 1267/1775/386
f 1267/1775/698 1351/1797/698 1352/1798/698 1268/1777/698
f 1268/1777/388 1352/1798/388 1353/1799/388 1269/1779/388
f 1269/1782/389 1353/1800/389 1354/1801/389 1270/1783/389
f 1270/1783/427 1354/1801/427 1355/1802/427 1271/1785/427
f 1271/1785/391 1355/1802/391 1356/1803/391 1272/1787/391
f 1272/1787/699 1356/1803/699 1357/1804/699 1273/1789/699
f 1273/1789/700 1357/1804/700 1358/1805/700 1274/1791/700
f 1274/1791/394 1358/1805/394 1347/1793/394 1263/1768/394
f 1275/1806/395 1287/1807/395 1288/1808/395 1276/1809/395
f 1276/1809/429 1288/1808/429 1289/1810/429 1277/1811/429
f 1277/1811/701 1289/1810/701 1290/1812/701 1278/1813/701
f 1278/1813/702 1290/1812/702 1291/1814/702 1279/1815/702
f 1279/1815/703 1291/1814/703 1292/1816/703 1280/1817/703
f 1280/1817/400 1292/1816/400 1293/1818/400 1281/1819/400
f 1281/1820/401 1293/1821/401 1294/1822/401 1282/1823/401
f 1282/1823/402 1294/1822/402 1295/1824/402 1283/1825/402
f 1283/1825/704 1295/1824/704 1296/1826/704 1284/1827/704
f 1284/1827/705 1296/1826/705 1297/1828/705 1285/1829/705
f 1285/1829/430 1297/1828/430 1298/1830/430 1286/1831/430
f 1286/1831/406 1298/1830/406 1287/1807/406 1275/1806/406
f 1287/1807/407 1299/1832/407 1300/1833/407 1288/1808/407
f 1288/1808/706 1300/1833/706 1301/1834/706 1289/1810/706
f 1289/1810/707 1301/1834/707 1302/1835/707 1290/1812/707
f 1290/1812/708 1302/1835/708 1303/1836/708 1291/1814/708
f 1291/1814/709 1303/1836/709 1304/1837/709 1292/1816/709
f 1292/1816/433 1304/1837/433 1305/1838/433 1293/1818/433
f 1293/1821/413 1305/1839/413 1306/1840/413 1294/1822/413
f 1294/1822/437 1306/1840/437 1307/1841/437 1295/1824/437
f 1295/1824/436 1307/1841/436 1308/1842/436 1296/1826/436
f 1296/1826/416 1308/1842/416 1309/1843/416 1297/1828/416
f 1297/1828/417 1309/1843/417 1310/1844/417 1298/1830/417
f 1298/1830/710 1310/1844/710 1299/1832/710 1287/1807/710
f 1299/1845/711 1311/1846/711 1312/1847/711 1300/1848/711
f 1300/1848/375 1312/1847/375 1313/1849/375 1301/1850/375
f 1301/1850/374 1313/1849/374 1314/1851/374 1302/1852/374
f 1302/1852/373 1314/1851/373 1315/1853/373 1303/1854/373
f 1303/1854/372 1315/1853/372 1316/1855/372 1304/1856/372
f 1304/1856/371 1316/1855/371 1317/1857/371 1305/1858/371
f 1305/1859/382 1317/1860/382 1318/1861/382 1306/1862/382
f 1306/1862/712 1318/1861/712 1319/1863/712 1307/1864/712
f 1307/1864/380 1319/1863/380 1320/1865/380 1308/1866/380
f 1308/1866/695 1320/1865/695 1321/1867/695 1309/1868/695
f 1309/1868/378 1321/1867/378 1322/1869/378 1310/1870/378
f 1310/1870/424 1322/1869/424 1311/1846/424 1299/1845/424
f 1311/1846/388 1359/1871/388 1360/1872/388 1312/1847/388
f 1312/1847/698 1360/1872/698 1369/1873/698 1313/1849/698
f 1313/1849/713 1369/1873/713 1370/1874/713 1314/1851/713
f 1314/1851/714 1370/1874/714 1361/1875/714 1315/1853/714
f 1315/1853/715 1361/1875/715 1362/1876/715 1316/1855/715
f 1316/1855/383 1362/1876/383 1363/1877/383 1317/1857/383
f 1317/1860/394 1363/1878/394 1364/1879/394 1318/1861/394
f 1318/1861/716 1364/1879/716 1365/1880/716 1319/1863/716
f 1319/1863/699 1365/1880/699 1366/1881/699 1320/1865/699
f 1320/1865/391 1366/1881/391 1367/1882/391 1321/1867/391
f 1321/1867/390 1367/1882/390 1368/1883/390 1322/1869/390
f 1322/1869/389 1368/1883/389 1359/1871/389 1311/1846/389
f 1323/1884/400 1335/1885/400 1336/1886/400 1324/1887/400
f 1324/1887/399 1336/1886/399 1337/1888/399 1325/1889/399
f 1325/1889/702 1337/1888/702 1338/1890/702 1326/1891/702
f 1326/1891/397 1338/1890/397 1339/1892/397 1327/1893/397
f 1327/1893/396 1339/1892/396 1340/1894/396 1328/1895/396
f 1328/1895/395 1340/1894/395 1341/1896/395 1329/1897/395
f 1329/1898/406 1341/1899/406 1342/1900/406 1330/1901/406
f 1330/1901/430 1342/1900/430 1343/1902/430 1331/1903/430
f 1331/1903/431 1343/1902/431 1344/1904/431 1332/1905/431
f 1332/1905/403 1344/1904/403 1345/1906/403 1333/1907/403
f 1333/1907/717 1345/1906/717 1346/1908/717 1334/1909/717
f 1334/1909/401 1346/1908/401 1335/1885/401 1323/1884/401
f 1335/1885/433 1251/1767/433 1252/1770/433 1336/1886/433
f 1336/1886/411 1252/1770/411 1253/1772/411 1337/1888/411
f 1337/1888/410 1253/1772/410 1254/1774/410 1338/1890/410
f 1338/1890/409 1254/1774/409 1255/1776/409 1339/1892/409
f 1339/1892/706 1255/1776/706 1256/1778/706 1340/1894/706
f 1340/1894/435 1256/1778/435 1257/1780/435 1341/1896/435
f 1341/1899/718 1257/1781/718 1258/1784/718 1342/1900/718
f 1342/1900/719 1258/1784/719 1259/1786/719 1343/1902/719
f 1343/1902/416 1259/1786/416 1260/1788/416 1344/1904/416
f 1344/1904/720 1260/1788/720 1261/1790/720 1345/1906/720
f 1345/1906/721 1261/1790/721 1262/1792/721 1346/1908/721
f 1346/1908/413 1262/1792/413 1251/1767/413 1335/1885/413
f 1276/1809/439 1277/1811/439 1349/1795/439 1348/1794/439
f 1277/1811/440 1278/1813/440 1350/1796/440 1349/1795/440
f 1278/1813/441 1279/1815/441 1351/1797/441 1350/1796/441
f 1279/1815/442 1280/1817/442 1352/1798/442 1351/1797/442
f 1280/1817/443 1281/1819/443 1353/1799/443 1352/1798/443
f 1281/1820/444 1282/1823/444 1354/1801/444 1353/1800/444
f 1282/1823/445 1283/1825/445 1355/1802/445 1354/1801/445
f 1283/1825/446 1284/1827/446 1356/1803/446 1355/1802/446
f 1284/1827/447 1285/1829/447 1357/1804/447 1356/1803/447
f 1285/1829/448 1286/1831/448 1358/1805/448 1357/1804/448
f 1286/1831/449 1275/1806/449 1347/1793/449 1358/1805/449
f 1275/1806/450 1276/1809/450 1348/1794/450 1347/1793/450
f 1324/1887/442 1325/1889/442 1369/1873/442 1360/1872/442
f 1325/1889/441 1326/1891/441 1370/1874/441 1369/1873/441
f 1326/1891/440 1327/1893/440 1361/1875/440 1370/1874/440
f 1327/1893/439 1328/1895/439 1362/1876/439 1361/1875/439
f 1328/1895/450 1329/1897/450 1363/1877/450 1362/1876/450
f 1329/1898/449 1330/1901/449 1364/1879/449 1363/1878/449
f 1330/1901/448 1331/1903/448 1365/1880/448 1364/1879/448
f 1331/1903/447 1332/1905/447 1366/1881/447 1365/1880/447
f 1332/1905/446 1333/1907/446 1367/1882/446 1366/1881/446
f 1333/1907/445 1334/1909/445 1368/1883/445 1367/1882/445
f 1334/1909/444 1323/1884/444 1359/1871/444 1368/1883/444
f 1323/1884/443 1324/1887/443 1360/1872/443 1359/1871/443
f 1371/1910/499 1383/1911/499 1384/1912/499 1372/1913/499
f 1372/1913/452 1384/1912/452 1385/1914/452 1373/1915/452
f 1373/1915/453 1385/1914/453 1386/1916/453 1374/1917/453
f 1374/1917/454 1386/1916/454 1387/1918/454 1375/1919/454
f 1375/1919/455 1387/1918/455 1388/1920/455 1376/1921/455
f 1376/1921/456 1388/1920/456 1389/1922/456 1377/1923/456
f 1377/1924/457 1389/1925/457 1390/1926/457 1378/1927/457
f 1378/1927/458 1390/1926/458 1391/1928/458 1379/1929/458
f 1379/1929/459 1391/1928/459 1392/1930/459 1380/1931/459
f 1380/1931/460 1392/1930/460 1393/1932/460 1381/1933/460
f 1381/1933/461 1393/1932/461 1394/1934/461 1382/1935/461
f 1382/1935/500 1394/1934/500 1383/1911/500 1371/1910/500
f 1383/1911/463 1467/1936/463 1468/1937/463 1384/1912/463
f 1384/1912/464 1468/1937/464 1469/1938/464 1385/1914/464
f 1385/1914/465 1469/1938/465 1470/1939/465 1386/1916/465
f 1386/1916/466 1470/1939/466 1471/1940/466 1387/1918/466
f 1387/1918/467 1471/1940/467 1472/1941/467 1388/1920/467
f 1388/1920/468 1472/1941/468 1473/1942/468 1389/1922/468
f 1389/1925/469 1473/1943/469 1474/1944/469 1390/1926/469
f 1390/1926/470 1474/1944/470 1475/1945/470 1391/1928/470
f 1391/1928/471 1475/1945/471 1476/1946/471 1392/1930/471
f 1392/1930/472 1476/1946/472 1477/1947/472 1393/1932/472
f 1393/1932/473 1477/1947/473 1478/1948/473 1394/1934/473
f 1394/1934/474 1478/1948/474 1467/1936/474 1383/1911/474
f 1395/1949/475 1407/1950/475 1408/1951/475 1396/1952/475
f 1396/1952/476 1408/1951/476 1409/1953/476 1397/1954/476
f 1397/1954/477 1409/1953/477 1410/1955/477 1398/1956/477
f 1398/1956/478 1410/1955/478 1411/1957/478 1399/1958/478
f 1399/1958/479 1411/1957/479 1412/1959/479 1400/1960/479
f 1400/1960/480 1412/1959/480 1413/1961/480 1401/1962/480
f 1401/1963/481 1413/1964/481 1414/1965/481 1402/1966/481
f 1402/1966/482 1414/1965/482 1415/1967/482 1403/1968/482
f 1403/1968/483 1415/1967/483 1416/1969/483 1404/1970/483
f 1404/1970/484 1416/1969/484 1417/1971/484 1405/1972/484
f 1405/1972/485 1417/1971/485 1418/1973/485 1406/1974/485
f 1406/1974/486 1418/1973/486 1407/1950/486 1395/1949/486
f 1407/1950/487 1419/1975/487 1420/1976/487 1408/1951/487
f 1408/1951/488 1420/1976/488 1421/1977/488 1409/1953/488
f 1409/1953/489 1421/1977/489 1422/1978/489 1410/1955/489
f 1410/1955/490 1422/1978/490 1423/1979/490 1411/1957/490
f 1411/1957/491 1423/1979/491 1424/1980/491 1412/1959/491
f 1412/1959/492 1424/1980/492 1425/1981/492 1413/1961/492
f 1413/1964/493 1425/1982/493 1426/1983/493 1414/1965/493
f 1414/1965/494 1426/1983/494 1427/1984/494 1415/1967/494
f 1415/1967/495 1427/1984/495 1428/1985/495 1416/1969/495
f 1416/1969/496 1428/1985/496 1429/1986/496 1417/1971/496
f 1417/1971/497 1429/1986/497 1430/1987/497 1418/1973/497
f 1418/1973/498 1430/1987/498 1419/1975/498 1407/1950/498
f 1419/1988/456 1431/1989/456 1432/1990/456 1420/1991/456
f 1420/1991/455 1432/1990/455 1433/1992/455 1421/1993/455
f 1421/1993/454 1433/1992/454 1434/1994/454 1422/1995/454
f 1422/1995/453 1434/1994/453 1435/1996/453 1423/1997/453
f 1423/1997/452 1435/1996/452 1436/1998/452 1424/1999/452
f 1424/1999/499 1436/1998/499 1437/2000/499 1425/2001/499
f 1425/2002/500 1437/2003/500 1438/2004/500 1426/2005/500
f 1426/2005/461 1438/2004/461 1439/2006/461 1427/2007/461
f 1427/2007/460 1439/2006/460 1440/2008/460 1428/2009/460
f 1428/2009/459 1440/2008/459 1441/2010/459 1429/2011/459
f 1429/2011/458 1441/2010/458 1442/2012/458 1430/2013/458
f 1430/2013/457 1442/2012/457 1431/1989/457 1419/1988/457
f 1431/1989/468 1479/2014/468 1480/2015/468 1432/1990/468
f 1432/1990/467 1480/2015/467 1489/2016/467 1433/1992/467
f 1433/1992/466 1489/2016/466 1490/2017/466 1434/1994/466
f 1434/1994/465 1490/2017/465 1481/2018/465 1435/1996/465
f 1435/1996/464 1481/2018/464 1482/2019/464 1436/1998/464
f 1436/1998/463 1482/2019/463 1483/2020/463 1437/2000/463
f 1437/2003/474 1483/2021/474 1484/2022/474 1438/2004/474
f 1438/2004/473 1484/2022/473 1485/2023/473 1439/2006/473
f 1439/2006/472 1485/2023/472 1486/2024/472 1440/2008/472
f 1440/2008/471 1486/2024/471 1487/2025/471 1441/2010/471
f 1441/2010/470 1487/2025/470 1488/2026/470 1442/2012/470
f 1442/2012/469 1488/2026/469 1479/2014/469 1431/1989/469
f 1443/2027/480 1455/2028/480 1456/2029/480 1444/2030/480
f 1444/2030/479 1456/2029/479 1457/2031/479 1445/2032/479
f 1445/2032/478 1457/2031/478 1458/2033/478 1446/2034/478
f 1446/2034/477 1458/2033/477 1459/2035/477 1447/2036/477
f 1447/2036/722 1459/2035/722 1460/2037/722 1448/2038/722
f 1448/2038/475 1460/2037/475 1461/2039/475 1449/2040/475
f 1449/2041/486 1461/2042/486 1462/2043/486 1450/2044/486
f 1450/2044/485 1462/2043/485 1463/2045/485 1451/2046/485
f 1451/2046/484 1463/2045/484 1464/2047/484 1452/2048/484
f 1452/2048/483 1464/2047/483 1465/2049/483 1453/2050/483
f 1453/2050/482 1465/2049/482 1466/2051/482 1454/2052/482
f 1454/2052/481 1466/2051/481 1455/2028/481 1443/2027/481
f 1455/2028/492 1371/1910/492 1372/1913/492 1456/2029/492
f 1456/2029/491 1372/1913/491 1373/1915/491 1457/2031/491
f 1457/2031/490 1373/1915/490 1374/1917/490 1458/2033/490
f 1458/2033/489 1374/1917/489 1375/1919/489 1459/2035/489
f 1459/2035/723 1375/1919/723 1376/1921/723 1460/2037/723
f 1460/2037/487 1376/1921/487 1377/1923/487 1461/2039/487
f 1461/2042/498 1377/1924/498 1378/1927/498 1462/2043/498
f 1462/2043/497 1378/1927/497 1379/1929/497 1463/2045/497
f 1463/2045/496 1379/1929/496 1380/1931/496 1464/2047/496
f 1464/2047/495 1380/1931/495 1381/1933/495 1465/2049/495
f 1465/2049/494 1381/1933/494 1382/1935/494 1466/2051/494
f 1466/2051/493 1382/1935/493 1371/1910/493 1455/2028/493
f 1396/1952/505 1397/1954/505 1469/1938/505 1468/1937/505
f 1397/1954/506 1398/1956/506 1470/1939/506 1469/1938/506
f 1398/1956/507 1399/1958/507 1471/1940/507 1470/1939/507
f 1399/1958/508 1400/1960/508 1472/1941/508 1471/1940/508
f 1400/1960/509 1401/1962/509 1473/1942/509 1472/1941/509
f 1401/1963/510 1402/1966/510 1474/1944/510 1473/1943/510
f 1402/1966/511 1403/1968/511 1475/1945/511 1474/1944/511
f 1403/1968/512 1404/1970/512 1476/1946/512 1475/1945/512
f 1404/1970/513 1405/1972/513 1477/1947/513 1476/1946/513
f 1405/1972/514 1406/1974/514 1478/1948/514 1477/1947/514
f 1406/1974/515 1395/1949/515 1467/1936/515 1478/1948/515
f 1395/1949/516 1396/1952/516 1468/1937/516 1467/1936/516
f 1444/2030/508 1445/2032/508 1489/2016/508 1480/2015/508
f 1445/2032/507 1446/2034/507 1490/2017/507 1489/2016/507
f 1446/2034/506 1447/2036/506 1481/2018/506 1490/2017/506
f 1447/2036/505 1448/2038/505 1482/2019/505 1481/2018/505
f 1448/2038/516 1449/2040/516 1483/2020/516 1482/2019/516
f 1449/2041/515 1450/2044/515 1484/2022/515 1483/2021/515
f 1450/2044/514 1451/2046/514 1485/2023/514 1484/2022/514
f 1451/2046/513 1452/2048/513 1486/2024/513 1485/2023/513
f 1452/2048/512 1453/2050/512 1487/2025/512 1486/2024/512
f 1453/2050/511 1454/2052/511 1488/2026/511 1487/2025/511
f 1454/2052/510 1443/2027/510 1479/2014/510 1488/2026/510
f 1443/2027/509 1444/2030/509 1480/2015/509 1479/2014/509
f 1491/2053/517 1503/2054/517 1504/2055/517 1492/2056/517
f 1492/2056/724 1504/2055/724 1505/2057/724 1493/2058/724
f 1493/2058/519 1505/2057/519 1506/2059/519 1494/2060/519
f 1494/2060/725 1506/2059/725 1507/2061/725 1495/2062/725
f 1495/2062/521 1507/2061/521 1508/2063/521 1496/2064/521
f 1496/2064/565 1508/2063/565 1509/2065/565 1497/2066/565
f 1497/2067/726 1509/2068/726 1510/2069/726 1498/2070/726
f 1498/2070/524 1510/2069/524 1511/2071/524 1499/2072/524
f 1499/2072/525 1511/2071/525 1512/2073/525 1500/2074/525
f 1500/2074/569 1512/2073/569 1513/2075/569 1501/2076/569
f 1501/2076/727 1513/2075/727 1514/2077/727 1502/2078/727
f 1502/2078/528 1514/2077/528 1503/2054/528 1491/2053/528
f 1503/2054/529 1587/2079/529 1588/2080/529 1504/2055/529
f 1504/2055/728 1588/2080/728 1589/2081/728 1505/2057/728
f 1505/2057/531 1589/2081/531 1590/2082/531 1506/2059/531
f 1506/2059/729 1590/2082/729 1591/2083/729 1507/2061/729
f 1507/2061/533 1591/2083/533 1592/2084/533 1508/2063/533
f 1508/2063/534 1592/2084/534 1593/2085/534 1509/2065/534
f 1509/2068/535 1593/2086/535 1594/2087/535 1510/2069/535
f 1510/2069/536 1594/2087/536 1595/2088/536 1511/2071/536
f 1511/2071/537 1595/2088/537 1596/2089/537 1512/2073/537
f 1512/2073/538 1596/2089/538 1597/2090/538 1513/2075/538
f 1513/2075/539 1597/2090/539 1598/2091/539 1514/2077/539
f 1514/2077/730 1598/2091/730 1587/2079/730 1503/2054/730
f 1515/2092/541 1527/2093/541 1528/2094/541 1516/2095/541
f 1516/2095/575 1528/2094/575 1529/2096/575 1517/2097/575
f 1517/2097/543 1529/2096/543 1530/2098/543 1518/2099/543
f 1518/2099/574 1530/2098/574 1531/2100/574 1519/2101/574
f 1519/2101/545 1531/2100/545 1532/2102/545 1520/2103/545
f 1520/2103/573 1532/2102/573 1533/2104/573 1521/2105/573
f 1521/2106/547 1533/2107/547 1534/2108/547 1522/2109/547
f 1522/2109/548 1534/2108/548 1535/2110/548 1523/2111/548
f 1523/2111/549 1535/2110/549 1536/2112/549 1524/2113/549
f 1524/2113/550 1536/2112/550 1537/2114/550 1525/2115/550
f 1525/2115/731 1537/2114/731 1538/2116/731 1526/2117/731
f 1526/2117/732 1538/2116/732 1527/2093/732 1515/2092/732
f 1527/2093/553 1539/2118/553 1540/2119/553 1528/2094/553
f 1528/2094/554 1540/2119/554 1541/2120/554 1529/2096/554
f 1529/2096/555 1541/2120/555 1542/2121/555 1530/2098/555
f 1530/2098/578 1542/2121/578 1543/2122/578 1531/2100/578
f 1531/2100/577 1543/2122/577 1544/2123/577 1532/2102/577
f 1532/2102/576 1544/2123/576 1545/2124/576 1533/2104/576
f 1533/2107/584 1545/2125/584 1546/2126/584 1534/2108/584
f 1534/2108/560 1546/2126/560 1547/2127/560 1535/2110/560
f 1535/2110/561 1547/2127/561 1548/2128/561 1536/2112/561
f 1536/2112/582 1548/2128/582 1549/2129/582 1537/2114/582
f 1537/2114/733 1549/2129/733 1550/2130/733 1538/2116/733
f 1538/2116/564 1550/2130/564 1539/2118/564 1527/2093/564
f 1539/2131/565 1551/2132/565 1552/2133/565 1540/2134/565
f 1540/2134/734 1552/2133/734 1553/2135/734 1541/2136/734
f 1541/2136/725 1553/2135/725 1554/2137/725 1542/2138/725
f 1542/2138/519 1554/2137/519 1555/2139/519 1543/2140/519
f 1543/2140/724 1555/2139/724 1556/2141/724 1544/2142/724
f 1544/2142/517 1556/2141/517 1557/2143/517 1545/2144/517
f 1545/2145/568 1557/2146/568 1558/2147/568 1546/2148/568
f 1546/2148/527 1558/2147/527 1559/2149/527 1547/2150/527
f 1547/2150/526 1559/2149/526 1560/2151/526 1548/2152/526
f 1548/2152/525 1560/2151/525 1561/2153/525 1549/2154/525
f 1549/2154/524 1561/2153/524 1562/2155/524 1550/2156/524
f 1550/2156/726 1562/2155/726 1551/2132/726 1539/2131/726
f 1551/2132/735 1599/2157/735 1600/2158/735 1552/2133/735
f 1552/2133/736 1600/2158/736 1609/2159/736 1553/2135/736
f 1553/2135/532 1609/2159/532 1610/2160/532 1554/2137/532
f 1554/2137/531 1610/2160/531 1601/2161/531 1555/2139/531
f 1555/2139/530 1601/2161/530 1602/2162/530 1556/2141/530
f 1556/2141/529 1602/2162/529 1603/2163/529 1557/2143/529
f 1557/2146/540 1603/2164/540 1604/2165/540 1558/2147/540
f 1558/2147/737 1604/2165/737 1605/2166/737 1559/2149/737
f 1559/2149/538 1605/2166/538 1606/2167/538 1560/2151/538
f 1560/2151/738 1606/2167/738 1607/2168/738 1561/2153/738
f 1561/2153/536 1607/2168/536 1608/2169/536 1562/2155/536
f 1562/2155/535 1608/2169/535 1599/2157/535 1551/2132/535
f 1563/2170/546 1575/2171/546 1576/2172/546 1564/2173/546
f 1564/2173/545 1576/2172/545 1577/2174/545 1565/2175/545
f 1565/2175/574 1577/2174/574 1578/2176/574 1566/2177/574
f 1566/2177/543 1578/2176/543 1579/2178/543 1567/2179/543
f 1567/2179/575 1579/2178/575 1580/2180/575 1568/2181/575
f 1568/2181/541 1580/2180/541 1581/2182/541 1569/2183/541
f 1569/2184/552 1581/2185/552 1582/2186/552 1570/2187/552
f 1570/2187/551 1582/2186/551 1583/2188/551 1571/2189/551
f 1571/2189/550 1583/2188/550 1584/2190/550 1572/2191/550
f 1572/2191/549 1584/2190/549 1585/2192/549 1573/2193/549
f 1573/2193/548 1585/2192/548 1586/2194/548 1574/2195/548
f 1574/2195/547 1586/2194/547 1575/2171/547 1563/2170/547
f 1575/2171/576 1491/2053/576 1492/2056/576 1576/2172/576
f 1576/2172/739 1492/2056/739 1493/2058/739 1577/2174/739
f 1577/2174/556 1493/2058/556 1494/2060/556 1578/2176/556
f 1578/2176/740 1494/2060/740 1495/2062/740 1579/2178/740
f 1579/2178/554 1495/2062/554 1496/2064/554 1580/2180/554
f 1580/2180/553 1496/2064/553 1497/2066/553 1581/2182/553
f 1581/2185/564 1497/2067/564 1498/2070/564 1582/2186/564
f 1582/2186/563 1498/2070/563 1499/2072/563 1583/2188/563
f 1583/2188/582 1499/2072/582 1500/2074/582 1584/2190/582
f 1584/2190/741 1500/2074/741 1501/2076/741 1585/2192/741
f 1585/2192/560 1501/2076/560 1502/2078/560 1586/2194/560
f 1586/2194/584 1502/2078/584 1491/2053/584 1575/2171/584
f 1516/2095/585 1517/2097/585 1589/2081/585 1588/2080/585
f 1517/2097/586 1518/2099/586 1590/2082/586 1589/2081/586
f 1518/2099/587 1519/2101/587 1591/2083/587 1590/2082/587
f 1519/2101/588 1520/2103/588 1592/2084/588 1591/2083/588
f 1520/2103/589 1521/2105/589 1593/2085/589 1592/2084/589
f 1521/2106/590 1522/2109/590 1594/2087/590 1593/2086/590
f 1522/2109/591 1523/2111/591 1595/2088/591 1594/2087/591
f 1523/2111/592 1524/2113/592 1596/2089/592 1595/2088/592
f 1524/2113/593 1525/2115/593 1597/2090/593 1596/2089/593
f 1525/2115/594 1526/2117/594 1598/2091/594 1597/2090/594
f 1526/2117/595 1515/2092/595 1587/2079/595 1598/2091/595
f 1515/2092/596 1516/2095/596 1588/2080/596 1587/2079/596
f 1564/2173/588 1565/2175/588 1609/2159/588 1600/2158/588
f 1565/2175/587 1566/2177/587 1610/2160/587 1609/2159/587
f 1566/2177/586 1567/2179/586 1601/2161/586 1610/2160/586
f 1567/2179/585 1568/2181/585 1602/2162/585 1601/2161/585
f 1568/2181/596 1569/2183/596 1603/2163/596 1602/2162/596
f 1569/2184/595 1570/2187/595 1604/2165/595 1603/2164/595
f 1570/2187/594 1571/2189/594 1605/2166/594 1604/2165/594
f 1571/2189/593 1572/2191/593 1606/2167/593 1605/2166/593
f 1572/2191/592 1573/2193/592 1607/2168/592 1606/2167/592
f 1573/2193/591 1574/2195/591 1608/2169/591 1607/2168/591
f 1574/2195/590 1563/2170/590 1599/2157/590 1608/2169/590
f 1563/2170/589 1564/2173/589 1600/2158/589 1599/2157/589
f 1611/2196/742 1623/2197/742 1624/2198/742 1612/2199/742
f 1612/2199/743 1624/2198/743 1625/2200/743 1613/2201/743
f 1613/2201/599 1625/2200/599 1626/2202/599 1614/2203/599
f 1614/2203/744 1626/2202/744 1627/2204/744 1615/2205/744
f 1615/2205/646 1627/2204/646 1628/2206/646 1616/2207/646
f 1616/2207/602 1628/2206/602 1629/2208/602 1617/2209/602
f 1617/2210/603 1629/2211/603 1630/2212/603 1618/2213/603
f 1618/2213/745 1630/2212/745 1631/2214/745 1619/2215/745
f 1619/2215/652 1631/2214/652 1632/2216/652 1620/2217/652
f 1620/2217/746 1632/2216/746 1633/2218/746 1621/2219/746
f 1621/2219/747 1633/2218/747 1634/2220/747 1622/2221/747
f 1622/2221/748 1634/2220/748 1623/2197/748 1611/2196/748
f 1623/2197/658 1707/2222/658 1708/2223/658 1624/2198/658
f 1624/2198/657 1708/2223/657 1709/2224/657 1625/2200/657
f 1625/2200/611 1709/2224/611 1710/2225/611 1626/2202/611
f 1626/2202/749 1710/2225/749 1711/2226/749 1627/2204/749
f 1627/2204/655 1711/2226/655 1712/2227/655 1628/2206/655
f 1628/2206/654 1712/2227/654 1713/2228/654 1629/2208/654
f 1629/2211/750 1713/2229/750 1714/2230/750 1630/2212/750
f 1630/2212/751 1714/2230/751 1715/2231/751 1631/2214/751
f 1631/2214/617 1715/2231/617 1716/2232/617 1632/2216/617
f 1632/2216/618 1716/2232/618 1717/2233/618 1633/2218/618
f 1633/2218/619 1717/2233/619 1718/2234/619 1634/2220/619
f 1634/2220/659 1718/2234/659 1707/2222/659 1623/2197/659
f 1635/2235/621 1647/2236/621 1648/2237/621 1636/2238/621
f 1636/2238/752 1648/2237/752 1649/2239/752 1637/2240/752
f 1637/2240/623 1649/2239/623 1650/2241/623 1638/2242/623
f 1638/2242/624 1650/2241/624 1651/2243/624 1639/2244/624
f 1639/2244/753 1651/2243/753 1652/2245/753 1640/2246/753
f 1640/2246/662 1652/2245/662 1653/2247/662 1641/2248/662
f 1641/2249/627 1653/2250/627 1654/2251/627 1642/2252/627
f 1642/2252/754 1654/2251/754 1655/2253/754 1643/2254/754
f 1643/2254/629 1655/2253/629 1656/2255/629 1644/2256/629
f 1644/2256/668 1656/2255/668 1657/2257/668 1645/2258/668
f 1645/2258/631 1657/2257/631 1658/2259/631 1646/2260/631
f 1646/2260/632 1658/2259/632 1647/2236/632 1635/2235/632
f 1647/2236/675 1659/2261/675 1660/2262/675 1648/2237/675
f 1648/2237/634 1660/2262/634 1661/2263/634 1649/2239/634
f 1649/2239/635 1661/2263/635 1662/2264/635 1650/2241/635
f 1650/2241/673 1662/2264/673 1663/2265/673 1651/2243/673
f 1651/2243/637 1663/2265/637 1664/2266/637 1652/2245/637
f 1652/2245/755 1664/2266/755 1665/2267/755 1653/2247/755
f 1653/2250/756 1665/2268/756 1666/2269/756 1654/2251/756
f 1654/2251/678 1666/2269/678 1667/2270/678 1655/2253/678
f 1655/2253/641 1667/2270/641 1668/2271/641 1656/2255/641
f 1656/2255/757 1668/2271/757 1669/2272/757 1657/2257/757
f 1657/2257/677 1669/2272/677 1670/2273/677 1658/2259/677
f 1658/2259/758 1670/2273/758 1659/2261/758 1647/2236/758
f 1659/2274/759 1671/2275/759 1672/2276/759 1660/2277/759
f 1660/2277/760 1672/2276/760 1673/2278/760 1661/2279/760
f 1661/2279/600 1673/2278/600 1674/2280/600 1662/2281/600
f 1662/2281/599 1674/2280/599 1675/2282/599 1663/2283/599
f 1663/2283/761 1675/2282/761 1676/2284/761 1664/2285/761
f 1664/2285/648 1676/2284/648 1677/2286/648 1665/2287/648
f 1665/2288/762 1677/2289/762 1678/2290/762 1666/2291/762
f 1666/2291/650 1678/2290/650 1679/2292/650 1667/2293/650
f 1667/2293/651 1679/2292/651 1680/2294/651 1668/2295/651
f 1668/2295/605 1680/2294/605 1681/2296/605 1669/2297/605
f 1669/2297/604 1681/2296/604 1682/2298/604 1670/2299/604
f 1670/2299/603 1682/2298/603 1671/2275/603 1659/2274/603
f 1671/2275/654 1719/2300/654 1720/2301/654 1672/2276/654
f 1672/2276/655 1720/2301/655 1729/2302/655 1673/2278/655
f 1673/2278/612 1729/2302/612 1730/2303/612 1674/2280/612
f 1674/2280/611 1730/2303/611 1721/2304/611 1675/2282/611
f 1675/2282/763 1721/2304/763 1722/2305/763 1676/2284/763
f 1676/2284/609 1722/2305/609 1723/2306/609 1677/2286/609
f 1677/2289/620 1723/2307/620 1724/2308/620 1678/2290/620
f 1678/2290/619 1724/2308/619 1725/2309/619 1679/2292/619
f 1679/2292/618 1725/2309/618 1726/2310/618 1680/2294/618
f 1680/2294/617 1726/2310/617 1727/2311/617 1681/2296/617
f 1681/2296/751 1727/2311/751 1728/2312/751 1682/2298/751
f 1682/2298/750 1728/2312/750 1719/2300/750 1671/2275/750
f 1683/2313/626 1695/2314/626 1696/2315/626 1684/2316/626
f 1684/2316/625 1696/2315/625 1697/2317/625 1685/2318/625
f 1685/2318/663 1697/2317/663 1698/2319/663 1686/2320/663
f 1686/2320/623 1698/2319/623 1699/2321/623 1687/2322/623
f 1687/2322/752 1699/2321/752 1700/2323/752 1688/2324/752
f 1688/2324/621 1700/2323/621 1701/2325/621 1689/2326/621
f 1689/2327/666 1701/2328/666 1702/2329/666 1690/2330/666
f 1690/2330/631 1702/2329/631 1703/2331/631 1691/2332/631
f 1691/2332/630 1703/2331/630 1704/2333/630 1692/2334/630
f 1692/2334/629 1704/2333/629 1705/2335/629 1693/2336/629
f 1693/2336/628 1705/2335/628 1706/2337/628 1694/2338/628
f 1694/2338/627 1706/2337/627 1695/2314/627 1683/2313/627
f 1695/2314/764 1611/2196/764 1612/2199/764 1696/2315/764
f 1696/2315/637 1612/2199/637 1613/2201/637 1697/2317/637
f 1697/2317/765 1613/2201/765 1614/2203/765 1698/2319/765
f 1698/2319/635 1614/2203/635 1615/2205/635 1699/2321/635
f 1699/2321/766 1615/2205/766 1616/2207/766 1700/2323/766
f 1700/2323/675 1616/2207/675 1617/2209/675 1701/2325/675
f 1701/2328/767 1617/2210/767 1618/2213/767 1702/2329/767
f 1702/2329/643 1618/2213/643 1619/2215/643 1703/2331/643
f 1703/2331/642 1619/2215/642 1620/2217/642 1704/2333/642
f 1704/2333/641 1620/2217/641 1621/2219/641 1705/2335/641
f 1705/2335/678 1621/2219/678 1622/2221/678 1706/2337/678
f 1706/2337/768 1622/2221/768 1611/2196/768 1695/2314/768
f 1636/2238/680 1637/2240/680 1709/2224/680 1708/2223/680
f 1637/2240/681 1638/2242/681 1710/2225/681 1709/2224/681
f 1638/2242/682 1639/2244/682 1711/2226/682 1710/2225/682
f 1639/2244/683 1640/2246/683 1712/2227/683 1711/2226/683
f 1640/2246/684 1641/2248/684 1713/2228/684 1712/2227/684
f 1641/2249/685 1642/2252/685 1714/2230/685 1713/2229/685
f 1642/2252/686 1643/2254/686 1715/2231/686 1714/2230/686
f 1643/2254/769 1644/2256/769 1716/2232/769 1715/2231/769
f 1644/2256/688 1645/2258/688 1717/2233/688 1716/2232/688
f 1645/2258/689 1646/2260/689 1718/2234/689 1717/2233/689
f 1646/2260/690 1635/2235/690 1707/2222/690 1718/2234/690
f 1635/2235/691 1636/2238/691 1708/2223/691 1707/2222/691
f 1684/2316/683 1685/2318/683 1729/2302/683 1720/2301/683
f 1685/2318/682 1686/2320/682 1730/2303/682 1729/2302/682
f 1686/2320/770 1687/2322/770 1721/2304/770 1730/2303/770
f 1687/2322/680 1688/2324/680 1722/2305/680 1721/2304/680
f 1688/2324/691 1689/2326/691 1723/2306/691 1722/2305/691
f 1689/2327/690 1690/2330/690 1724/2308/690 1723/2307/690
f 1690/2330/689 1691/2332/689 1725/2309/689 1724/2308/689
f 1691/2332/688 1692/2334/688 1726/2310/688 1725/2309/688
f 1692/2334/769 1693/2336/769 1727/2311/769 1726/2310/769
f 1693/2336/686 1694/2338/686 1728/2312/686 1727/2311/686
f 1694/2338/685 1683/2313/685 1719/2300/685 1728/2312/685
f 1683/2313/684 1684/2316/684 1720/2301/684 1719/2300/684
o Torus.004_Torus.005
v 0.018823 1.352202 -1.738904
v 0.017920 1.352435 -1.738200
v 0.017259 1.353071 -1.737684
v 0.017017 1.353939 -1.737495
v 0.017259 1.354807 -1.737684
v 0.017920 1.355443 -1.738200
v 0.018823 1.355676 -1.738904
v 0.019726 1.355443 -1.739609
v 0.020388 1.354807 -1.740125
v 0.020630 1.353939 -1.740314
v 0.020388 1.353071 -1.740125
v 0.019726 1.352435 -1.739609
v 0.023806 1.354746 -1.732517
v 0.022770 1.354910 -1.731984
v 0.021744 1.355360 -1.731935
v 0.021003 1.355974 -1.732385
v 0.020747 1.356588 -1.733213
v 0.021043 1.357037 -1.734196
v 0.021813 1.357202 -1.735072
v 0.022850 1.357037 -1.735606
v 0.023876 1.356588 -1.735654
v 0.024616 1.355974 -1.735204
v 0.024873 1.355360 -1.734377
v 0.024576 1.354910 -1.733393
v 0.025871 1.369429 -1.729872
v 0.024778 1.369429 -1.729409
v 0.023601 1.369429 -1.729554
v 0.022654 1.369429 -1.730269
v 0.022192 1.369429 -1.731361
v 0.022337 1.369429 -1.732538
v 0.023052 1.369429 -1.733485
v 0.024144 1.369429 -1.733947
v 0.025321 1.369429 -1.733802
v 0.026268 1.369429 -1.733088
v 0.026730 1.369429 -1.731995
v 0.026585 1.369429 -1.730818
v 0.023806 1.375570 -1.732517
v 0.022770 1.375405 -1.731984
v 0.021744 1.374956 -1.731935
v 0.021003 1.374342 -1.732385
v 0.020747 1.373728 -1.733213
v 0.021043 1.373278 -1.734196
v 0.021813 1.373114 -1.735072
v 0.022850 1.373278 -1.735606
v 0.023876 1.373728 -1.735654
v 0.024616 1.374342 -1.735204
v 0.024873 1.374956 -1.734377
v 0.024576 1.375405 -1.733393
v 0.018823 1.378113 -1.738904
v 0.017920 1.377881 -1.738200
v 0.017259 1.377245 -1.737684
v 0.017017 1.376377 -1.737495
v 0.017259 1.375508 -1.737684
v 0.017920 1.374872 -1.738200
v 0.018823 1.374640 -1.738904
v 0.019726 1.374872 -1.739609
v 0.020388 1.375508 -1.740125
v 0.020630 1.376377 -1.740314
v 0.020388 1.377245 -1.740125
v 0.019726 1.377881 -1.739609
v 0.013840 1.375570 -1.745292
v 0.013070 1.375405 -1.744416
v 0.012774 1.374956 -1.743432
v 0.013030 1.374342 -1.742605
v 0.013770 1.373728 -1.742155
v 0.014796 1.373278 -1.742203
v 0.015833 1.373114 -1.742737
v 0.016603 1.373278 -1.743613
v 0.016899 1.373728 -1.744596
v 0.016643 1.374342 -1.745424
v 0.015903 1.374956 -1.745874
v 0.014877 1.375405 -1.745825
v 0.011776 1.360886 -1.747937
v 0.011061 1.360886 -1.746991
v 0.010916 1.360886 -1.745813
v 0.011379 1.360886 -1.744721
v 0.012325 1.360886 -1.744007
v 0.013503 1.360886 -1.743862
v 0.014595 1.360886 -1.744324
v 0.015309 1.360886 -1.745271
v 0.015454 1.360886 -1.746448
v 0.014992 1.360886 -1.747540
v 0.014045 1.360886 -1.748255
v 0.012868 1.360886 -1.748400
v 0.013840 1.354746 -1.745292
v 0.013070 1.354910 -1.744416
v 0.012774 1.355360 -1.743432
v 0.013030 1.355974 -1.742605
v 0.013770 1.356588 -1.742155
v 0.014796 1.357037 -1.742203
v 0.015833 1.357202 -1.742737
v 0.016603 1.357037 -1.743613
v 0.016899 1.356588 -1.744596
v 0.016643 1.355974 -1.745424
v 0.015903 1.355360 -1.745874
v 0.014877 1.354910 -1.745825
v 0.025871 1.360886 -1.729872
v 0.024778 1.360886 -1.729409
v 0.023601 1.360886 -1.729554
v 0.022654 1.360886 -1.730269
v 0.022192 1.360886 -1.731361
v 0.022337 1.360886 -1.732538
v 0.023052 1.360886 -1.733485
v 0.024144 1.360886 -1.733947
v 0.025321 1.360886 -1.733802
v 0.026268 1.360886 -1.733088
v 0.026730 1.360886 -1.731995
v 0.026585 1.360886 -1.730818
v 0.011776 1.369429 -1.747937
v 0.011061 1.369429 -1.746991
v 0.012325 1.369429 -1.744007
v 0.013503 1.369429 -1.743862
v 0.014595 1.369429 -1.744324
v 0.015309 1.369429 -1.745271
v 0.015454 1.369429 -1.746448
v 0.014992 1.369429 -1.747540
v 0.014045 1.369429 -1.748255
v 0.012868 1.369429 -1.748400
v 0.010916 1.369429 -1.745813
v 0.011379 1.369429 -1.744721
v 0.018823 1.398314 -1.738762
v 0.019969 1.398546 -1.738762
v 0.020808 1.399182 -1.738762
v 0.021115 1.400050 -1.738762
v 0.020808 1.400919 -1.738762
v 0.019969 1.401554 -1.738762
v 0.018823 1.401787 -1.738762
v 0.017677 1.401554 -1.738762
v 0.016839 1.400919 -1.738762
v 0.016532 1.400050 -1.738762
v 0.016839 1.399182 -1.738762
v 0.017677 1.398546 -1.738762
v 0.018823 1.400857 -1.746863
v 0.019969 1.401022 -1.746646
v 0.020808 1.401471 -1.746053
v 0.021115 1.402085 -1.745243
v 0.020808 1.402699 -1.744433
v 0.019969 1.403149 -1.743840
v 0.018823 1.403313 -1.743622
v 0.017677 1.403149 -1.743840
v 0.016839 1.402699 -1.744433
v 0.016532 1.402085 -1.745243
v 0.016839 1.401471 -1.746053
v 0.017677 1.401022 -1.746646
v 0.018823 1.415541 -1.750219
v 0.019969 1.415541 -1.749912
v 0.020808 1.415541 -1.749073
v 0.021115 1.415541 -1.747927
v 0.020808 1.415541 -1.746782
v 0.019969 1.415541 -1.745943
v 0.018823 1.415541 -1.745636
v 0.017677 1.415541 -1.745943
v 0.016839 1.415541 -1.746782
v 0.016532 1.415541 -1.747927
v 0.016839 1.415541 -1.749073
v 0.017677 1.415541 -1.749912
v 0.018823 1.421681 -1.746863
v 0.019969 1.421517 -1.746646
v 0.020808 1.421067 -1.746053
v 0.021115 1.420453 -1.745243
v 0.020808 1.419839 -1.744433
v 0.019969 1.419390 -1.743840
v 0.018823 1.419225 -1.743622
v 0.017677 1.419390 -1.743840
v 0.016839 1.419839 -1.744433
v 0.016532 1.420453 -1.745243
v 0.016839 1.421067 -1.746053
v 0.017677 1.421517 -1.746646
v 0.018823 1.424225 -1.738762
v 0.019969 1.423992 -1.738762
v 0.020808 1.423356 -1.738762
v 0.021115 1.422488 -1.738762
v 0.020808 1.421620 -1.738762
v 0.019969 1.420984 -1.738762
v 0.018823 1.420751 -1.738762
v 0.017677 1.420984 -1.738762
v 0.016839 1.421620 -1.738762
v 0.016532 1.422488 -1.738762
v 0.016839 1.423356 -1.738762
v 0.017677 1.423992 -1.738762
v 0.018823 1.421681 -1.730660
v 0.019969 1.421517 -1.730878
v 0.020808 1.421067 -1.731471
v 0.021115 1.420453 -1.732281
v 0.020808 1.419839 -1.733091
v 0.019969 1.419390 -1.733684
v 0.018823 1.419225 -1.733901
v 0.017677 1.419390 -1.733684
v 0.016839 1.419839 -1.733091
v 0.016532 1.420453 -1.732281
v 0.016839 1.421067 -1.731471
v 0.017677 1.421517 -1.730878
v 0.018823 1.406997 -1.727305
v 0.019969 1.406997 -1.727612
v 0.020808 1.406997 -1.728451
v 0.021115 1.406997 -1.729596
v 0.020808 1.406997 -1.730742
v 0.019969 1.406997 -1.731581
v 0.018823 1.406997 -1.731888
v 0.017677 1.406997 -1.731581
v 0.016839 1.406997 -1.730742
v 0.016532 1.406997 -1.729596
v 0.016839 1.406997 -1.728451
v 0.017677 1.406997 -1.727612
v 0.018823 1.400857 -1.730660
v 0.019969 1.401022 -1.730878
v 0.020808 1.401471 -1.731471
v 0.021115 1.402085 -1.732281
v 0.020808 1.402699 -1.733091
v 0.019969 1.403149 -1.733684
v 0.018823 1.403313 -1.733901
v 0.017677 1.403149 -1.733684
v 0.016839 1.402699 -1.733091
v 0.016532 1.402085 -1.732281
v 0.016839 1.401471 -1.731471
v 0.017677 1.401022 -1.730878
v 0.018823 1.406997 -1.750219
v 0.019969 1.406997 -1.749912
v 0.020808 1.406997 -1.749073
v 0.021115 1.406997 -1.747927
v 0.020808 1.406997 -1.746782
v 0.019969 1.406997 -1.745943
v 0.018823 1.406997 -1.745636
v 0.017677 1.406997 -1.745943
v 0.016839 1.406997 -1.746782
v 0.016532 1.406997 -1.747927
v 0.016839 1.406997 -1.749073
v 0.017677 1.406997 -1.749912
v 0.018823 1.415541 -1.727305
v 0.019969 1.415541 -1.727612
v 0.020808 1.415541 -1.730742
v 0.019969 1.415541 -1.731581
v 0.018823 1.415541 -1.731888
v 0.017677 1.415541 -1.731581
v 0.016839 1.415541 -1.730742
v 0.016532 1.415541 -1.729596
v 0.016839 1.415541 -1.728451
v 0.017677 1.415541 -1.727612
v 0.020808 1.415541 -1.728451
v 0.021115 1.415541 -1.729596
v 0.018823 1.383324 -1.738762
v 0.019814 1.383556 -1.739337
v 0.020539 1.384192 -1.739758
v 0.020805 1.385061 -1.739912
v 0.020539 1.385929 -1.739758
v 0.019814 1.386565 -1.739337
v 0.018823 1.386797 -1.738762
v 0.017832 1.386565 -1.738186
v 0.017107 1.385929 -1.737765
v 0.016841 1.385061 -1.737611
v 0.017107 1.384192 -1.737765
v 0.017832 1.383556 -1.738186
v 0.014756 1.385867 -1.745768
v 0.015856 1.386032 -1.746156
v 0.016879 1.386481 -1.746064
v 0.017551 1.387095 -1.745517
v 0.017692 1.387709 -1.744662
v 0.017265 1.388159 -1.743728
v 0.016383 1.388323 -1.742965
v 0.015283 1.388159 -1.742578
v 0.014260 1.387709 -1.742670
v 0.013588 1.387095 -1.743216
v 0.013446 1.386481 -1.744071
v 0.013874 1.386032 -1.745005
v 0.013071 1.400551 -1.748670
v 0.014216 1.400551 -1.748980
v 0.015363 1.400551 -1.748675
v 0.016203 1.400551 -1.747839
v 0.016513 1.400551 -1.746694
v 0.016209 1.400551 -1.745547
v 0.015372 1.400551 -1.744707
v 0.014227 1.400551 -1.744397
v 0.013081 1.400551 -1.744701
v 0.012240 1.400551 -1.745538
v 0.011930 1.400551 -1.746683
v 0.012234 1.400551 -1.747829
v 0.014756 1.406692 -1.745768
v 0.015856 1.406527 -1.746155
v 0.016879 1.406078 -1.746064
v 0.017551 1.405463 -1.745517
v 0.017692 1.404849 -1.744662
v 0.017265 1.404400 -1.743728
v 0.016383 1.404235 -1.742965
v 0.015283 1.404400 -1.742578
v 0.014260 1.404849 -1.742670
v 0.013588 1.405463 -1.743216
v 0.013446 1.406078 -1.744071
v 0.013874 1.406527 -1.745005
v 0.018823 1.409235 -1.738762
v 0.019814 1.409002 -1.739337
v 0.020539 1.408367 -1.739758
v 0.020805 1.407498 -1.739912
v 0.020539 1.406630 -1.739758
v 0.019814 1.405994 -1.739337
v 0.018823 1.405761 -1.738762
v 0.017832 1.405994 -1.738186
v 0.017107 1.406630 -1.737765
v 0.016841 1.407498 -1.737611
v 0.017107 1.408367 -1.737765
v 0.017832 1.409002 -1.738186
v 0.022890 1.406692 -1.731755
v 0.023772 1.406527 -1.732518
v 0.024200 1.406078 -1.733452
v 0.024059 1.405463 -1.734307
v 0.023386 1.404849 -1.734854
v 0.022363 1.404400 -1.734945
v 0.021264 1.404235 -1.734558
v 0.020382 1.404400 -1.733795
v 0.019954 1.404849 -1.732861
v 0.020095 1.405463 -1.732006
v 0.020768 1.406078 -1.731460
v 0.021791 1.406527 -1.731368
v 0.024575 1.392008 -1.728853
v 0.025412 1.392008 -1.729694
v 0.025716 1.392008 -1.730840
v 0.025406 1.392008 -1.731985
v 0.024566 1.392008 -1.732822
v 0.023419 1.392008 -1.733126
v 0.022274 1.392008 -1.732817
v 0.021438 1.392008 -1.731976
v 0.021133 1.392008 -1.730830
v 0.021443 1.392008 -1.729685
v 0.022284 1.392008 -1.728848
v 0.023430 1.392008 -1.728544
v 0.022890 1.385867 -1.731755
v 0.023772 1.386032 -1.732518
v 0.024200 1.386481 -1.733452
v 0.024059 1.387095 -1.734307
v 0.023386 1.387709 -1.734854
v 0.022363 1.388159 -1.734945
v 0.021264 1.388323 -1.734558
v 0.020382 1.388159 -1.733795
v 0.019954 1.387709 -1.732861
v 0.020095 1.387095 -1.732006
v 0.020768 1.386481 -1.731460
v 0.021791 1.386032 -1.731368
v 0.013071 1.392008 -1.748670
v 0.014216 1.392008 -1.748980
v 0.015363 1.392008 -1.748675
v 0.016203 1.392008 -1.747839
v 0.016513 1.392008 -1.746694
v 0.016209 1.392008 -1.745547
v 0.015372 1.392008 -1.744707
v 0.014227 1.392008 -1.744397
v 0.013081 1.392008 -1.744701
v 0.012240 1.392008 -1.745538
v 0.011930 1.392008 -1.746683
v 0.012234 1.392008 -1.747829
v 0.024575 1.400551 -1.728853
v 0.025412 1.400551 -1.729694
v 0.024566 1.400551 -1.732822
v 0.023419 1.400551 -1.733126
v 0.022274 1.400551 -1.732817
v 0.021438 1.400551 -1.731976
v 0.021133 1.400551 -1.730830
v 0.021443 1.400551 -1.729685
v 0.022284 1.400551 -1.728848
v 0.023430 1.400551 -1.728544
v 0.025716 1.400551 -1.730840
v 0.025406 1.400551 -1.731985
v 0.018823 1.368191 -1.739047
v 0.019619 1.368424 -1.738223
v 0.020201 1.369060 -1.737619
v 0.020414 1.369928 -1.737398
v 0.020201 1.370796 -1.737619
v 0.019619 1.371432 -1.738223
v 0.018823 1.371665 -1.739047
v 0.018028 1.371432 -1.739872
v 0.017445 1.370796 -1.740475
v 0.017232 1.369928 -1.740696
v 0.017445 1.369060 -1.740475
v 0.018028 1.368424 -1.739872
v 0.024653 1.370735 -1.744673
v 0.025292 1.370899 -1.743698
v 0.025448 1.371349 -1.742682
v 0.025078 1.371963 -1.741899
v 0.024282 1.372577 -1.741557
v 0.023273 1.373026 -1.741749
v 0.022321 1.373191 -1.742422
v 0.021682 1.373026 -1.743398
v 0.021526 1.372577 -1.744413
v 0.021896 1.371963 -1.745196
v 0.022692 1.371349 -1.745538
v 0.023701 1.370899 -1.745346
v 0.027067 1.385419 -1.747003
v 0.027642 1.385419 -1.745965
v 0.027621 1.385419 -1.744779
v 0.027010 1.385419 -1.743763
v 0.025972 1.385419 -1.743188
v 0.024786 1.385419 -1.743209
v 0.023770 1.385419 -1.743821
v 0.023195 1.385419 -1.744858
v 0.023216 1.385419 -1.746044
v 0.023827 1.385419 -1.747061
v 0.024865 1.385419 -1.747635
v 0.026051 1.385419 -1.747614
v 0.024653 1.391559 -1.744673
v 0.025292 1.391394 -1.743698
v 0.025448 1.390945 -1.742682
v 0.025078 1.390331 -1.741899
v 0.024282 1.389717 -1.741557
v 0.023273 1.389267 -1.741749
v 0.022321 1.389103 -1.742422
v 0.021682 1.389267 -1.743398
v 0.021526 1.389717 -1.744413
v 0.021896 1.390331 -1.745196
v 0.022692 1.390945 -1.745538
v 0.023701 1.391394 -1.745346
v 0.018823 1.394102 -1.739047
v 0.019619 1.393870 -1.738223
v 0.020201 1.393234 -1.737619
v 0.020414 1.392366 -1.737398
v 0.020201 1.391497 -1.737619
v 0.019619 1.390862 -1.738223
v 0.018823 1.390629 -1.739047
v 0.018028 1.390862 -1.739872
v 0.017445 1.391497 -1.740475
v 0.017232 1.392366 -1.740696
v 0.017445 1.393234 -1.740475
v 0.018028 1.393870 -1.739872
v 0.012994 1.391559 -1.733422
v 0.013945 1.391394 -1.732748
v 0.014954 1.390945 -1.732556
v 0.015751 1.390331 -1.732898
v 0.016120 1.389717 -1.733681
v 0.015965 1.389267 -1.734697
v 0.015325 1.389103 -1.735672
v 0.014374 1.389267 -1.736346
v 0.013364 1.389717 -1.736537
v 0.012568 1.390331 -1.736196
v 0.012199 1.390945 -1.735412
v 0.012354 1.391394 -1.734397
v 0.010579 1.376875 -1.731092
v 0.011595 1.376875 -1.730480
v 0.012781 1.376875 -1.730459
v 0.013819 1.376875 -1.731034
v 0.014430 1.376875 -1.732050
v 0.014451 1.376875 -1.733236
v 0.013877 1.376875 -1.734274
v 0.012860 1.376875 -1.734885
v 0.011674 1.376875 -1.734906
v 0.010637 1.376875 -1.734332
v 0.010025 1.376875 -1.733315
v 0.010004 1.376875 -1.732129
v 0.012994 1.370735 -1.733422
v 0.013945 1.370899 -1.732748
v 0.014954 1.371349 -1.732556
v 0.015751 1.371963 -1.732898
v 0.016120 1.372577 -1.733681
v 0.015965 1.373026 -1.734697
v 0.015325 1.373191 -1.735672
v 0.014374 1.373026 -1.736346
v 0.013364 1.372577 -1.736537
v 0.012568 1.371963 -1.736196
v 0.012199 1.371349 -1.735412
v 0.012354 1.370899 -1.734397
v 0.027067 1.376875 -1.747003
v 0.027642 1.376875 -1.745965
v 0.027621 1.376875 -1.744779
v 0.027010 1.376875 -1.743763
v 0.025972 1.376875 -1.743188
v 0.024786 1.376875 -1.743209
v 0.023770 1.376875 -1.743821
v 0.023195 1.376875 -1.744858
v 0.023216 1.376875 -1.746044
v 0.023827 1.376875 -1.747061
v 0.024865 1.376875 -1.747635
v 0.026051 1.376875 -1.747614
v 0.010579 1.385419 -1.731092
v 0.011595 1.385419 -1.730480
v 0.014430 1.385419 -1.732050
v 0.014451 1.385419 -1.733236
v 0.013877 1.385419 -1.734274
v 0.012860 1.385419 -1.734885
v 0.011674 1.385419 -1.734906
v 0.010637 1.385419 -1.734332
v 0.010025 1.385419 -1.733315
v 0.010004 1.385419 -1.732129
v 0.012781 1.385419 -1.730459
v 0.013819 1.385419 -1.731034
v 0.018823 1.413128 -1.738194
v 0.017920 1.413361 -1.737489
v 0.017259 1.413996 -1.736973
v 0.017017 1.414865 -1.736784
v 0.017259 1.415733 -1.736973
v 0.017920 1.416369 -1.737489
v 0.018823 1.416602 -1.738194
v 0.019726 1.416369 -1.738898
v 0.020388 1.415733 -1.739414
v 0.020630 1.414865 -1.739603
v 0.020388 1.413996 -1.739414
v 0.019726 1.413361 -1.738898
v 0.023806 1.415671 -1.731806
v 0.022770 1.415836 -1.731273
v 0.021744 1.416286 -1.731224
v 0.021003 1.416900 -1.731674
v 0.020747 1.417514 -1.732502
v 0.021043 1.417963 -1.733485
v 0.021813 1.418128 -1.734361
v 0.022850 1.417963 -1.734895
v 0.023876 1.417514 -1.734943
v 0.024616 1.416900 -1.734493
v 0.024873 1.416286 -1.733666
v 0.024576 1.415836 -1.732682
v 0.025871 1.430355 -1.729160
v 0.024778 1.430355 -1.728698
v 0.023601 1.430355 -1.728843
v 0.022654 1.430355 -1.729558
v 0.022192 1.430355 -1.730650
v 0.022337 1.430355 -1.731827
v 0.023052 1.430355 -1.732774
v 0.024144 1.430355 -1.733236
v 0.025321 1.430355 -1.733091
v 0.026268 1.430355 -1.732377
v 0.026730 1.430355 -1.731284
v 0.026585 1.430355 -1.730107
v 0.023806 1.436496 -1.731806
v 0.022770 1.436331 -1.731273
v 0.021744 1.435882 -1.731224
v 0.021003 1.435268 -1.731674
v 0.020747 1.434654 -1.732502
v 0.021043 1.434204 -1.733485
v 0.021813 1.434040 -1.734361
v 0.022850 1.434204 -1.734895
v 0.023876 1.434654 -1.734943
v 0.024616 1.435268 -1.734493
v 0.024873 1.435882 -1.733666
v 0.024576 1.436331 -1.732682
v 0.018823 1.439039 -1.738194
v 0.017920 1.438807 -1.737489
v 0.017259 1.438171 -1.736973
v 0.017017 1.437302 -1.736784
v 0.017259 1.436434 -1.736973
v 0.017920 1.435798 -1.737489
v 0.018823 1.435566 -1.738194
v 0.019726 1.435798 -1.738898
v 0.020388 1.436434 -1.739414
v 0.020630 1.437302 -1.739603
v 0.020388 1.438171 -1.739414
v 0.019726 1.438807 -1.738898
v 0.013840 1.436496 -1.744581
v 0.013070 1.436331 -1.743705
v 0.012774 1.435882 -1.742721
v 0.013030 1.435268 -1.741894
v 0.013770 1.434654 -1.741444
v 0.014796 1.434204 -1.741492
v 0.015833 1.434040 -1.742026
v 0.016603 1.434204 -1.742902
v 0.016899 1.434654 -1.743885
v 0.016643 1.435268 -1.744713
v 0.015903 1.435882 -1.745163
v 0.014877 1.436331 -1.745114
v 0.011776 1.421812 -1.747226
v 0.011061 1.421812 -1.746280
v 0.010916 1.421812 -1.745103
v 0.011379 1.421812 -1.744010
v 0.012325 1.421812 -1.743296
v 0.013503 1.421812 -1.743151
v 0.014595 1.421812 -1.743613
v 0.015309 1.421812 -1.744560
v 0.015454 1.421812 -1.745737
v 0.014992 1.421812 -1.746829
v 0.014045 1.421812 -1.747544
v 0.012868 1.421812 -1.747689
v 0.013840 1.415671 -1.744581
v 0.013070 1.415836 -1.743705
v 0.012774 1.416286 -1.742721
v 0.013030 1.416900 -1.741894
v 0.013770 1.417514 -1.741444
v 0.014796 1.417963 -1.741492
v 0.015833 1.418128 -1.742026
v 0.016603 1.417963 -1.742902
v 0.016899 1.417514 -1.743885
v 0.016643 1.416900 -1.744713
v 0.015903 1.416286 -1.745163
v 0.014877 1.415836 -1.745114
v 0.025871 1.421812 -1.729160
v 0.024778 1.421812 -1.728698
v 0.023601 1.421812 -1.728843
v 0.022654 1.421812 -1.729558
v 0.022192 1.421812 -1.730650
v 0.022337 1.421812 -1.731827
v 0.023052 1.421812 -1.732774
v 0.024144 1.421812 -1.733236
v 0.025321 1.421812 -1.733091
v 0.026268 1.421812 -1.732377
v 0.026730 1.421812 -1.731284
v 0.026585 1.421812 -1.730107
v 0.011776 1.430355 -1.747226
v 0.011061 1.430355 -1.746280
v 0.012325 1.430355 -1.743296
v 0.013503 1.430355 -1.743151
v 0.014595 1.430355 -1.743613
v 0.015309 1.430355 -1.744560
v 0.015454 1.430355 -1.745737
v 0.014992 1.430355 -1.746829
v 0.014045 1.430355 -1.747544
v 0.012868 1.430355 -1.747689
v 0.010916 1.430355 -1.745103
v 0.011379 1.430355 -1.744010
v 0.018823 1.459239 -1.738051
v 0.019969 1.459472 -1.738051
v 0.020808 1.460108 -1.738051
v 0.021115 1.460976 -1.738051
v 0.020808 1.461845 -1.738051
v 0.019969 1.462480 -1.738051
v 0.018823 1.462713 -1.738051
v 0.017677 1.462480 -1.738051
v 0.016839 1.461845 -1.738051
v 0.016532 1.460976 -1.738051
v 0.016839 1.460108 -1.738051
v 0.017677 1.459472 -1.738051
v 0.018823 1.461783 -1.746152
v 0.019969 1.461947 -1.745935
v 0.020808 1.462397 -1.745342
v 0.021115 1.463011 -1.744532
v 0.020808 1.463625 -1.743722
v 0.019969 1.464074 -1.743129
v 0.018823 1.464239 -1.742911
v 0.017677 1.464074 -1.743129
v 0.016839 1.463625 -1.743722
v 0.016532 1.463011 -1.744532
v 0.016839 1.462397 -1.745342
v 0.017677 1.461947 -1.745935
v 0.018823 1.476467 -1.749508
v 0.019969 1.476467 -1.749201
v 0.020808 1.476467 -1.748362
v 0.021115 1.476467 -1.747216
v 0.020808 1.476467 -1.746071
v 0.019969 1.476467 -1.745232
v 0.018823 1.476467 -1.744925
v 0.017677 1.476467 -1.745232
v 0.016839 1.476467 -1.746071
v 0.016532 1.476467 -1.747216
v 0.016839 1.476467 -1.748362
v 0.017677 1.476467 -1.749201
v 0.018823 1.482607 -1.746152
v 0.019969 1.482443 -1.745935
v 0.020808 1.481993 -1.745342
v 0.021115 1.481379 -1.744532
v 0.020808 1.480765 -1.743722
v 0.019969 1.480315 -1.743129
v 0.018823 1.480151 -1.742911
v 0.017677 1.480315 -1.743129
v 0.016839 1.480765 -1.743722
v 0.016532 1.481379 -1.744532
v 0.016839 1.481993 -1.745342
v 0.017677 1.482443 -1.745935
v 0.018823 1.485151 -1.738051
v 0.019969 1.484918 -1.738051
v 0.020808 1.484282 -1.738051
v 0.021115 1.483414 -1.738051
v 0.020808 1.482545 -1.738051
v 0.019969 1.481910 -1.738051
v 0.018823 1.481677 -1.738051
v 0.017677 1.481910 -1.738051
v 0.016839 1.482545 -1.738051
v 0.016532 1.483414 -1.738051
v 0.016839 1.484282 -1.738051
v 0.017677 1.484918 -1.738051
v 0.018823 1.482607 -1.729949
v 0.019969 1.482443 -1.730167
v 0.020808 1.481993 -1.730760
v 0.021115 1.481379 -1.731570
v 0.020808 1.480765 -1.732380
v 0.019969 1.480315 -1.732973
v 0.018823 1.480151 -1.733190
v 0.017677 1.480315 -1.732973
v 0.016839 1.480765 -1.732380
v 0.016532 1.481379 -1.731570
v 0.016839 1.481993 -1.730760
v 0.017677 1.482443 -1.730167
v 0.018823 1.467923 -1.726594
v 0.019969 1.467923 -1.726901
v 0.020808 1.467923 -1.727739
v 0.021115 1.467923 -1.728885
v 0.020808 1.467923 -1.730031
v 0.019969 1.467923 -1.730870
v 0.018823 1.467923 -1.731176
v 0.017677 1.467923 -1.730870
v 0.016839 1.467923 -1.730031
v 0.016532 1.467923 -1.728885
v 0.016839 1.467923 -1.727739
v 0.017677 1.467923 -1.726901
v 0.018823 1.461783 -1.729949
v 0.019969 1.461947 -1.730167
v 0.020808 1.462397 -1.730760
v 0.021115 1.463011 -1.731570
v 0.020808 1.463625 -1.732380
v 0.019969 1.464074 -1.732973
v 0.018823 1.464239 -1.733190
v 0.017677 1.464074 -1.732973
v 0.016839 1.463625 -1.732380
v 0.016532 1.463011 -1.731570
v 0.016839 1.462397 -1.730760
v 0.017677 1.461947 -1.730167
v 0.018823 1.467923 -1.749508
v 0.019969 1.467923 -1.749201
v 0.020808 1.467923 -1.748362
v 0.021115 1.467923 -1.747216
v 0.020808 1.467923 -1.746071
v 0.019969 1.467923 -1.745232
v 0.018823 1.467923 -1.744925
v 0.017677 1.467923 -1.745232
v 0.016839 1.467923 -1.746071
v 0.016532 1.467923 -1.747216
v 0.016839 1.467923 -1.748362
v 0.017677 1.467923 -1.749201
v 0.018823 1.476467 -1.726594
v 0.019969 1.476467 -1.726901
v 0.020808 1.476467 -1.730031
v 0.019969 1.476467 -1.730870
v 0.018823 1.476467 -1.731176
v 0.017677 1.476467 -1.730870
v 0.016839 1.476467 -1.730031
v 0.016532 1.476467 -1.728885
v 0.016839 1.476467 -1.727739
v 0.017677 1.476467 -1.726901
v 0.020808 1.476467 -1.727739
v 0.021115 1.476467 -1.728885
v 0.018823 1.444250 -1.738051
v 0.019814 1.444482 -1.738626
v 0.020539 1.445118 -1.739047
v 0.020805 1.445986 -1.739201
v 0.020539 1.446855 -1.739047
v 0.019814 1.447490 -1.738626
v 0.018823 1.447723 -1.738051
v 0.017832 1.447490 -1.737476
v 0.017107 1.446855 -1.737054
v 0.016841 1.445986 -1.736900
v 0.017107 1.445118 -1.737054
v 0.017832 1.444482 -1.737476
v 0.014756 1.446793 -1.745057
v 0.015856 1.446958 -1.745444
v 0.016879 1.447407 -1.745353
v 0.017551 1.448021 -1.744806
v 0.017692 1.448635 -1.743951
v 0.017265 1.449085 -1.743017
v 0.016383 1.449249 -1.742254
v 0.015283 1.449085 -1.741867
v 0.014260 1.448635 -1.741959
v 0.013588 1.448021 -1.742505
v 0.013446 1.447407 -1.743360
v 0.013874 1.446958 -1.744294
v 0.013071 1.461477 -1.747959
v 0.014216 1.461477 -1.748269
v 0.015363 1.461477 -1.747965
v 0.016203 1.461477 -1.747128
v 0.016513 1.461477 -1.745983
v 0.016209 1.461477 -1.744836
v 0.015372 1.461477 -1.743996
v 0.014227 1.461477 -1.743686
v 0.013081 1.461477 -1.743990
v 0.012240 1.461477 -1.744827
v 0.011930 1.461477 -1.745972
v 0.012234 1.461477 -1.747118
v 0.014756 1.467617 -1.745057
v 0.015856 1.467453 -1.745444
v 0.016879 1.467003 -1.745353
v 0.017551 1.466389 -1.744806
v 0.017692 1.465775 -1.743951
v 0.017265 1.465326 -1.743017
v 0.016383 1.465161 -1.742254
v 0.015283 1.465326 -1.741867
v 0.014260 1.465775 -1.741959
v 0.013588 1.466389 -1.742505
v 0.013446 1.467003 -1.743360
v 0.013874 1.467453 -1.744294
v 0.018823 1.470161 -1.738051
v 0.019814 1.469928 -1.738626
v 0.020539 1.469292 -1.739047
v 0.020805 1.468424 -1.739201
v 0.020539 1.467556 -1.739047
v 0.019814 1.466920 -1.738626
v 0.018823 1.466687 -1.738051
v 0.017832 1.466920 -1.737476
v 0.017107 1.467556 -1.737054
v 0.016841 1.468424 -1.736900
v 0.017107 1.469292 -1.737054
v 0.017832 1.469928 -1.737476
v 0.022890 1.467617 -1.731044
v 0.023772 1.467453 -1.731807
v 0.024200 1.467003 -1.732741
v 0.024059 1.466389 -1.733596
v 0.023386 1.465775 -1.734143
v 0.022363 1.465326 -1.734234
v 0.021263 1.465161 -1.733847
v 0.020382 1.465326 -1.733084
v 0.019954 1.465775 -1.732150
v 0.020095 1.466389 -1.731295
v 0.020768 1.467003 -1.730749
v 0.021791 1.467453 -1.730657
v 0.024575 1.452934 -1.728142
v 0.025412 1.452934 -1.728983
v 0.025716 1.452934 -1.730129
v 0.025406 1.452934 -1.731274
v 0.024566 1.452934 -1.732111
v 0.023419 1.452934 -1.732415
v 0.022274 1.452934 -1.732106
v 0.021438 1.452934 -1.731265
v 0.021133 1.452934 -1.730119
v 0.021443 1.452934 -1.728974
v 0.022284 1.452934 -1.728137
v 0.023430 1.452934 -1.727833
v 0.022890 1.446793 -1.731044
v 0.023772 1.446958 -1.731807
v 0.024200 1.447407 -1.732741
v 0.024059 1.448021 -1.733596
v 0.023386 1.448635 -1.734143
v 0.022363 1.449085 -1.734234
v 0.021263 1.449249 -1.733847
v 0.020382 1.449085 -1.733084
v 0.019954 1.448635 -1.732150
v 0.020095 1.448021 -1.731295
v 0.020768 1.447407 -1.730749
v 0.021791 1.446958 -1.730657
v 0.013071 1.452934 -1.747959
v 0.014216 1.452934 -1.748269
v 0.015363 1.452934 -1.747965
v 0.016203 1.452934 -1.747128
v 0.016513 1.452934 -1.745983
v 0.016209 1.452934 -1.744836
v 0.015372 1.452934 -1.743996
v 0.014227 1.452934 -1.743686
v 0.013081 1.452934 -1.743990
v 0.012240 1.452934 -1.744827
v 0.011930 1.452934 -1.745972
v 0.012234 1.452934 -1.747118
v 0.024575 1.461477 -1.728142
v 0.025412 1.461477 -1.728983
v 0.024566 1.461477 -1.732111
v 0.023419 1.461477 -1.732415
v 0.022274 1.461477 -1.732106
v 0.021438 1.461477 -1.731265
v 0.021133 1.461477 -1.730119
v 0.021443 1.461477 -1.728974
v 0.022284 1.461477 -1.728137
v 0.023430 1.461477 -1.727833
v 0.025716 1.461477 -1.730129
v 0.025406 1.461477 -1.731274
v 0.018823 1.429117 -1.738336
v 0.019619 1.429350 -1.737512
v 0.020201 1.429985 -1.736908
v 0.020414 1.430854 -1.736687
v 0.020201 1.431722 -1.736908
v 0.019619 1.432358 -1.737512
v 0.018823 1.432591 -1.738336
v 0.018028 1.432358 -1.739161
v 0.017445 1.431722 -1.739764
v 0.017232 1.430854 -1.739985
v 0.017445 1.429985 -1.739764
v 0.018028 1.429350 -1.739161
v 0.024653 1.431660 -1.743962
v 0.025292 1.431825 -1.742987
v 0.025448 1.432274 -1.741971
v 0.025078 1.432889 -1.741188
v 0.024282 1.433503 -1.740846
v 0.023273 1.433952 -1.741038
v 0.022321 1.434117 -1.741711
v 0.021682 1.433952 -1.742687
v 0.021526 1.433503 -1.743702
v 0.021896 1.432889 -1.744485
v 0.022692 1.432274 -1.744827
v 0.023701 1.431825 -1.744635
v 0.027067 1.446344 -1.746292
v 0.027642 1.446344 -1.745254
v 0.027621 1.446344 -1.744068
v 0.027010 1.446344 -1.743052
v 0.025972 1.446344 -1.742477
v 0.024786 1.446344 -1.742498
v 0.023770 1.446344 -1.743110
v 0.023195 1.446344 -1.744147
v 0.023216 1.446344 -1.745333
v 0.023827 1.446344 -1.746350
v 0.024865 1.446344 -1.746924
v 0.026051 1.446344 -1.746903
v 0.024653 1.452485 -1.743962
v 0.025292 1.452320 -1.742987
v 0.025448 1.451871 -1.741971
v 0.025078 1.451257 -1.741188
v 0.024282 1.450643 -1.740846
v 0.023273 1.450193 -1.741038
v 0.022321 1.450029 -1.741711
v 0.021682 1.450193 -1.742687
v 0.021526 1.450643 -1.743702
v 0.021896 1.451257 -1.744485
v 0.022692 1.451871 -1.744827
v 0.023701 1.452320 -1.744635
v 0.018823 1.455028 -1.738336
v 0.019619 1.454795 -1.737512
v 0.020201 1.454160 -1.736908
v 0.020414 1.453291 -1.736687
v 0.020201 1.452423 -1.736908
v 0.019619 1.451787 -1.737512
v 0.018823 1.451555 -1.738336
v 0.018028 1.451787 -1.739161
v 0.017445 1.452423 -1.739764
v 0.017232 1.453291 -1.739985
v 0.017445 1.454160 -1.739764
v 0.018028 1.454795 -1.739161
v 0.012994 1.452485 -1.732711
v 0.013945 1.452320 -1.732037
v 0.014954 1.451871 -1.731845
v 0.015751 1.451257 -1.732187
v 0.016120 1.450643 -1.732970
v 0.015965 1.450193 -1.733986
v 0.015325 1.450029 -1.734961
v 0.014374 1.450193 -1.735635
v 0.013364 1.450643 -1.735826
v 0.012568 1.451257 -1.735485
v 0.012199 1.451871 -1.734701
v 0.012354 1.452320 -1.733686
v 0.010579 1.437801 -1.730381
v 0.011595 1.437801 -1.729769
v 0.012781 1.437801 -1.729748
v 0.013819 1.437801 -1.730323
v 0.014430 1.437801 -1.731339
v 0.014451 1.437801 -1.732525
v 0.013877 1.437801 -1.733563
v 0.012860 1.437801 -1.734174
v 0.011674 1.437801 -1.734195
v 0.010637 1.437801 -1.733621
v 0.010025 1.437801 -1.732604
v 0.010004 1.437801 -1.731418
v 0.012994 1.431660 -1.732711
v 0.013945 1.431825 -1.732037
v 0.014954 1.432274 -1.731845
v 0.015751 1.432889 -1.732187
v 0.016120 1.433503 -1.732970
v 0.015965 1.433952 -1.733986
v 0.015325 1.434117 -1.734961
v 0.014374 1.433952 -1.735635
v 0.013364 1.433503 -1.735826
v 0.012568 1.432889 -1.735485
v 0.012199 1.432274 -1.734701
v 0.012354 1.431825 -1.733686
v 0.027067 1.437801 -1.746292
v 0.027642 1.437801 -1.745254
v 0.027621 1.437801 -1.744068
v 0.027010 1.437801 -1.743052
v 0.025972 1.437801 -1.742477
v 0.024786 1.437801 -1.742498
v 0.023770 1.437801 -1.743110
v 0.023195 1.437801 -1.744147
v 0.023216 1.437801 -1.745333
v 0.023827 1.437801 -1.746350
v 0.024865 1.437801 -1.746924
v 0.026051 1.437801 -1.746903
v 0.010579 1.446344 -1.730381
v 0.011595 1.446344 -1.729769
v 0.014430 1.446344 -1.731339
v 0.014451 1.446344 -1.732525
v 0.013877 1.446344 -1.733563
v 0.012860 1.446344 -1.734174
v 0.011674 1.446344 -1.734195
v 0.010637 1.446344 -1.733621
v 0.010025 1.446344 -1.732604
v 0.010004 1.446344 -1.731418
v 0.012781 1.446344 -1.729748
v 0.013819 1.446344 -1.730323
vt 0.500000 0.500000
vt 0.625000 0.500000
vt 0.625000 0.583333
vt 0.500000 0.583333
vt 0.625000 0.666667
vt 0.500000 0.666667
vt 0.625000 0.750000
vt 0.500000 0.750000
vt 0.625000 0.833333
vt 0.500000 0.833333
vt 0.625000 0.916667
vt 0.500000 0.916667
vt 0.625000 1.000000
vt 0.500000 1.000000
vt 0.500000 0.000000
vt 0.625000 0.000000
vt 0.625000 0.083333
vt 0.500000 0.083333
vt 0.625000 0.166667
vt 0.500000 0.166667
vt 0.625000 0.250000
vt 0.500000 0.250000
vt 0.625000 0.333333
vt 0.500000 0.333333
vt 0.625000 0.416667
vt 0.500000 0.416667
vt 0.750000 0.500000
vt 0.750000 0.583333
vt 0.750000 0.666667
vt 0.750000 0.750000
vt 0.750000 0.833333
vt 0.750000 0.916667
vt 0.750000 1.000000
vt 0.750000 0.000000
vt 0.750000 0.083333
vt 0.750000 0.166667
vt 0.750000 0.250000
vt 0.750000 0.333333
vt 0.750000 0.416667
vt 0.750000 0.500000
vt 0.875000 0.500000
vt 0.875000 0.583333
vt 0.750000 0.583333
vt 0.875000 0.666667
vt 0.750000 0.666667
vt 0.875000 0.750000
vt 0.750000 0.750000
vt 0.875000 0.833333
vt 0.750000 0.833333
vt 0.875000 0.916667
vt 0.750000 0.916667
vt 0.875000 1.000000
vt 0.750000 1.000000
vt 0.750000 0.000000
vt 0.875000 0.000000
vt 0.875000 0.083333
vt 0.750000 0.083333
vt 0.875000 0.166667
vt 0.750000 0.166667
vt 0.875000 0.250000
vt 0.750000 0.250000
vt 0.875000 0.333333
vt 0.750000 0.333333
vt 0.875000 0.416667
vt 0.750000 0.416667
vt 1.000000 0.500000
vt 1.000000 0.583333
vt 1.000000 0.666667
vt 1.000000 0.750000
vt 1.000000 0.833333
vt 1.000000 0.916667
vt 1.000000 1.000000
vt 1.000000 0.000000
vt 1.000000 0.083333
vt 1.000000 0.166667
vt 1.000000 0.250000
vt 1.000000 0.333333
vt 1.000000 0.416667
vt 0.000000 0.500000
vt 0.125000 0.500000
vt 0.125000 0.583333
vt 0.000000 0.583333
vt 0.125000 0.666667
vt 0.000000 0.666667
vt 0.125000 0.750000
vt 0.000000 0.750000
vt 0.125000 0.833333
vt 0.000000 0.833333
vt 0.125000 0.916667
vt 0.000000 0.916667
vt 0.125000 1.000000
vt 0.000000 1.000000
vt 0.000000 0.000000
vt 0.125000 0.000000
vt 0.125000 0.083333
vt 0.000000 0.083333
vt 0.125000 0.166667
vt 0.000000 0.166667
vt 0.125000 0.250000
vt 0.000000 0.250000
vt 0.125000 0.333333
vt 0.000000 0.333333
vt 0.125000 0.416667
vt 0.000000 0.416667
vt 0.250000 0.500000
vt 0.250000 0.583333
vt 0.250000 0.666667
vt 0.250000 0.750000
vt 0.250000 0.833333
vt 0.250000 0.916667
vt 0.250000 1.000000
vt 0.250000 0.000000
vt 0.250000 0.083333
vt 0.250000 0.166667
vt 0.250000 0.250000
vt 0.250000 0.333333
vt 0.250000 0.416667
vt 0.250000 0.500000
vt 0.375000 0.500000
vt 0.375000 0.583333
vt 0.250000 0.583333
vt 0.375000 0.666667
vt 0.250000 0.666667
vt 0.375000 0.750000
vt 0.250000 0.750000
vt 0.375000 0.833333
vt 0.250000 0.833333
vt 0.375000 0.916667
vt 0.250000 0.916667
vt 0.375000 1.000000
vt 0.250000 1.000000
vt 0.250000 0.000000
vt 0.375000 0.000000
vt 0.375000 0.083333
vt 0.250000 0.083333
vt 0.375000 0.166667
vt 0.250000 0.166667
vt 0.375000 0.250000
vt 0.250000 0.250000
vt 0.375000 0.333333
vt 0.250000 0.333333
vt 0.375000 0.416667
vt 0.250000 0.416667
vt 0.500000 0.500000
vt 0.625000 0.500000
vt 0.625000 0.583333
vt 0.500000 0.583333
vt 0.625000 0.666667
vt 0.500000 0.666667
vt 0.625000 0.750000
vt 0.500000 0.750000
vt 0.625000 0.833333
vt 0.500000 0.833333
vt 0.625000 0.916667
vt 0.500000 0.916667
vt 0.625000 1.000000
vt 0.500000 1.000000
vt 0.500000 0.000000
vt 0.625000 0.000000
vt 0.625000 0.083333
vt 0.500000 0.083333
vt 0.625000 0.166667
vt 0.500000 0.166667
vt 0.625000 0.250000
vt 0.500000 0.250000
vt 0.625000 0.333333
vt 0.500000 0.333333
vt 0.625000 0.416667
vt 0.500000 0.416667
vt 0.750000 0.500000
vt 0.750000 0.583333
vt 0.750000 0.666667
vt 0.750000 0.750000
vt 0.750000 0.833333
vt 0.750000 0.916667
vt 0.750000 1.000000
vt 0.750000 0.000000
vt 0.750000 0.083333
vt 0.750000 0.166667
vt 0.750000 0.250000
vt 0.750000 0.333333
vt 0.750000 0.416667
vt 0.750000 0.500000
vt 0.875000 0.500000
vt 0.875000 0.583333
vt 0.750000 0.583333
vt 0.875000 0.666667
vt 0.750000 0.666667
vt 0.875000 0.750000
vt 0.750000 0.750000
vt 0.875000 0.833333
vt 0.750000 0.833333
vt 0.875000 0.916667
vt 0.750000 0.916667
vt 0.875000 1.000000
vt 0.750000 1.000000
vt 0.750000 0.000000
vt 0.875000 0.000000
vt 0.875000 0.083333
vt 0.750000 0.083333
vt 0.875000 0.166667
vt 0.750000 0.166667
vt 0.875000 0.250000
vt 0.750000 0.250000
vt 0.875000 0.333333
vt 0.750000 0.333333
vt 0.875000 0.416667
vt 0.750000 0.416667
vt 1.000000 0.500000
vt 1.000000 0.583333
vt 1.000000 0.666667
vt 1.000000 0.750000
vt 1.000000 0.833333
vt 1.000000 0.916667
vt 1.000000 1.000000
vt 1.000000 0.000000
vt 1.000000 0.083333
vt 1.000000 0.166667
vt 1.000000 0.250000
vt 1.000000 0.333333
vt 1.000000 0.416667
vt 0.000000 0.500000
vt 0.125000 0.500000
vt 0.125000 0.583333
vt 0.000000 0.583333
vt 0.125000 0.666667
vt 0.000000 0.666667
vt 0.125000 0.750000
vt 0.000000 0.750000
vt 0.125000 0.833333
vt 0.000000 0.833333
vt 0.125000 0.916667
vt 0.000000 0.916667
vt 0.125000 1.000000
vt 0.000000 1.000000
vt 0.000000 0.000000
vt 0.125000 0.000000
vt 0.125000 0.083333
vt 0.000000 0.083333
vt 0.125000 0.166667
vt 0.000000 0.166667
vt 0.125000 0.250000
vt 0.000000 0.250000
vt 0.125000 0.333333
vt 0.000000 0.333333
vt 0.125000 0.416667
vt 0.000000 0.416667
vt 0.250000 0.500000
vt 0.250000 0.583333
vt 0.250000 0.666667
vt 0.250000 0.750000
vt 0.250000 0.833333
vt 0.250000 0.916667
vt 0.250000 1.000000
vt 0.250000 0.000000
vt 0.250000 0.083333
vt 0.250000 0.166667
vt 0.250000 0.250000
vt 0.250000 0.333333
vt 0.250000 0.416667
vt 0.250000 0.500000
vt 0.375000 0.500000
vt 0.375000 0.583333
vt 0.250000 0.583333
vt 0.375000 0.666667
vt 0.250000 0.666667
vt 0.375000 0.750000
vt 0.250000 0.750000
vt 0.375000 0.833333
vt 0.250000 0.833333
vt 0.375000 0.916667
vt 0.250000 0.916667
vt 0.375000 1.000000
vt 0.250000 1.000000
vt 0.250000 0.000000
vt 0.375000 0.000000
vt 0.375000 0.083333
vt 0.250000 0.083333
vt 0.375000 0.166667
vt 0.250000 0.166667
vt 0.375000 0.250000
vt 0.250000 0.250000
vt 0.375000 0.333333
vt 0.250000 0.333333
vt 0.375000 0.416667
vt 0.250000 0.416667
vt 0.500000 0.500000
vt 0.625000 0.500000
vt 0.625000 0.583333
vt 0.500000 0.583333
vt 0.625000 0.666667
vt 0.500000 0.666667
vt 0.625000 0.750000
vt 0.500000 0.750000
vt 0.625000 0.833333
vt 0.500000 0.833333
vt 0.625000 0.916667
vt 0.500000 0.916667
vt 0.625000 1.000000
vt 0.500000 1.000000
vt 0.500000 0.000000
vt 0.625000 0.000000
vt 0.625000 0.083333
vt 0.500000 0.083333
vt 0.625000 0.166667
vt 0.500000 0.166667
vt 0.625000 0.250000
vt 0.500000 0.250000
vt 0.625000 0.333333
vt 0.500000 0.333333
vt 0.625000 0.416667
vt 0.500000 0.416667
vt 0.750000 0.500000
vt 0.750000 0.583333
vt 0.750000 0.666667
vt 0.750000 0.750000
vt 0.750000 0.833333
vt 0.750000 0.916667
vt 0.750000 1.000000
vt 0.750000 0.000000
vt 0.750000 0.083333
vt 0.750000 0.166667
vt 0.750000 0.250000
vt 0.750000 0.333333
vt 0.750000 0.416667
vt 0.750000 0.500000
vt 0.875000 0.500000
vt 0.875000 0.583333
vt 0.750000 0.583333
vt 0.875000 0.666667
vt 0.750000 0.666667
vt 0.875000 0.750000
vt 0.750000 0.750000
vt 0.875000 0.833333
vt 0.750000 0.833333
vt 0.875000 0.916667
vt 0.750000 0.916667
vt 0.875000 1.000000
vt 0.750000 1.000000
vt 0.750000 0.000000
vt 0.875000 0.000000
vt 0.875000 0.083333
vt 0.750000 0.083333
vt 0.875000 0.166667
vt 0.750000 0.166667
vt 0.875000 0.250000
vt 0.750000 0.250000
vt 0.875000 0.333333
vt 0.750000 0.333333
vt 0.875000 0.416667
vt 0.750000 0.416667
vt 1.000000 0.500000
vt 1.000000 0.583333
vt 1.000000 0.666667
vt 1.000000 0.750000
vt 1.000000 0.833333
vt 1.000000 0.916667
vt 1.000000 1.000000
vt 1.000000 0.000000
vt 1.000000 0.083333
vt 1.000000 0.166667
vt 1.000000 0.250000
vt 1.000000 0.333333
vt 1.000000 0.416667
vt 0.000000 0.500000
vt 0.125000 0.500000
vt 0.125000 0.583333
vt 0.000000 0.583333
vt 0.125000 0.666667
vt 0.000000 0.666667
vt 0.125000 0.750000
vt 0.000000 0.750000
vt 0.125000 0.833333
vt 0.000000 0.833333
vt 0.125000 0.916667
vt 0.000000 0.916667
vt 0.125000 1.000000
vt 0.000000 1.000000
vt 0.000000 0.000000
vt 0.125000 0.000000
vt 0.125000 0.083333
vt 0.000000 0.083333
vt 0.125000 0.166667
vt 0.000000 0.166667
vt 0.125000 0.250000
vt 0.000000 0.250000
vt 0.125000 0.333333
vt 0.000000 0.333333
vt 0.125000 0.416667
vt 0.000000 0.416667
vt 0.250000 0.500000
vt 0.250000 0.583333
vt 0.250000 0.666667
vt 0.250000 0.750000
vt 0.250000 0.833333
vt 0.250000 0.916667
vt 0.250000 1.000000
vt 0.250000 0.000000
vt 0.250000 0.083333
vt 0.250000 0.166667
vt 0.250000 0.250000
vt 0.250000 0.333333
vt 0.250000 0.416667
vt 0.250000 0.500000
vt 0.375000 0.500000
vt 0.375000 0.583333
vt 0.250000 0.583333
vt 0.375000 0.666667
vt 0.250000 0.666667
vt 0.375000 0.750000
vt 0.250000 0.750000
vt 0.375000 0.833333
vt 0.250000 0.833333
vt 0.375000 0.916667
vt 0.250000 0.916667
vt 0.375000 1.000000
vt 0.250000 1.000000
vt 0.250000 0.000000
vt 0.375000 0.000000
vt 0.375000 0.083333
vt 0.250000 0.083333
vt 0.375000 0.166667
vt 0.250000 0.166667
vt 0.375000 0.250000
vt 0.250000 0.250000
vt 0.375000 0.333333
vt 0.250000 0.333333
vt 0.375000 0.416667
vt 0.250000 0.416667
vt 0.500000 0.500000
vt 0.625000 0.500000
vt 0.625000 0.583333
vt 0.500000 0.583333
vt 0.625000 0.666667
vt 0.500000 0.666667
vt 0.625000 0.750000
vt 0.500000 0.750000
vt 0.625000 0.833333
vt 0.500000 0.833333
vt 0.625000 0.916667
vt 0.500000 0.916667
vt 0.625000 1.000000
vt 0.500000 1.000000
vt 0.500000 0.000000
vt 0.625000 0.000000
vt 0.625000 0.083333
vt 0.500000 0.083333
vt 0.625000 0.166667
vt 0.500000 0.166667
vt 0.625000 0.250000
vt 0.500000 0.250000
vt 0.625000 0.333333
vt 0.500000 0.333333
vt 0.625000 0.416667
vt 0.500000 0.416667
vt 0.750000 0.500000
vt 0.750000 0.583333
vt 0.750000 0.666667
vt 0.750000 0.750000
vt 0.750000 0.833333
vt 0.750000 0.916667
vt 0.750000 1.000000
vt 0.750000 0.000000
vt 0.750000 0.083333
vt 0.750000 0.166667
vt 0.750000 0.250000
vt 0.750000 0.333333
vt 0.750000 0.416667
vt 0.750000 0.500000
vt 0.875000 0.500000
vt 0.875000 0.583333
vt 0.750000 0.583333
vt 0.875000 0.666667
vt 0.750000 0.666667
vt 0.875000 0.750000
vt 0.750000 0.750000
vt 0.875000 0.833333
vt 0.750000 0.833333
vt 0.875000 0.916667
vt 0.750000 0.916667
vt 0.875000 1.000000
vt 0.750000 1.000000
vt 0.750000 0.000000
vt 0.875000 0.000000
vt 0.875000 0.083333
vt 0.750000 0.083333
vt 0.875000 0.166667
vt 0.750000 0.166667
vt 0.875000 0.250000
vt 0.750000 0.250000
vt 0.875000 0.333333
vt 0.750000 0.333333
vt 0.875000 0.416667
vt 0.750000 0.416667
vt 1.000000 0.500000
vt 1.000000 0.583333
vt 1.000000 0.666667
vt 1.000000 0.750000
vt 1.000000 0.833333
vt 1.000000 0.916667
vt 1.000000 1.000000
vt 1.000000 0.000000
vt 1.000000 0.083333
vt 1.000000 0.166667
vt 1.000000 0.250000
vt 1.000000 0.333333
vt 1.000000 0.416667
vt 0.000000 0.500000
vt 0.125000 0.500000
vt 0.125000 0.583333
vt 0.000000 0.583333
vt 0.125000 0.666667
vt 0.000000 0.666667
vt 0.125000 0.750000
vt 0.000000 0.750000
vt 0.125000 0.833333
vt 0.000000 0.833333
vt 0.125000 0.916667
vt 0.000000 0.916667
vt 0.125000 1.000000
vt 0.000000 1.000000
vt 0.000000 0.000000
vt 0.125000 0.000000
vt 0.125000 0.083333
vt 0.000000 0.083333
vt 0.125000 0.166667
vt 0.000000 0.166667
vt 0.125000 0.250000
vt 0.000000 0.250000
vt 0.125000 0.333333
vt 0.000000 0.333333
vt 0.125000 0.416667
vt 0.000000 0.416667
vt 0.250000 0.500000
vt 0.250000 0.583333
vt 0.250000 0.666667
vt 0.250000 0.750000
vt 0.250000 0.833333
vt 0.250000 0.916667
vt 0.250000 1.000000
vt 0.250000 0.000000
vt 0.250000 0.083333
vt 0.250000 0.166667
vt 0.250000 0.250000
vt 0.250000 0.333333
vt 0.250000 0.416667
vt 0.250000 0.500000
vt 0.375000 0.500000
vt 0.375000 0.583333
vt 0.250000 0.583333
vt 0.375000 0.666667
vt 0.250000 0.666667
vt 0.375000 0.750000
vt 0.250000 0.750000
vt 0.375000 0.833333
vt 0.250000 0.833333
vt 0.375000 0.916667
vt 0.250000 0.916667
vt 0.375000 1.000000
vt 0.250000 1.000000
vt 0.250000 0.000000
vt 0.375000 0.000000
vt 0.375000 0.083333
vt 0.250000 0.083333
vt 0.375000 0.166667
vt 0.250000 0.166667
vt 0.375000 0.250000
vt 0.250000 0.250000
vt 0.375000 0.333333
vt 0.250000 0.333333
vt 0.375000 0.416667
vt 0.250000 0.416667
vt 0.500000 0.500000
vt 0.625000 0.500000
vt 0.625000 0.583333
vt 0.500000 0.583333
vt 0.625000 0.666667
vt 0.500000 0.666667
vt 0.625000 0.750000
vt 0.500000 0.750000
vt 0.625000 0.833333
vt 0.500000 0.833333
vt 0.625000 0.916667
vt 0.500000 0.916667
vt 0.625000 1.000000
vt 0.500000 1.000000
vt 0.500000 0.000000
vt 0.625000 0.000000
vt 0.625000 0.083333
vt 0.500000 0.083333
vt 0.625000 0.166667
vt 0.500000 0.166667
vt 0.625000 0.250000
vt 0.500000 0.250000
vt 0.625000 0.333333
vt 0.500000 0.333333
vt 0.625000 0.416667
vt 0.500000 0.416667
vt 0.750000 0.500000
vt 0.750000 0.583333
vt 0.750000 0.666667
vt 0.750000 0.750000
vt 0.750000 0.833333
vt 0.750000 0.916667
vt 0.750000 1.000000
vt 0.750000 0.000000
vt 0.750000 0.083333
vt 0.750000 0.166667
vt 0.750000 0.250000
vt 0.750000 0.333333
vt 0.750000 0.416667
vt 0.750000 0.500000
vt 0.875000 0.500000
vt 0.875000 0.583333
vt 0.750000 0.583333
vt 0.875000 0.666667
vt 0.750000 0.666667
vt 0.875000 0.750000
vt 0.750000 0.750000
vt 0.875000 0.833333
vt 0.750000 0.833333
vt 0.875000 0.916667
vt 0.750000 0.916667
vt 0.875000 1.000000
vt 0.750000 1.000000
vt 0.750000 0.000000
vt 0.875000 0.000000
vt 0.875000 0.083333
vt 0.750000 0.083333
vt 0.875000 0.166667
vt 0.750000 0.166667
vt 0.875000 0.250000
vt 0.750000 0.250000
vt 0.875000 0.333333
vt 0.750000 0.333333
vt 0.875000 0.416667
vt 0.750000 0.416667
vt 1.000000 0.500000
vt 1.000000 0.583333
vt 1.000000 0.666667
vt 1.000000 0.750000
vt 1.000000 0.833333
vt 1.000000 0.916667
vt 1.000000 1.000000
vt 1.000000 0.000000
vt 1.000000 0.083333
vt 1.000000 0.166667
vt 1.000000 0.250000
vt 1.000000 0.333333
vt 1.000000 0.416667
vt 0.000000 0.500000
vt 0.125000 0.500000
vt 0.125000 0.583333
vt 0.000000 0.583333
vt 0.125000 0.666667
vt 0.000000 0.666667
vt 0.125000 0.750000
vt 0.000000 0.750000
vt 0.125000 0.833333
vt 0.000000 0.833333
vt 0.125000 0.916667
vt 0.000000 0.916667
vt 0.125000 1.000000
vt 0.000000 1.000000
vt 0.000000 0.000000
vt 0.125000 0.000000
vt 0.125000 0.083333
vt 0.000000 0.083333
vt 0.125000 0.166667
vt 0.000000 0.166667
vt 0.125000 0.250000
vt 0.000000 0.250000
vt 0.125000 0.333333
vt 0.000000 0.333333
vt 0.125000 0.416667
vt 0.000000 0.416667
vt 0.250000 0.500000
vt 0.250000 0.583333
vt 0.250000 0.666667
vt 0.250000 0.750000
vt 0.250000 0.833333
vt 0.250000 0.916667
vt 0.250000 1.000000
vt 0.250000 0.000000
vt 0.250000 0.083333
vt 0.250000 0.166667
vt 0.250000 0.250000
vt 0.250000 0.333333
vt 0.250000 0.416667
vt 0.250000 0.500000
vt 0.375000 0.500000
vt 0.375000 0.583333
vt 0.250000 0.583333
vt 0.375000 0.666667
vt 0.250000 0.666667
vt 0.375000 0.750000
vt 0.250000 0.750000
vt 0.375000 0.833333
vt 0.250000 0.833333
vt 0.375000 0.916667
vt 0.250000 0.916667
vt 0.375000 1.000000
vt 0.250000 1.000000
vt 0.250000 0.000000
vt 0.375000 0.000000
vt 0.375000 0.083333
vt 0.250000 0.083333
vt 0.375000 0.166667
vt 0.250000 0.166667
vt 0.375000 0.250000
vt 0.250000 0.250000
vt 0.375000 0.333333
vt 0.250000 0.333333
vt 0.375000 0.416667
vt 0.250000 0.416667
vt 0.500000 0.500000
vt 0.625000 0.500000
vt 0.625000 0.583333
vt 0.500000 0.583333
vt 0.625000 0.666667
vt 0.500000 0.666667
vt 0.625000 0.750000
vt 0.500000 0.750000
vt 0.625000 0.833333
vt 0.500000 0.833333
vt 0.625000 0.916667
vt 0.500000 0.916667
vt 0.625000 1.000000
vt 0.500000 1.000000
vt 0.500000 0.000000
vt 0.625000 0.000000
vt 0.625000 0.083333
vt 0.500000 0.083333
vt 0.625000 0.166667
vt 0.500000 0.166667
vt 0.625000 0.250000
vt 0.500000 0.250000
vt 0.625000 0.333333
vt 0.500000 0.333333
vt 0.625000 0.416667
vt 0.500000 0.416667
vt 0.750000 0.500000
vt 0.750000 0.583333
vt 0.750000 0.666667
vt 0.750000 0.750000
vt 0.750000 0.833333
vt 0.750000 0.916667
vt 0.750000 1.000000
vt 0.750000 0.000000
vt 0.750000 0.083333
vt 0.750000 0.166667
vt 0.750000 0.250000
vt 0.750000 0.333333
vt 0.750000 0.416667
vt 0.750000 0.500000
vt 0.875000 0.500000
vt 0.875000 0.583333
vt 0.750000 0.583333
vt 0.875000 0.666667
vt 0.750000 0.666667
vt 0.875000 0.750000
vt 0.750000 0.750000
vt 0.875000 0.833333
vt 0.750000 0.833333
vt 0.875000 0.916667
vt 0.750000 0.916667
vt 0.875000 1.000000
vt 0.750000 1.000000
vt 0.750000 0.000000
vt 0.875000 0.000000
vt 0.875000 0.083333
vt 0.750000 0.083333
vt 0.875000 0.166667
vt 0.750000 0.166667
vt 0.875000 0.250000
vt 0.750000 0.250000
vt 0.875000 0.333333
vt 0.750000 0.333333
vt 0.875000 0.416667
vt 0.750000 0.416667
vt 1.000000 0.500000
vt 1.000000 0.583333
vt 1.000000 0.666667
vt 1.000000 0.750000
vt 1.000000 0.833333
vt 1.000000 0.916667
vt 1.000000 1.000000
vt 1.000000 0.000000
vt 1.000000 0.083333
vt 1.000000 0.166667
vt 1.000000 0.250000
vt 1.000000 0.333333
vt 1.000000 0.416667
vt 0.000000 0.500000
vt 0.125000 0.500000
vt 0.125000 0.583333
vt 0.000000 0.583333
vt 0.125000 0.666667
vt 0.000000 0.666667
vt 0.125000 0.750000
vt 0.000000 0.750000
vt 0.125000 0.833333
vt 0.000000 0.833333
vt 0.125000 0.916667
vt 0.000000 0.916667
vt 0.125000 1.000000
vt 0.000000 1.000000
vt 0.000000 0.000000
vt 0.125000 0.000000
vt 0.125000 0.083333
vt 0.000000 0.083333
vt 0.125000 0.166667
vt 0.000000 0.166667
vt 0.125000 0.250000
vt 0.000000 0.250000
vt 0.125000 0.333333
vt 0.000000 0.333333
vt 0.125000 0.416667
vt 0.000000 0.416667
vt 0.250000 0.500000
vt 0.250000 0.583333
vt 0.250000 0.666667
vt 0.250000 0.750000
vt 0.250000 0.833333
vt 0.250000 0.916667
vt 0.250000 1.000000
vt 0.250000 0.000000
vt 0.250000 0.083333
vt 0.250000 0.166667
vt 0.250000 0.250000
vt 0.250000 0.333333
vt 0.250000 0.416667
vt 0.250000 0.500000
vt 0.375000 0.500000
vt 0.375000 0.583333
vt 0.250000 0.583333
vt 0.375000 0.666667
vt 0.250000 0.666667
vt 0.375000 0.750000
vt 0.250000 0.750000
vt 0.375000 0.833333
vt 0.250000 0.833333
vt 0.375000 0.916667
vt 0.250000 0.916667
vt 0.375000 1.000000
vt 0.250000 1.000000
vt 0.250000 0.000000
vt 0.375000 0.000000
vt 0.375000 0.083333
vt 0.250000 0.083333
vt 0.375000 0.166667
vt 0.250000 0.166667
vt 0.375000 0.250000
vt 0.250000 0.250000
vt 0.375000 0.333333
vt 0.250000 0.333333
vt 0.375000 0.416667
vt 0.250000 0.416667
vt 0.500000 0.500000
vt 0.625000 0.500000
vt 0.625000 0.583333
vt 0.500000 0.583333
vt 0.625000 0.666667
vt 0.500000 0.666667
vt 0.625000 0.750000
vt 0.500000 0.750000
vt 0.625000 0.833333
vt 0.500000 0.833333
vt 0.625000 0.916667
vt 0.500000 0.916667
vt 0.625000 1.000000
vt 0.500000 1.000000
vt 0.500000 0.000000
vt 0.625000 0.000000
vt 0.625000 0.083333
vt 0.500000 0.083333
vt 0.625000 0.166667
vt 0.500000 0.166667
vt 0.625000 0.250000
vt 0.500000 0.250000
vt 0.625000 0.333333
vt 0.500000 0.333333
vt 0.625000 0.416667
vt 0.500000 0.416667
vt 0.750000 0.500000
vt 0.750000 0.583333
vt 0.750000 0.666667
vt 0.750000 0.750000
vt 0.750000 0.833333
vt 0.750000 0.916667
vt 0.750000 1.000000
vt 0.750000 0.000000
vt 0.750000 0.083333
vt 0.750000 0.166667
vt 0.750000 0.250000
vt 0.750000 0.333333
vt 0.750000 0.416667
vt 0.750000 0.500000
vt 0.875000 0.500000
vt 0.875000 0.583333
vt 0.750000 0.583333
vt 0.875000 0.666667
vt 0.750000 0.666667
vt 0.875000 0.750000
vt 0.750000 0.750000
vt 0.875000 0.833333
vt 0.750000 0.833333
vt 0.875000 0.916667
vt 0.750000 0.916667
vt 0.875000 1.000000
vt 0.750000 1.000000
vt 0.750000 0.000000
vt 0.875000 0.000000
vt 0.875000 0.083333
vt 0.750000 0.083333
vt 0.875000 0.166667
vt 0.750000 0.166667
vt 0.875000 0.250000
vt 0.750000 0.250000
vt 0.875000 0.333333
vt 0.750000 0.333333
vt 0.875000 0.416667
vt 0.750000 0.416667
vt 1.000000 0.500000
vt 1.000000 0.583333
vt 1.000000 0.666667
vt 1.000000 0.750000
vt 1.000000 0.833333
vt 1.000000 0.916667
vt 1.000000 1.000000
vt 1.000000 0.000000
vt 1.000000 0.083333
vt 1.000000 0.166667
vt 1.000000 0.250000
vt 1.000000 0.333333
vt 1.000000 0.416667
vt 0.000000 0.500000
vt 0.125000 0.500000
vt 0.125000 0.583333
vt 0.000000 0.583333
vt 0.125000 0.666667
vt 0.000000 0.666667
vt 0.125000 0.750000
vt 0.000000 0.750000
vt 0.125000 0.833333
vt 0.000000 0.833333
vt 0.125000 0.916667
vt 0.000000 0.916667
vt 0.125000 1.000000
vt 0.000000 1.000000
vt 0.000000 0.000000
vt 0.125000 0.000000
vt 0.125000 0.083333
vt 0.000000 0.083333
vt 0.125000 0.166667
vt 0.000000 0.166667
vt 0.125000 0.250000
vt 0.000000 0.250000
vt 0.125000 0.333333
vt 0.000000 0.333333
vt 0.125000 0.416667
vt 0.000000 0.416667
vt 0.250000 0.500000
vt 0.250000 0.583333
vt 0.250000 0.666667
vt 0.250000 0.750000
vt 0.250000 0.833333
vt 0.250000 0.916667
vt 0.250000 1.000000
vt 0.250000 0.000000
vt 0.250000 0.083333
vt 0.250000 0.166667
vt 0.250000 0.250000
vt 0.250000 0.333333
vt 0.250000 0.416667
vt 0.250000 0.500000
vt 0.375000 0.500000
vt 0.375000 0.583333
vt 0.250000 0.583333
vt 0.375000 0.666667
vt 0.250000 0.666667
vt 0.375000 0.750000
vt 0.250000 0.750000
vt 0.375000 0.833333
vt 0.250000 0.833333
vt 0.375000 0.916667
vt 0.250000 0.916667
vt 0.375000 1.000000
vt 0.250000 1.000000
vt 0.250000 0.000000
vt 0.375000 0.000000
vt 0.375000 0.083333
vt 0.250000 0.083333
vt 0.375000 0.166667
vt 0.250000 0.166667
vt 0.375000 0.250000
vt 0.250000 0.250000
vt 0.375000 0.333333
vt 0.250000 0.333333
vt 0.375000 0.416667
vt 0.250000 0.416667
vt 0.500000 0.500000
vt 0.625000 0.500000
vt 0.625000 0.583333
vt 0.500000 0.583333
vt 0.625000 0.666667
vt 0.500000 0.666667
vt 0.625000 0.750000
vt 0.500000 0.750000
vt 0.625000 0.833333
vt 0.500000 0.833333
vt 0.625000 0.916667
vt 0.500000 0.916667
vt 0.625000 1.000000
vt 0.500000 1.000000
vt 0.500000 0.000000
vt 0.625000 0.000000
vt 0.625000 0.083333
vt 0.500000 0.083333
vt 0.625000 0.166667
vt 0.500000 0.166667
vt 0.625000 0.250000
vt 0.500000 0.250000
vt 0.625000 0.333333
vt 0.500000 0.333333
vt 0.625000 0.416667
vt 0.500000 0.416667
vt 0.750000 0.500000
vt 0.750000 0.583333
vt 0.750000 0.666667
vt 0.750000 0.750000
vt 0.750000 0.833333
vt 0.750000 0.916667
vt 0.750000 1.000000
vt 0.750000 0.000000
vt 0.750000 0.083333
vt 0.750000 0.166667
vt 0.750000 0.250000
vt 0.750000 0.333333
vt 0.750000 0.416667
vt 0.750000 0.500000
vt 0.875000 0.500000
vt 0.875000 0.583333
vt 0.750000 0.583333
vt 0.875000 0.666667
vt 0.750000 0.666667
vt 0.875000 0.750000
vt 0.750000 0.750000
vt 0.875000 0.833333
vt 0.750000 0.833333
vt 0.875000 0.916667
vt 0.750000 0.916667
vt 0.875000 1.000000
vt 0.750000 1.000000
vt 0.750000 0.000000
vt 0.875000 0.000000
vt 0.875000 0.083333
vt 0.750000 0.083333
vt 0.875000 0.166667
vt 0.750000 0.166667
vt 0.875000 0.250000
vt 0.750000 0.250000
vt 0.875000 0.333333
vt 0.750000 0.333333
vt 0.875000 0.416667
vt 0.750000 0.416667
vt 1.000000 0.500000
vt 1.000000 0.583333
vt 1.000000 0.666667
vt 1.000000 0.750000
vt 1.000000 0.833333
vt 1.000000 0.916667
vt 1.000000 1.000000
vt 1.000000 0.000000
vt 1.000000 0.083333
vt 1.000000 0.166667
vt 1.000000 0.250000
vt 1.000000 0.333333
vt 1.000000 0.416667
vt 0.000000 0.500000
vt 0.125000 0.500000
vt 0.125000 0.583333
vt 0.000000 0.583333
vt 0.125000 0.666667
vt 0.000000 0.666667
vt 0.125000 0.750000
vt 0.000000 0.750000
vt 0.125000 0.833333
vt 0.000000 0.833333
vt 0.125000 0.916667
vt 0.000000 0.916667
vt 0.125000 1.000000
vt 0.000000 1.000000
vt 0.000000 0.000000
vt 0.125000 0.000000
vt 0.125000 0.083333
vt 0.000000 0.083333
vt 0.125000 0.166667
vt 0.000000 0.166667
vt 0.125000 0.250000
vt 0.000000 0.250000
vt 0.125000 0.333333
vt 0.000000 0.333333
vt 0.125000 0.416667
vt 0.000000 0.416667
vt 0.250000 0.500000
vt 0.250000 0.583333
vt 0.250000 0.666667
vt 0.250000 0.750000
vt 0.250000 0.833333
vt 0.250000 0.916667
vt 0.250000 1.000000
vt 0.250000 0.000000
vt 0.250000 0.083333
vt 0.250000 0.166667
vt 0.250000 0.250000
vt 0.250000 0.333333
vt 0.250000 0.416667
vt 0.250000 0.500000
vt 0.375000 0.500000
vt 0.375000 0.583333
vt 0.250000 0.583333
vt 0.375000 0.666667
vt 0.250000 0.666667
vt 0.375000 0.750000
vt 0.250000 0.750000
vt 0.375000 0.833333
vt 0.250000 0.833333
vt 0.375000 0.916667
vt 0.250000 0.916667
vt 0.375000 1.000000
vt 0.250000 1.000000
vt 0.250000 0.000000
vt 0.375000 0.000000
vt 0.375000 0.083333
vt 0.250000 0.083333
vt 0.375000 0.166667
vt 0.250000 0.166667
vt 0.375000 0.250000
vt 0.250000 0.250000
vt 0.375000 0.333333
vt 0.250000 0.333333
vt 0.375000 0.416667
vt 0.250000 0.416667
vn 0.0309 -0.9367 0.3489
vn -0.3127 -0.7731 0.5518
vn -0.6753 -0.3315 0.6588
vn -0.8034 0.3315 0.4947
vn -0.6113 0.7731 0.1690
vn -0.3309 0.9367 -0.1148
vn -0.0309 0.9367 -0.3489
vn 0.3127 0.7732 -0.5518
vn 0.6753 0.3315 -0.6589
vn 0.8033 -0.3315 -0.4947
vn 0.6113 -0.7731 -0.1691
vn 0.3309 -0.9366 0.1148
vn 0.3450 -0.4668 0.8143
vn -0.1144 -0.3605 0.9257
vn -0.5964 -0.1401 0.7904
vn -0.9117 0.1400 0.3863
vn -0.9257 0.3605 -0.1143
vn -0.7060 0.4668 -0.5326
vn -0.3449 0.4668 -0.8143
vn 0.1142 0.3605 -0.9258
vn 0.5964 0.1400 -0.7904
vn 0.9117 -0.1400 -0.3863
vn 0.9257 -0.3605 0.1143
vn 0.7059 -0.4668 0.5327
vn 0.3450 0.4668 0.8143
vn -0.1144 0.3604 0.9258
vn -0.5964 0.1401 0.7903
vn -0.9117 -0.1400 0.3862
vn -0.9257 -0.3605 -0.1143
vn -0.7060 -0.4668 -0.5326
vn -0.3449 -0.4668 -0.8143
vn 0.1142 -0.3604 -0.9258
vn 0.5964 -0.1400 -0.7904
vn 0.9117 0.1401 -0.3862
vn 0.9257 0.3605 0.1143
vn 0.7059 0.4668 0.5327
vn 0.0309 0.9367 0.3489
vn -0.3127 0.7731 0.5518
vn -0.6753 0.3315 0.6589
vn -0.8033 -0.3315 0.4948
vn -0.6113 -0.7731 0.1690
vn -0.3308 -0.9367 -0.1148
vn -0.0310 -0.9367 -0.3489
vn 0.3127 -0.7731 -0.5519
vn 0.6753 -0.3315 -0.6588
vn 0.8033 0.3315 -0.4947
vn 0.6113 0.7731 -0.1691
vn 0.3309 0.9366 0.1148
vn -0.6113 0.7731 0.1691
vn -0.6752 -0.3315 0.6589
vn -0.3127 -0.7731 0.5519
vn 0.0309 -0.9367 0.3488
vn 0.3308 -0.9367 0.1148
vn 0.6113 -0.7731 -0.1690
vn 0.8033 -0.3315 -0.4948
vn 0.3127 0.7731 -0.5518
vn -0.7059 0.4668 -0.5327
vn -0.9117 0.1400 0.3862
vn -0.5964 -0.1400 0.7904
vn -0.1142 -0.3604 0.9258
vn 0.3449 -0.4668 0.8143
vn 0.7060 -0.4668 0.5326
vn 0.9117 -0.1400 -0.3862
vn 0.5963 0.1401 -0.7904
vn 0.1144 0.3604 -0.9258
vn -0.3450 0.4668 -0.8143
vn -0.7059 -0.4668 -0.5327
vn -0.9117 -0.1400 0.3863
vn -0.5964 0.1400 0.7904
vn -0.1142 0.3605 0.9258
vn 0.3449 0.4668 0.8143
vn 0.9257 0.3605 0.1144
vn 0.9117 0.1400 -0.3863
vn 0.5963 -0.1401 -0.7904
vn 0.1144 -0.3605 -0.9257
vn -0.3450 -0.4668 -0.8143
vn -0.3309 -0.9367 -0.1148
vn -0.6113 -0.7731 0.1691
vn -0.6752 0.3315 0.6589
vn 0.0309 0.9367 0.3488
vn 0.3309 0.9367 0.1148
vn 0.6113 0.7731 -0.1690
vn 0.8033 0.3315 -0.4948
vn 0.6753 -0.3315 -0.6589
vn -0.0309 -0.9366 -0.3489
vn -0.1226 -0.0000 0.9925
vn -0.6023 0.0000 0.7983
vn -0.9208 0.0000 0.3901
vn -0.9925 0.0000 -0.1226
vn -0.7983 0.0000 -0.6023
vn -0.3901 0.0000 -0.9208
vn 0.1225 0.0000 -0.9925
vn 0.6024 0.0000 -0.7982
vn 0.9208 0.0000 -0.3901
vn 0.9925 0.0000 0.1225
vn 0.7982 0.0000 0.6024
vn 0.3901 0.0000 0.9208
vn -0.6024 0.0000 0.7982
vn -0.1225 -0.0000 0.9925
vn 0.7983 0.0000 0.6023
vn 0.9925 0.0000 0.1226
vn 0.6023 0.0000 -0.7983
vn 0.1227 0.0000 -0.9924
vn -0.3902 0.0000 -0.9207
vn -0.7982 0.0000 -0.6024
vn 0.1903 -0.9367 -0.2941
vn 0.5860 -0.7731 -0.2427
vn 0.9377 -0.3315 -0.1041
vn 0.9377 0.3315 0.1041
vn 0.5860 0.7731 0.2427
vn 0.1902 0.9367 0.2941
vn -0.1902 0.9367 0.2941
vn -0.5860 0.7731 0.2427
vn -0.9377 0.3315 0.1041
vn -0.9377 -0.3315 -0.1041
vn -0.5860 -0.7731 -0.2427
vn -0.1903 -0.9367 -0.2941
vn 0.2290 -0.4668 -0.8542
vn 0.6596 -0.3604 -0.6595
vn 0.9564 -0.1400 -0.2563
vn 0.9564 0.1401 0.2563
vn 0.6596 0.3604 0.6595
vn 0.2289 0.4668 0.8542
vn -0.2289 0.4668 0.8542
vn -0.6596 0.3604 0.6595
vn -0.9564 0.1401 0.2563
vn -0.9564 -0.1401 -0.2563
vn -0.6596 -0.3604 -0.6595
vn -0.2290 -0.4668 -0.8542
vn 0.2289 0.4668 -0.8542
vn 0.6596 0.3604 -0.6595
vn 0.9564 0.1400 -0.2563
vn 0.9564 -0.1401 0.2563
vn 0.6596 -0.3604 0.6595
vn 0.2289 -0.4668 0.8542
vn -0.2289 -0.4668 0.8542
vn -0.6596 -0.3604 0.6595
vn -0.9564 -0.1401 0.2563
vn -0.9564 0.1401 -0.2563
vn -0.6596 0.3604 -0.6595
vn -0.2289 0.4668 -0.8542
vn 0.1902 0.9367 -0.2941
vn 0.5859 0.7732 -0.2427
vn 0.9377 0.3315 -0.1041
vn 0.9377 -0.3315 0.1041
vn 0.5860 -0.7731 0.2427
vn 0.1902 -0.9367 0.2941
vn -0.1902 -0.9367 0.2941
vn -0.5860 -0.7731 0.2427
vn -0.9377 -0.3315 0.1041
vn -0.9377 0.3315 -0.1041
vn -0.5859 0.7732 -0.2427
vn -0.1902 0.9367 -0.2941
vn 0.5859 0.7731 0.2427
vn 0.1902 -0.9367 -0.2941
vn -0.1902 -0.9367 -0.2941
vn -0.5859 0.7731 0.2427
vn 0.6596 0.3604 0.6596
vn 0.9564 -0.1400 -0.2562
vn 0.6596 -0.3605 -0.6596
vn 0.2288 -0.4668 -0.8542
vn -0.2288 -0.4668 -0.8542
vn -0.6596 -0.3605 -0.6596
vn -0.9564 -0.1400 -0.2562
vn -0.6596 0.3604 0.6596
vn 0.6596 -0.3605 0.6596
vn 0.9564 0.1400 -0.2562
vn 0.6596 0.3604 -0.6596
vn 0.2288 0.4668 -0.8542
vn -0.2288 0.4668 -0.8542
vn -0.6596 0.3604 -0.6596
vn -0.9564 0.1400 -0.2562
vn -0.6596 -0.3605 0.6596
vn 0.1903 -0.9366 0.2941
vn 0.5859 -0.7731 0.2427
vn 0.5860 0.7731 -0.2427
vn -0.5860 0.7731 -0.2427
vn -0.1903 -0.9366 0.2941
vn 0.7072 0.0000 -0.7070
vn 0.9659 0.0000 -0.2588
vn 0.9659 0.0000 0.2588
vn 0.7071 0.0000 0.7071
vn 0.2588 0.0000 0.9659
vn -0.2588 -0.0000 0.9659
vn -0.7071 -0.0000 0.7071
vn -0.9659 -0.0000 0.2588
vn -0.9659 0.0000 -0.2588
vn -0.7072 -0.0000 -0.7070
vn -0.2588 -0.0000 -0.9659
vn 0.2588 0.0000 -0.9659
vn 0.7072 0.0000 0.7070
vn 0.7071 0.0000 -0.7071
vn -0.7071 -0.0000 -0.7071
vn -0.7072 0.0000 0.7070
vn -0.2587 0.0000 0.9660
vn 0.2587 0.0000 0.9660
vn 0.0168 -0.9367 -0.3498
vn 0.3849 -0.7731 -0.5042
vn 0.7587 -0.3315 -0.5608
vn 0.8632 0.3315 -0.3808
vn 0.6287 0.7731 -0.0843
vn 0.3121 0.9367 0.1588
vn -0.0168 0.9367 0.3498
vn -0.3849 0.7731 0.5042
vn -0.7587 0.3315 0.5608
vn -0.8632 -0.3315 0.3807
vn -0.6286 -0.7731 0.0843
vn -0.3122 -0.9367 -0.1588
vn -0.2310 -0.4668 -0.8537
vn 0.2394 -0.3604 -0.9016
vn 0.6985 -0.1401 -0.7018
vn 0.9558 0.1401 -0.2586
vn 0.9016 0.3605 0.2393
vn 0.6268 0.4668 0.6238
vn 0.2308 0.4668 0.8537
vn -0.2391 0.3605 0.9016
vn -0.6985 0.1400 0.7018
vn -0.9558 -0.1401 0.2585
vn -0.9015 -0.3605 -0.2393
vn -0.6269 -0.4668 -0.6238
vn -0.2310 0.4668 -0.8537
vn 0.2394 0.3604 -0.9015
vn 0.6985 0.1400 -0.7018
vn 0.9558 -0.1401 -0.2586
vn 0.9015 -0.3605 0.2393
vn 0.6268 -0.4668 0.6238
vn 0.2308 -0.4668 0.8537
vn -0.2391 -0.3605 0.9016
vn -0.6985 -0.1400 0.7018
vn -0.9558 0.1401 0.2586
vn -0.9015 0.3605 -0.2394
vn -0.6269 0.4668 -0.6238
vn 0.0169 0.9367 -0.3498
vn 0.3849 0.7731 -0.5042
vn 0.7587 0.3315 -0.5608
vn 0.8632 -0.3315 -0.3808
vn 0.6286 -0.7731 -0.0844
vn 0.3121 -0.9367 0.1589
vn -0.0168 -0.9367 0.3498
vn -0.3850 -0.7731 0.5041
vn -0.7587 -0.3315 0.5607
vn -0.8632 0.3315 0.3808
vn -0.6286 0.7731 0.0843
vn -0.3122 0.9367 -0.1588
vn 0.3122 0.9366 0.1588
vn 0.3849 -0.7731 -0.5041
vn -0.3121 -0.9367 -0.1589
vn -0.6287 -0.7731 0.0843
vn -0.8632 -0.3315 0.3808
vn -0.3850 0.7731 0.5041
vn -0.0169 0.9366 0.3499
vn 0.9015 0.3605 0.2394
vn 0.9558 0.1401 -0.2585
vn 0.6985 -0.1400 -0.7018
vn 0.2393 -0.3605 -0.9016
vn -0.2309 -0.4668 -0.8537
vn -0.6268 -0.4668 -0.6238
vn -0.9016 -0.3604 -0.2393
vn -0.9558 -0.1400 0.2586
vn -0.6984 0.1401 0.7018
vn -0.2393 0.3604 0.9016
vn 0.2310 0.4668 0.8537
vn 0.9558 -0.1401 -0.2585
vn 0.6986 0.1400 -0.7017
vn 0.2393 0.3604 -0.9016
vn -0.2309 0.4668 -0.8537
vn -0.6268 0.4668 -0.6238
vn -0.9016 0.3604 -0.2392
vn -0.9558 0.1400 0.2586
vn -0.6985 -0.1401 0.7018
vn -0.2393 -0.3604 0.9016
vn 0.2310 -0.4668 0.8537
vn 0.3122 -0.9367 0.1588
vn 0.6287 -0.7731 -0.0842
vn 0.7588 0.3315 -0.5607
vn 0.3849 0.7731 -0.5041
vn 0.0168 0.9367 -0.3498
vn -0.3121 0.9367 -0.1588
vn -0.8632 0.3315 0.3807
vn -0.7586 -0.3315 0.5609
vn -0.0169 -0.9367 0.3498
vn 0.2565 0.0000 -0.9665
vn 0.7055 0.0000 -0.7088
vn 0.9653 0.0000 -0.2611
vn 0.9665 0.0000 0.2565
vn 0.7088 0.0000 0.7054
vn 0.2611 0.0000 0.9653
vn -0.2565 0.0000 0.9665
vn -0.7054 0.0000 0.7088
vn -0.9653 0.0000 0.2611
vn -0.9665 0.0000 -0.2565
vn -0.7088 -0.0000 -0.7054
vn -0.2611 0.0000 -0.9653
vn 0.7054 0.0000 -0.7088
vn -0.7054 0.0000 0.7089
vn -0.2566 0.0000 0.9665
vn 0.3437 -0.9367 -0.0674
vn 0.5816 -0.7731 0.2531
vn 0.7260 -0.3315 0.6025
vn 0.5763 0.3315 0.7470
vn 0.2322 0.7731 0.5902
vn -0.0795 0.9366 0.3411
vn -0.3437 0.9367 0.0673
vn -0.5816 0.7731 -0.2532
vn -0.7261 0.3315 -0.6024
vn -0.5763 -0.3315 -0.7470
vn -0.2323 -0.7731 -0.5902
vn 0.0795 -0.9367 -0.3410
vn 0.7736 -0.4668 -0.4285
vn 0.9326 -0.3605 0.0166
vn 0.8485 -0.1400 0.5103
vn 0.4796 0.1401 0.8662
vn -0.0165 0.3604 0.9326
vn -0.4557 0.4668 0.7579
vn -0.7736 0.4668 0.4284
vn -0.9326 0.3605 -0.0166
vn -0.8485 0.1400 -0.5103
vn -0.4797 -0.1400 -0.8662
vn 0.0167 -0.3604 -0.9326
vn 0.4558 -0.4668 -0.7578
vn 0.7736 0.4668 -0.4285
vn 0.9326 0.3605 0.0167
vn 0.8485 0.1400 0.5103
vn 0.4797 -0.1401 0.8662
vn -0.0165 -0.3605 0.9326
vn -0.4557 -0.4668 0.7579
vn -0.7736 -0.4668 0.4284
vn -0.9326 -0.3605 -0.0166
vn -0.8485 -0.1400 -0.5103
vn -0.4797 0.1400 -0.8662
vn 0.0167 0.3604 -0.9326
vn 0.4558 0.4668 -0.7578
vn 0.3437 0.9367 -0.0674
vn 0.5816 0.7731 0.2531
vn 0.7260 0.3315 0.6025
vn 0.5763 -0.3315 0.7470
vn 0.2322 -0.7731 0.5902
vn -0.0795 -0.9366 0.3412
vn -0.3437 -0.9367 0.0672
vn -0.5816 -0.7731 -0.2530
vn -0.7261 -0.3315 -0.6024
vn -0.5763 0.3315 -0.7470
vn -0.2323 0.7731 -0.5902
vn 0.0796 0.9367 -0.3410
vn 0.7261 -0.3315 0.6024
vn 0.5816 -0.7731 0.2530
vn 0.3438 -0.9366 -0.0673
vn 0.0794 -0.9366 -0.3412
vn -0.2322 -0.7732 -0.5902
vn -0.7261 0.3315 -0.6025
vn -0.5816 0.7731 -0.2531
vn -0.0167 0.3604 0.9326
vn 0.4799 0.1400 0.8661
vn 0.8485 -0.1401 0.5103
vn 0.4557 -0.4669 -0.7579
vn -0.4798 -0.1400 -0.8661
vn -0.8485 0.1401 -0.5103
vn -0.9326 0.3604 -0.0167
vn -0.7737 0.4668 0.4284
vn -0.0167 -0.3604 0.9326
vn 0.4799 -0.1400 0.8661
vn 0.9326 0.3605 0.0166
vn 0.7736 0.4668 -0.4284
vn 0.4557 0.4668 -0.7579
vn 0.0167 0.3605 -0.9326
vn -0.4798 0.1400 -0.8661
vn -0.8485 -0.1401 -0.5103
vn -0.9326 -0.3604 -0.0167
vn -0.7737 -0.4668 0.4284
vn -0.0795 -0.9367 0.3411
vn 0.5762 -0.3315 0.7471
vn 0.5815 0.7731 0.2532
vn 0.3438 0.9366 -0.0673
vn 0.0794 0.9366 -0.3412
vn -0.2322 0.7731 -0.5902
vn -0.7260 -0.3315 -0.6025
vn -0.5815 -0.7731 -0.2532
vn -0.3437 -0.9367 0.0674
vn 0.9998 0.0000 0.0178
vn 0.8570 0.0000 0.5153
vn 0.4844 0.0000 0.8748
vn -0.0178 0.0000 0.9998
vn -0.5153 0.0000 0.8570
vn -0.8748 0.0000 0.4845
vn -0.9998 0.0000 -0.0178
vn -0.8570 0.0000 -0.5154
vn -0.4845 0.0000 -0.8748
vn 0.0178 0.0000 -0.9998
vn 0.5153 0.0000 -0.8570
vn 0.8748 0.0000 -0.4845
vn -0.0177 0.0000 0.9998
vn 0.4845 0.0000 0.8748
vn 0.8569 0.0000 0.5154
vn 0.0179 0.0000 -0.9998
vn -0.8570 0.0000 -0.5153
vn -0.5154 -0.0000 0.8570
vn -0.8033 0.3315 0.4948
vn -0.6113 0.7731 0.1692
vn -0.0308 0.9367 -0.3489
vn 0.3126 0.7731 -0.5519
vn 0.8034 -0.3315 -0.4947
vn 0.3308 -0.9367 0.1149
vn -0.1144 -0.3604 0.9258
vn -0.5964 -0.1400 0.7903
vn -0.9258 0.3604 -0.1143
vn 0.1143 0.3604 -0.9258
vn 0.9117 -0.1401 -0.3863
vn 0.9257 -0.3604 0.1143
vn 0.7060 -0.4668 0.5327
vn -0.5964 0.1400 0.7903
vn -0.9257 -0.3605 -0.1144
vn 0.1143 -0.3604 -0.9258
vn 0.9257 0.3604 0.1143
vn -0.6753 0.3315 0.6588
vn -0.8033 -0.3315 0.4947
vn -0.6113 -0.7731 0.1692
vn -0.0309 -0.9367 -0.3489
vn 0.3126 -0.7731 -0.5519
vn 0.3309 0.9366 0.1149
vn -0.3309 0.9367 -0.1149
vn -0.6753 -0.3315 0.6589
vn -0.3126 -0.7731 0.5519
vn 0.3309 -0.9367 0.1148
vn 0.6113 -0.7731 -0.1692
vn -0.7059 0.4669 -0.5327
vn -0.9257 0.3604 -0.1143
vn -0.5964 -0.1401 0.7903
vn -0.1143 -0.3605 0.9257
vn 0.1145 0.3604 -0.9257
vn -0.9257 -0.3604 -0.1143
vn -0.5964 0.1401 0.7904
vn 0.9258 0.3604 0.1143
vn 0.5965 -0.1400 -0.7903
vn 0.1145 -0.3604 -0.9257
vn -0.3451 -0.4668 -0.8143
vn -0.3127 0.7731 0.5519
vn 0.6113 0.7731 -0.1692
vn 0.6752 -0.3314 -0.6589
vn 0.3127 -0.7731 -0.5518
vn 0.1226 0.0000 -0.9925
vn 0.7982 0.0000 0.6023
vn -0.7982 -0.0000 -0.6023
vn 0.9564 -0.1401 -0.2563
vn 0.9564 0.1400 0.2563
vn 0.6596 0.3605 -0.6596
vn 0.9564 0.1401 -0.2563
vn 0.9564 -0.1400 0.2563
vn 0.6596 -0.3604 0.6596
vn -0.6596 -0.3604 0.6596
vn -0.6596 0.3605 -0.6596
vn 0.6595 0.3605 0.6596
vn 0.6596 -0.3604 -0.6596
vn 0.2289 -0.4668 -0.8542
vn -0.2289 -0.4668 -0.8542
vn -0.6596 -0.3604 -0.6596
vn -0.9564 0.1400 0.2563
vn -0.6595 0.3605 0.6596
vn 0.6595 -0.3605 0.6597
vn -0.9564 -0.1400 0.2563
vn -0.6595 -0.3605 0.6597
vn 0.2589 0.0000 0.9659
vn -0.2589 -0.0000 0.9659
vn 0.0169 -0.9367 -0.3498
vn 0.8632 0.3315 -0.3807
vn 0.3122 0.9367 0.1588
vn 0.9558 0.1400 -0.2586
vn 0.9015 0.3605 0.2393
vn 0.6269 0.4668 0.6238
vn 0.2310 0.4668 0.8536
vn -0.2394 0.3604 0.9016
vn -0.9558 -0.1400 0.2585
vn -0.9016 -0.3604 -0.2392
vn -0.6268 -0.4668 -0.6239
vn 0.2392 0.3605 -0.9016
vn 0.9558 -0.1400 -0.2585
vn 0.6269 -0.4668 0.6238
vn -0.2394 -0.3604 0.9016
vn -0.6984 -0.1401 0.7018
vn -0.9558 0.1400 0.2585
vn 0.0169 0.9367 -0.3499
vn 0.8632 -0.3315 -0.3807
vn 0.6287 -0.7731 -0.0843
vn -0.7587 -0.3315 0.5608
vn -0.6287 0.7731 0.0842
vn 0.6286 0.7731 -0.0843
vn 0.3850 -0.7731 -0.5042
vn -0.3849 0.7731 0.5041
vn -0.0169 0.9367 0.3499
vn 0.6985 -0.1400 -0.7017
vn 0.2394 -0.3604 -0.9015
vn -0.9016 -0.3605 -0.2393
vn 0.6268 -0.4668 0.6239
vn 0.9016 -0.3604 0.2392
vn 0.9558 -0.1400 -0.2586
vn -0.9016 0.3604 -0.2393
vn -0.9558 0.1401 0.2585
vn -0.2392 -0.3605 0.9016
vn 0.6286 -0.7731 -0.0843
vn 0.3850 0.7731 -0.5041
vn -0.6287 0.7731 0.0843
vn -0.3849 -0.7731 0.5041
vn 0.2564 0.0000 -0.9666
vn 0.9665 0.0000 0.2566
vn -0.7087 0.0000 -0.7055
vn 0.2566 0.0000 -0.9665
vn -0.9665 0.0000 -0.2566
vn 0.3437 -0.9366 -0.0673
vn 0.5815 -0.7731 0.2532
vn 0.7261 -0.3315 0.6025
vn 0.5762 0.3315 0.7470
vn -0.2322 -0.7731 -0.5902
vn 0.7737 -0.4668 -0.4284
vn 0.4798 0.1400 0.8661
vn -0.0168 0.3605 0.9326
vn -0.7736 0.4668 0.4285
vn -0.9326 0.3604 -0.0166
vn -0.8486 0.1400 -0.5102
vn -0.4796 -0.1400 -0.8662
vn 0.0167 -0.3605 -0.9326
vn 0.4557 -0.4668 -0.7579
vn 0.4798 -0.1400 0.8661
vn -0.0168 -0.3604 0.9326
vn -0.7736 -0.4668 0.4285
vn -0.8486 -0.1400 -0.5102
vn 0.3437 0.9367 -0.0673
vn 0.5815 0.7731 0.2531
vn -0.0795 -0.9366 0.3411
vn -0.3437 -0.9367 0.0673
vn -0.2322 0.7732 -0.5902
vn 0.0795 0.9367 -0.3410
vn -0.0795 0.9367 0.3410
vn 0.2322 0.7732 0.5901
vn 0.7260 -0.3315 0.6026
vn 0.5816 -0.7731 0.2532
vn 0.3437 -0.9367 -0.0673
vn 0.0796 -0.9366 -0.3411
vn -0.5763 -0.3314 -0.7470
vn -0.5815 0.7732 -0.2531
vn -0.4558 0.4668 0.7578
vn -0.0166 0.3604 0.9326
vn 0.4798 0.1401 0.8662
vn 0.9326 -0.3604 0.0167
vn 0.4558 -0.4668 -0.7579
vn 0.0165 -0.3605 -0.9326
vn -0.4798 -0.1401 -0.8661
vn -0.4558 -0.4668 0.7579
vn -0.0166 -0.3604 0.9326
vn 0.4798 -0.1401 0.8661
vn 0.8485 0.1401 0.5103
vn 0.9326 0.3604 0.0166
vn 0.4558 0.4668 -0.7579
vn 0.0165 0.3604 -0.9326
vn -0.4798 0.1400 -0.8662
vn -0.0795 -0.9367 0.3410
vn 0.2322 -0.7731 0.5903
vn 0.5762 -0.3314 0.7471
vn 0.5816 0.7731 0.2532
vn 0.0795 0.9366 -0.3411
vn -0.5816 -0.7731 -0.2531
vn 0.8570 0.0000 0.5154
vn -0.4844 0.0000 -0.8748
usemtl Material
s off
f 1731/2339/771 1743/2340/771 1744/2341/771 1732/2342/771
f 1732/2342/772 1744/2341/772 1745/2343/772 1733/2344/772
f 1733/2344/773 1745/2343/773 1746/2345/773 1734/2346/773
f 1734/2346/774 1746/2345/774 1747/2347/774 1735/2348/774
f 1735/2348/775 1747/2347/775 1748/2349/775 1736/2350/775
f 1736/2350/776 1748/2349/776 1749/2351/776 1737/2352/776
f 1737/2353/777 1749/2354/777 1750/2355/777 1738/2356/777
f 1738/2356/778 1750/2355/778 1751/2357/778 1739/2358/778
f 1739/2358/779 1751/2357/779 1752/2359/779 1740/2360/779
f 1740/2360/780 1752/2359/780 1753/2361/780 1741/2362/780
f 1741/2362/781 1753/2361/781 1754/2363/781 1742/2364/781
f 1742/2364/782 1754/2363/782 1743/2340/782 1731/2339/782
f 1743/2340/783 1827/2365/783 1828/2366/783 1744/2341/783
f 1744/2341/784 1828/2366/784 1829/2367/784 1745/2343/784
f 1745/2343/785 1829/2367/785 1830/2368/785 1746/2345/785
f 1746/2345/786 1830/2368/786 1831/2369/786 1747/2347/786
f 1747/2347/787 1831/2369/787 1832/2370/787 1748/2349/787
f 1748/2349/788 1832/2370/788 1833/2371/788 1749/2351/788
f 1749/2354/789 1833/2372/789 1834/2373/789 1750/2355/789
f 1750/2355/790 1834/2373/790 1835/2374/790 1751/2357/790
f 1751/2357/791 1835/2374/791 1836/2375/791 1752/2359/791
f 1752/2359/792 1836/2375/792 1837/2376/792 1753/2361/792
f 1753/2361/793 1837/2376/793 1838/2377/793 1754/2363/793
f 1754/2363/794 1838/2377/794 1827/2365/794 1743/2340/794
f 1755/2378/795 1767/2379/795 1768/2380/795 1756/2381/795
f 1756/2381/796 1768/2380/796 1769/2382/796 1757/2383/796
f 1757/2383/797 1769/2382/797 1770/2384/797 1758/2385/797
f 1758/2385/798 1770/2384/798 1771/2386/798 1759/2387/798
f 1759/2387/799 1771/2386/799 1772/2388/799 1760/2389/799
f 1760/2389/800 1772/2388/800 1773/2390/800 1761/2391/800
f 1761/2392/801 1773/2393/801 1774/2394/801 1762/2395/801
f 1762/2395/802 1774/2394/802 1775/2396/802 1763/2397/802
f 1763/2397/803 1775/2396/803 1776/2398/803 1764/2399/803
f 1764/2399/804 1776/2398/804 1777/2400/804 1765/2401/804
f 1765/2401/805 1777/2400/805 1778/2402/805 1766/2403/805
f 1766/2403/806 1778/2402/806 1767/2379/806 1755/2378/806
f 1767/2379/807 1779/2404/807 1780/2405/807 1768/2380/807
f 1768/2380/808 1780/2405/808 1781/2406/808 1769/2382/808
f 1769/2382/809 1781/2406/809 1782/2407/809 1770/2384/809
f 1770/2384/810 1782/2407/810 1783/2408/810 1771/2386/810
f 1771/2386/811 1783/2408/811 1784/2409/811 1772/2388/811
f 1772/2388/812 1784/2409/812 1785/2410/812 1773/2390/812
f 1773/2393/813 1785/2411/813 1786/2412/813 1774/2394/813
f 1774/2394/814 1786/2412/814 1787/2413/814 1775/2396/814
f 1775/2396/815 1787/2413/815 1788/2414/815 1776/2398/815
f 1776/2398/816 1788/2414/816 1789/2415/816 1777/2400/816
f 1777/2400/817 1789/2415/817 1790/2416/817 1778/2402/817
f 1778/2402/818 1790/2416/818 1779/2404/818 1767/2379/818
f 1779/2417/776 1791/2418/776 1792/2419/776 1780/2420/776
f 1780/2420/819 1792/2419/819 1793/2421/819 1781/2422/819
f 1781/2422/774 1793/2421/774 1794/2423/774 1782/2424/774
f 1782/2424/820 1794/2423/820 1795/2425/820 1783/2426/820
f 1783/2426/821 1795/2425/821 1796/2427/821 1784/2428/821
f 1784/2428/822 1796/2427/822 1797/2429/822 1785/2430/822
f 1785/2431/823 1797/2432/823 1798/2433/823 1786/2434/823
f 1786/2434/824 1798/2433/824 1799/2435/824 1787/2436/824
f 1787/2436/825 1799/2435/825 1800/2437/825 1788/2438/825
f 1788/2438/779 1800/2437/779 1801/2439/779 1789/2440/779
f 1789/2440/826 1801/2439/826 1802/2441/826 1790/2442/826
f 1790/2442/777 1802/2441/777 1791/2418/777 1779/2417/777
f 1791/2418/827 1839/2443/827 1840/2444/827 1792/2419/827
f 1792/2419/787 1840/2444/787 1849/2445/787 1793/2421/787
f 1793/2421/828 1849/2445/828 1850/2446/828 1794/2423/828
f 1794/2423/829 1850/2446/829 1841/2447/829 1795/2425/829
f 1795/2425/830 1841/2447/830 1842/2448/830 1796/2427/830
f 1796/2427/831 1842/2448/831 1843/2449/831 1797/2429/831
f 1797/2432/832 1843/2450/832 1844/2451/832 1798/2433/832
f 1798/2433/793 1844/2451/793 1845/2452/793 1799/2435/793
f 1799/2435/833 1845/2452/833 1846/2453/833 1800/2437/833
f 1800/2437/834 1846/2453/834 1847/2454/834 1801/2439/834
f 1801/2439/835 1847/2454/835 1848/2455/835 1802/2441/835
f 1802/2441/836 1848/2455/836 1839/2443/836 1791/2418/836
f 1803/2456/837 1815/2457/837 1816/2458/837 1804/2459/837
f 1804/2459/799 1816/2458/799 1817/2460/799 1805/2461/799
f 1805/2461/838 1817/2460/838 1818/2462/838 1806/2463/838
f 1806/2463/839 1818/2462/839 1819/2464/839 1807/2465/839
f 1807/2465/840 1819/2464/840 1820/2466/840 1808/2467/840
f 1808/2467/841 1820/2466/841 1821/2468/841 1809/2469/841
f 1809/2470/806 1821/2471/806 1822/2472/806 1810/2473/806
f 1810/2473/842 1822/2472/842 1823/2474/842 1811/2475/842
f 1811/2475/843 1823/2474/843 1824/2476/843 1812/2477/843
f 1812/2477/844 1824/2476/844 1825/2478/844 1813/2479/844
f 1813/2479/845 1825/2478/845 1826/2480/845 1814/2481/845
f 1814/2481/846 1826/2480/846 1815/2457/846 1803/2456/846
f 1815/2457/847 1731/2339/847 1732/2342/847 1816/2458/847
f 1816/2458/848 1732/2342/848 1733/2344/848 1817/2460/848
f 1817/2460/810 1733/2344/810 1734/2346/810 1818/2462/810
f 1818/2462/849 1734/2346/849 1735/2348/849 1819/2464/849
f 1819/2464/808 1735/2348/808 1736/2350/808 1820/2466/808
f 1820/2466/850 1736/2350/850 1737/2352/850 1821/2468/850
f 1821/2471/851 1737/2353/851 1738/2356/851 1822/2472/851
f 1822/2472/852 1738/2356/852 1739/2358/852 1823/2474/852
f 1823/2474/853 1739/2358/853 1740/2360/853 1824/2476/853
f 1824/2476/854 1740/2360/854 1741/2362/854 1825/2478/854
f 1825/2478/814 1741/2362/814 1742/2364/814 1826/2480/814
f 1826/2480/855 1742/2364/855 1731/2339/855 1815/2457/855
f 1756/2381/856 1757/2383/856 1829/2367/856 1828/2366/856
f 1757/2383/857 1758/2385/857 1830/2368/857 1829/2367/857
f 1758/2385/858 1759/2387/858 1831/2369/858 1830/2368/858
f 1759/2387/859 1760/2389/859 1832/2370/859 1831/2369/859
f 1760/2389/860 1761/2391/860 1833/2371/860 1832/2370/860
f 1761/2392/861 1762/2395/861 1834/2373/861 1833/2372/861
f 1762/2395/862 1763/2397/862 1835/2374/862 1834/2373/862
f 1763/2397/863 1764/2399/863 1836/2375/863 1835/2374/863
f 1764/2399/864 1765/2401/864 1837/2376/864 1836/2375/864
f 1765/2401/865 1766/2403/865 1838/2377/865 1837/2376/865
f 1766/2403/866 1755/2378/866 1827/2365/866 1838/2377/866
f 1755/2378/867 1756/2381/867 1828/2366/867 1827/2365/867
f 1804/2459/859 1805/2461/859 1849/2445/859 1840/2444/859
f 1805/2461/858 1806/2463/858 1850/2446/858 1849/2445/858
f 1806/2463/868 1807/2465/868 1841/2447/868 1850/2446/868
f 1807/2465/869 1808/2467/869 1842/2448/869 1841/2447/869
f 1808/2467/867 1809/2469/867 1843/2449/867 1842/2448/867
f 1809/2470/870 1810/2473/870 1844/2451/870 1843/2450/870
f 1810/2473/871 1811/2475/871 1845/2452/871 1844/2451/871
f 1811/2475/864 1812/2477/864 1846/2453/864 1845/2452/864
f 1812/2477/872 1813/2479/872 1847/2454/872 1846/2453/872
f 1813/2479/873 1814/2481/873 1848/2455/873 1847/2454/873
f 1814/2481/874 1803/2456/874 1839/2443/874 1848/2455/874
f 1803/2456/875 1804/2459/875 1840/2444/875 1839/2443/875
f 1851/2482/876 1863/2483/876 1864/2484/876 1852/2485/876
f 1852/2485/877 1864/2484/877 1865/2486/877 1853/2487/877
f 1853/2487/878 1865/2486/878 1866/2488/878 1854/2489/878
f 1854/2489/879 1866/2488/879 1867/2490/879 1855/2491/879
f 1855/2491/880 1867/2490/880 1868/2492/880 1856/2493/880
f 1856/2493/881 1868/2492/881 1869/2494/881 1857/2495/881
f 1857/2496/882 1869/2497/882 1870/2498/882 1858/2499/882
f 1858/2499/883 1870/2498/883 1871/2500/883 1859/2501/883
f 1859/2501/884 1871/2500/884 1872/2502/884 1860/2503/884
f 1860/2503/885 1872/2502/885 1873/2504/885 1861/2505/885
f 1861/2505/886 1873/2504/886 1874/2506/886 1862/2507/886
f 1862/2507/887 1874/2506/887 1863/2483/887 1851/2482/887
f 1863/2483/888 1947/2508/888 1948/2509/888 1864/2484/888
f 1864/2484/889 1948/2509/889 1949/2510/889 1865/2486/889
f 1865/2486/890 1949/2510/890 1950/2511/890 1866/2488/890
f 1866/2488/891 1950/2511/891 1951/2512/891 1867/2490/891
f 1867/2490/892 1951/2512/892 1952/2513/892 1868/2492/892
f 1868/2492/893 1952/2513/893 1953/2514/893 1869/2494/893
f 1869/2497/894 1953/2515/894 1954/2516/894 1870/2498/894
f 1870/2498/895 1954/2516/895 1955/2517/895 1871/2500/895
f 1871/2500/896 1955/2517/896 1956/2518/896 1872/2502/896
f 1872/2502/897 1956/2518/897 1957/2519/897 1873/2504/897
f 1873/2504/898 1957/2519/898 1958/2520/898 1874/2506/898
f 1874/2506/899 1958/2520/899 1947/2508/899 1863/2483/899
f 1875/2521/900 1887/2522/900 1888/2523/900 1876/2524/900
f 1876/2524/901 1888/2523/901 1889/2525/901 1877/2526/901
f 1877/2526/902 1889/2525/902 1890/2527/902 1878/2528/902
f 1878/2528/903 1890/2527/903 1891/2529/903 1879/2530/903
f 1879/2530/904 1891/2529/904 1892/2531/904 1880/2532/904
f 1880/2532/905 1892/2531/905 1893/2533/905 1881/2534/905
f 1881/2535/906 1893/2536/906 1894/2537/906 1882/2538/906
f 1882/2538/907 1894/2537/907 1895/2539/907 1883/2540/907
f 1883/2540/908 1895/2539/908 1896/2541/908 1884/2542/908
f 1884/2542/909 1896/2541/909 1897/2543/909 1885/2544/909
f 1885/2544/910 1897/2543/910 1898/2545/910 1886/2546/910
f 1886/2546/911 1898/2545/911 1887/2522/911 1875/2521/911
f 1887/2522/912 1899/2547/912 1900/2548/912 1888/2523/912
f 1888/2523/913 1900/2548/913 1901/2549/913 1889/2525/913
f 1889/2525/914 1901/2549/914 1902/2550/914 1890/2527/914
f 1890/2527/915 1902/2550/915 1903/2551/915 1891/2529/915
f 1891/2529/916 1903/2551/916 1904/2552/916 1892/2531/916
f 1892/2531/917 1904/2552/917 1905/2553/917 1893/2533/917
f 1893/2536/918 1905/2554/918 1906/2555/918 1894/2537/918
f 1894/2537/919 1906/2555/919 1907/2556/919 1895/2539/919
f 1895/2539/920 1907/2556/920 1908/2557/920 1896/2541/920
f 1896/2541/921 1908/2557/921 1909/2558/921 1897/2543/921
f 1897/2543/922 1909/2558/922 1910/2559/922 1898/2545/922
f 1898/2545/923 1910/2559/923 1899/2547/923 1887/2522/923
f 1899/2560/881 1911/2561/881 1912/2562/881 1900/2563/881
f 1900/2563/924 1912/2562/924 1913/2564/924 1901/2565/924
f 1901/2565/879 1913/2564/879 1914/2566/879 1902/2567/879
f 1902/2567/878 1914/2566/878 1915/2568/878 1903/2569/878
f 1903/2569/877 1915/2568/877 1916/2570/877 1904/2571/877
f 1904/2571/925 1916/2570/925 1917/2572/925 1905/2573/925
f 1905/2574/926 1917/2575/926 1918/2576/926 1906/2577/926
f 1906/2577/886 1918/2576/886 1919/2578/886 1907/2579/886
f 1907/2579/885 1919/2578/885 1920/2580/885 1908/2581/885
f 1908/2581/884 1920/2580/884 1921/2582/884 1909/2583/884
f 1909/2583/927 1921/2582/927 1922/2584/927 1910/2585/927
f 1910/2585/882 1922/2584/882 1911/2561/882 1899/2560/882
f 1911/2561/893 1959/2586/893 1960/2587/893 1912/2562/893
f 1912/2562/928 1960/2587/928 1969/2588/928 1913/2564/928
f 1913/2564/891 1969/2588/891 1970/2589/891 1914/2566/891
f 1914/2566/929 1970/2589/929 1961/2590/929 1915/2568/929
f 1915/2568/930 1961/2590/930 1962/2591/930 1916/2570/930
f 1916/2570/931 1962/2591/931 1963/2592/931 1917/2572/931
f 1917/2575/932 1963/2593/932 1964/2594/932 1918/2576/932
f 1918/2576/933 1964/2594/933 1965/2595/933 1919/2578/933
f 1919/2578/934 1965/2595/934 1966/2596/934 1920/2580/934
f 1920/2580/896 1966/2596/896 1967/2597/896 1921/2582/896
f 1921/2582/935 1967/2597/935 1968/2598/935 1922/2584/935
f 1922/2584/894 1968/2598/894 1959/2586/894 1911/2561/894
f 1923/2599/905 1935/2600/905 1936/2601/905 1924/2602/905
f 1924/2602/936 1936/2601/936 1937/2603/936 1925/2604/936
f 1925/2604/903 1937/2603/903 1938/2605/903 1926/2606/903
f 1926/2606/937 1938/2605/937 1939/2607/937 1927/2608/937
f 1927/2608/938 1939/2607/938 1940/2609/938 1928/2610/938
f 1928/2610/939 1940/2609/939 1941/2611/939 1929/2612/939
f 1929/2613/940 1941/2614/940 1942/2615/940 1930/2616/940
f 1930/2616/941 1942/2615/941 1943/2617/941 1931/2618/941
f 1931/2618/942 1943/2617/942 1944/2619/942 1932/2620/942
f 1932/2620/908 1944/2619/908 1945/2621/908 1933/2622/908
f 1933/2622/943 1945/2621/943 1946/2623/943 1934/2624/943
f 1934/2624/906 1946/2623/906 1935/2600/906 1923/2599/906
f 1935/2600/944 1851/2482/944 1852/2485/944 1936/2601/944
f 1936/2601/945 1852/2485/945 1853/2487/945 1937/2603/945
f 1937/2603/915 1853/2487/915 1854/2489/915 1938/2605/915
f 1938/2605/914 1854/2489/914 1855/2491/914 1939/2607/914
f 1939/2607/946 1855/2491/946 1856/2493/946 1940/2609/946
f 1940/2609/912 1856/2493/912 1857/2495/912 1941/2611/912
f 1941/2614/923 1857/2496/923 1858/2499/923 1942/2615/923
f 1942/2615/947 1858/2499/947 1859/2501/947 1943/2617/947
f 1943/2617/921 1859/2501/921 1860/2503/921 1944/2619/921
f 1944/2619/920 1860/2503/920 1861/2505/920 1945/2621/920
f 1945/2621/919 1861/2505/919 1862/2507/919 1946/2623/919
f 1946/2623/948 1862/2507/948 1851/2482/948 1935/2600/948
f 1876/2524/949 1877/2526/949 1949/2510/949 1948/2509/949
f 1877/2526/950 1878/2528/950 1950/2511/950 1949/2510/950
f 1878/2528/951 1879/2530/951 1951/2512/951 1950/2511/951
f 1879/2530/952 1880/2532/952 1952/2513/952 1951/2512/952
f 1880/2532/953 1881/2534/953 1953/2514/953 1952/2513/953
f 1881/2535/954 1882/2538/954 1954/2516/954 1953/2515/954
f 1882/2538/955 1883/2540/955 1955/2517/955 1954/2516/955
f 1883/2540/956 1884/2542/956 1956/2518/956 1955/2517/956
f 1884/2542/957 1885/2544/957 1957/2519/957 1956/2518/957
f 1885/2544/958 1886/2546/958 1958/2520/958 1957/2519/958
f 1886/2546/959 1875/2521/959 1947/2508/959 1958/2520/959
f 1875/2521/960 1876/2524/960 1948/2509/960 1947/2508/960
f 1924/2602/961 1925/2604/961 1969/2588/961 1960/2587/961
f 1925/2604/951 1926/2606/951 1970/2589/951 1969/2588/951
f 1926/2606/950 1927/2608/950 1961/2590/950 1970/2589/950
f 1927/2608/962 1928/2610/962 1962/2591/962 1961/2590/962
f 1928/2610/960 1929/2612/960 1963/2592/960 1962/2591/960
f 1929/2613/959 1930/2616/959 1964/2594/959 1963/2593/959
f 1930/2616/963 1931/2618/963 1965/2595/963 1964/2594/963
f 1931/2618/957 1932/2620/957 1966/2596/957 1965/2595/957
f 1932/2620/956 1933/2622/956 1967/2597/956 1966/2596/956
f 1933/2622/964 1934/2624/964 1968/2598/964 1967/2597/964
f 1934/2624/965 1923/2599/965 1959/2586/965 1968/2598/965
f 1923/2599/966 1924/2602/966 1960/2587/966 1959/2586/966
f 1971/2625/967 1983/2626/967 1984/2627/967 1972/2628/967
f 1972/2628/968 1984/2627/968 1985/2629/968 1973/2630/968
f 1973/2630/969 1985/2629/969 1986/2631/969 1974/2632/969
f 1974/2632/970 1986/2631/970 1987/2633/970 1975/2634/970
f 1975/2634/971 1987/2633/971 1988/2635/971 1976/2636/971
f 1976/2636/972 1988/2635/972 1989/2637/972 1977/2638/972
f 1977/2639/973 1989/2640/973 1990/2641/973 1978/2642/973
f 1978/2642/974 1990/2641/974 1991/2643/974 1979/2644/974
f 1979/2644/975 1991/2643/975 1992/2645/975 1980/2646/975
f 1980/2646/976 1992/2645/976 1993/2647/976 1981/2648/976
f 1981/2648/977 1993/2647/977 1994/2649/977 1982/2650/977
f 1982/2650/978 1994/2649/978 1983/2626/978 1971/2625/978
f 1983/2626/979 2067/2651/979 2068/2652/979 1984/2627/979
f 1984/2627/980 2068/2652/980 2069/2653/980 1985/2629/980
f 1985/2629/981 2069/2653/981 2070/2654/981 1986/2631/981
f 1986/2631/982 2070/2654/982 2071/2655/982 1987/2633/982
f 1987/2633/983 2071/2655/983 2072/2656/983 1988/2635/983
f 1988/2635/984 2072/2656/984 2073/2657/984 1989/2637/984
f 1989/2640/985 2073/2658/985 2074/2659/985 1990/2641/985
f 1990/2641/986 2074/2659/986 2075/2660/986 1991/2643/986
f 1991/2643/987 2075/2660/987 2076/2661/987 1992/2645/987
f 1992/2645/988 2076/2661/988 2077/2662/988 1993/2647/988
f 1993/2647/989 2077/2662/989 2078/2663/989 1994/2649/989
f 1994/2649/990 2078/2663/990 2067/2651/990 1983/2626/990
f 1995/2664/991 2007/2665/991 2008/2666/991 1996/2667/991
f 1996/2667/992 2008/2666/992 2009/2668/992 1997/2669/992
f 1997/2669/993 2009/2668/993 2010/2670/993 1998/2671/993
f 1998/2671/994 2010/2670/994 2011/2672/994 1999/2673/994
f 1999/2673/995 2011/2672/995 2012/2674/995 2000/2675/995
f 2000/2675/996 2012/2674/996 2013/2676/996 2001/2677/996
f 2001/2678/997 2013/2679/997 2014/2680/997 2002/2681/997
f 2002/2681/998 2014/2680/998 2015/2682/998 2003/2683/998
f 2003/2683/999 2015/2682/999 2016/2684/999 2004/2685/999
f 2004/2685/1000 2016/2684/1000 2017/2686/1000 2005/2687/1000
f 2005/2687/1001 2017/2686/1001 2018/2688/1001 2006/2689/1001
f 2006/2689/1002 2018/2688/1002 2007/2665/1002 1995/2664/1002
f 2007/2665/1003 2019/2690/1003 2020/2691/1003 2008/2666/1003
f 2008/2666/1004 2020/2691/1004 2021/2692/1004 2009/2668/1004
f 2009/2668/1005 2021/2692/1005 2022/2693/1005 2010/2670/1005
f 2010/2670/1006 2022/2693/1006 2023/2694/1006 2011/2672/1006
f 2011/2672/1007 2023/2694/1007 2024/2695/1007 2012/2674/1007
f 2012/2674/1008 2024/2695/1008 2025/2696/1008 2013/2676/1008
f 2013/2679/1009 2025/2697/1009 2026/2698/1009 2014/2680/1009
f 2014/2680/1010 2026/2698/1010 2027/2699/1010 2015/2682/1010
f 2015/2682/1011 2027/2699/1011 2028/2700/1011 2016/2684/1011
f 2016/2684/1012 2028/2700/1012 2029/2701/1012 2017/2686/1012
f 2017/2686/1013 2029/2701/1013 2030/2702/1013 2018/2688/1013
f 2018/2688/1014 2030/2702/1014 2019/2690/1014 2007/2665/1014
f 2019/2703/1015 2031/2704/1015 2032/2705/1015 2020/2706/1015
f 2020/2706/971 2032/2705/971 2033/2707/971 2021/2708/971
f 2021/2708/970 2033/2707/970 2034/2709/970 2022/2710/970
f 2022/2710/969 2034/2709/969 2035/2711/969 2023/2712/969
f 2023/2712/1016 2035/2711/1016 2036/2713/1016 2024/2714/1016
f 2024/2714/967 2036/2713/967 2037/2715/967 2025/2716/967
f 2025/2717/1017 2037/2718/1017 2038/2719/1017 2026/2720/1017
f 2026/2720/1018 2038/2719/1018 2039/2721/1018 2027/2722/1018
f 2027/2722/1019 2039/2721/1019 2040/2723/1019 2028/2724/1019
f 2028/2724/975 2040/2723/975 2041/2725/975 2029/2726/975
f 2029/2726/1020 2041/2725/1020 2042/2727/1020 2030/2728/1020
f 2030/2728/1021 2042/2727/1021 2031/2704/1021 2019/2703/1021
f 2031/2704/984 2079/2729/984 2080/2730/984 2032/2705/984
f 2032/2705/1022 2080/2730/1022 2089/2731/1022 2033/2707/1022
f 2033/2707/1023 2089/2731/1023 2090/2732/1023 2034/2709/1023
f 2034/2709/1024 2090/2732/1024 2081/2733/1024 2035/2711/1024
f 2035/2711/1025 2081/2733/1025 2082/2734/1025 2036/2713/1025
f 2036/2713/1026 2082/2734/1026 2083/2735/1026 2037/2715/1026
f 2037/2718/1027 2083/2736/1027 2084/2737/1027 2038/2719/1027
f 2038/2719/1028 2084/2737/1028 2085/2738/1028 2039/2721/1028
f 2039/2721/1029 2085/2738/1029 2086/2739/1029 2040/2723/1029
f 2040/2723/1030 2086/2739/1030 2087/2740/1030 2041/2725/1030
f 2041/2725/1031 2087/2740/1031 2088/2741/1031 2042/2727/1031
f 2042/2727/1032 2088/2741/1032 2079/2729/1032 2031/2704/1032
f 2043/2742/996 2055/2743/996 2056/2744/996 2044/2745/996
f 2044/2745/995 2056/2744/995 2057/2746/995 2045/2747/995
f 2045/2747/1033 2057/2746/1033 2058/2748/1033 2046/2749/1033
f 2046/2749/1034 2058/2748/1034 2059/2750/1034 2047/2751/1034
f 2047/2751/1035 2059/2750/1035 2060/2752/1035 2048/2753/1035
f 2048/2753/1036 2060/2752/1036 2061/2754/1036 2049/2755/1036
f 2049/2756/1037 2061/2757/1037 2062/2758/1037 2050/2759/1037
f 2050/2759/1038 2062/2758/1038 2063/2760/1038 2051/2761/1038
f 2051/2761/1039 2063/2760/1039 2064/2762/1039 2052/2763/1039
f 2052/2763/1040 2064/2762/1040 2065/2764/1040 2053/2765/1040
f 2053/2765/1041 2065/2764/1041 2066/2766/1041 2054/2767/1041
f 2054/2767/1042 2066/2766/1042 2055/2743/1042 2043/2742/1042
f 2055/2743/1043 1971/2625/1043 1972/2628/1043 2056/2744/1043
f 2056/2744/1044 1972/2628/1044 1973/2630/1044 2057/2746/1044
f 2057/2746/1006 1973/2630/1006 1974/2632/1006 2058/2748/1006
f 2058/2748/1045 1974/2632/1045 1975/2634/1045 2059/2750/1045
f 2059/2750/1046 1975/2634/1046 1976/2636/1046 2060/2752/1046
f 2060/2752/1047 1976/2636/1047 1977/2638/1047 2061/2754/1047
f 2061/2757/1048 1977/2639/1048 1978/2642/1048 2062/2758/1048
f 2062/2758/1013 1978/2642/1013 1979/2644/1013 2063/2760/1013
f 2063/2760/1049 1979/2644/1049 1980/2646/1049 2064/2762/1049
f 2064/2762/1050 1980/2646/1050 1981/2648/1050 2065/2764/1050
f 2065/2764/1010 1981/2648/1010 1982/2650/1010 2066/2766/1010
f 2066/2766/1051 1982/2650/1051 1971/2625/1051 2055/2743/1051
f 1996/2667/1052 1997/2669/1052 2069/2653/1052 2068/2652/1052
f 1997/2669/1053 1998/2671/1053 2070/2654/1053 2069/2653/1053
f 1998/2671/1054 1999/2673/1054 2071/2655/1054 2070/2654/1054
f 1999/2673/1055 2000/2675/1055 2072/2656/1055 2071/2655/1055
f 2000/2675/1056 2001/2677/1056 2073/2657/1056 2072/2656/1056
f 2001/2678/1057 2002/2681/1057 2074/2659/1057 2073/2658/1057
f 2002/2681/1058 2003/2683/1058 2075/2660/1058 2074/2659/1058
f 2003/2683/1059 2004/2685/1059 2076/2661/1059 2075/2660/1059
f 2004/2685/1060 2005/2687/1060 2077/2662/1060 2076/2661/1060
f 2005/2687/1061 2006/2689/1061 2078/2663/1061 2077/2662/1061
f 2006/2689/1062 1995/2664/1062 2067/2651/1062 2078/2663/1062
f 1995/2664/1063 1996/2667/1063 2068/2652/1063 2067/2651/1063
f 2044/2745/1055 2045/2747/1055 2089/2731/1055 2080/2730/1055
f 2045/2747/1054 2046/2749/1054 2090/2732/1054 2089/2731/1054
f 2046/2749/1064 2047/2751/1064 2081/2733/1064 2090/2732/1064
f 2047/2751/1052 2048/2753/1052 2082/2734/1052 2081/2733/1052
f 2048/2753/1063 2049/2755/1063 2083/2735/1063 2082/2734/1063
f 2049/2756/1062 2050/2759/1062 2084/2737/1062 2083/2736/1062
f 2050/2759/1061 2051/2761/1061 2085/2738/1061 2084/2737/1061
f 2051/2761/1060 2052/2763/1060 2086/2739/1060 2085/2738/1060
f 2052/2763/1065 2053/2765/1065 2087/2740/1065 2086/2739/1065
f 2053/2765/1066 2054/2767/1066 2088/2741/1066 2087/2740/1066
f 2054/2767/1057 2043/2742/1057 2079/2729/1057 2088/2741/1057
f 2043/2742/1056 2044/2745/1056 2080/2730/1056 2079/2729/1056
f 2091/2768/1067 2103/2769/1067 2104/2770/1067 2092/2771/1067
f 2092/2771/1068 2104/2770/1068 2105/2772/1068 2093/2773/1068
f 2093/2773/1069 2105/2772/1069 2106/2774/1069 2094/2775/1069
f 2094/2775/1070 2106/2774/1070 2107/2776/1070 2095/2777/1070
f 2095/2777/1071 2107/2776/1071 2108/2778/1071 2096/2779/1071
f 2096/2779/1072 2108/2778/1072 2109/2780/1072 2097/2781/1072
f 2097/2782/1073 2109/2783/1073 2110/2784/1073 2098/2785/1073
f 2098/2785/1074 2110/2784/1074 2111/2786/1074 2099/2787/1074
f 2099/2787/1075 2111/2786/1075 2112/2788/1075 2100/2789/1075
f 2100/2789/1076 2112/2788/1076 2113/2790/1076 2101/2791/1076
f 2101/2791/1077 2113/2790/1077 2114/2792/1077 2102/2793/1077
f 2102/2793/1078 2114/2792/1078 2103/2769/1078 2091/2768/1078
f 2103/2769/1079 2187/2794/1079 2188/2795/1079 2104/2770/1079
f 2104/2770/1080 2188/2795/1080 2189/2796/1080 2105/2772/1080
f 2105/2772/1081 2189/2796/1081 2190/2797/1081 2106/2774/1081
f 2106/2774/1082 2190/2797/1082 2191/2798/1082 2107/2776/1082
f 2107/2776/1083 2191/2798/1083 2192/2799/1083 2108/2778/1083
f 2108/2778/1084 2192/2799/1084 2193/2800/1084 2109/2780/1084
f 2109/2783/1085 2193/2801/1085 2194/2802/1085 2110/2784/1085
f 2110/2784/1086 2194/2802/1086 2195/2803/1086 2111/2786/1086
f 2111/2786/1087 2195/2803/1087 2196/2804/1087 2112/2788/1087
f 2112/2788/1088 2196/2804/1088 2197/2805/1088 2113/2790/1088
f 2113/2790/1089 2197/2805/1089 2198/2806/1089 2114/2792/1089
f 2114/2792/1090 2198/2806/1090 2187/2794/1090 2103/2769/1090
f 2115/2807/1091 2127/2808/1091 2128/2809/1091 2116/2810/1091
f 2116/2810/1092 2128/2809/1092 2129/2811/1092 2117/2812/1092
f 2117/2812/1093 2129/2811/1093 2130/2813/1093 2118/2814/1093
f 2118/2814/1094 2130/2813/1094 2131/2815/1094 2119/2816/1094
f 2119/2816/1095 2131/2815/1095 2132/2817/1095 2120/2818/1095
f 2120/2818/1096 2132/2817/1096 2133/2819/1096 2121/2820/1096
f 2121/2821/1097 2133/2822/1097 2134/2823/1097 2122/2824/1097
f 2122/2824/1098 2134/2823/1098 2135/2825/1098 2123/2826/1098
f 2123/2826/1099 2135/2825/1099 2136/2827/1099 2124/2828/1099
f 2124/2828/1100 2136/2827/1100 2137/2829/1100 2125/2830/1100
f 2125/2830/1101 2137/2829/1101 2138/2831/1101 2126/2832/1101
f 2126/2832/1102 2138/2831/1102 2127/2808/1102 2115/2807/1102
f 2127/2808/1103 2139/2833/1103 2140/2834/1103 2128/2809/1103
f 2128/2809/1104 2140/2834/1104 2141/2835/1104 2129/2811/1104
f 2129/2811/1105 2141/2835/1105 2142/2836/1105 2130/2813/1105
f 2130/2813/1106 2142/2836/1106 2143/2837/1106 2131/2815/1106
f 2131/2815/1107 2143/2837/1107 2144/2838/1107 2132/2817/1107
f 2132/2817/1108 2144/2838/1108 2145/2839/1108 2133/2819/1108
f 2133/2822/1109 2145/2840/1109 2146/2841/1109 2134/2823/1109
f 2134/2823/1110 2146/2841/1110 2147/2842/1110 2135/2825/1110
f 2135/2825/1111 2147/2842/1111 2148/2843/1111 2136/2827/1111
f 2136/2827/1112 2148/2843/1112 2149/2844/1112 2137/2829/1112
f 2137/2829/1113 2149/2844/1113 2150/2845/1113 2138/2831/1113
f 2138/2831/1114 2150/2845/1114 2139/2833/1114 2127/2808/1114
f 2139/2846/1072 2151/2847/1072 2152/2848/1072 2140/2849/1072
f 2140/2849/1071 2152/2848/1071 2153/2850/1071 2141/2851/1071
f 2141/2851/1070 2153/2850/1070 2154/2852/1070 2142/2853/1070
f 2142/2853/1115 2154/2852/1115 2155/2854/1115 2143/2855/1115
f 2143/2855/1116 2155/2854/1116 2156/2856/1116 2144/2857/1116
f 2144/2857/1117 2156/2856/1117 2157/2858/1117 2145/2859/1117
f 2145/2860/1118 2157/2861/1118 2158/2862/1118 2146/2863/1118
f 2146/2863/1119 2158/2862/1119 2159/2864/1119 2147/2865/1119
f 2147/2865/1076 2159/2864/1076 2160/2866/1076 2148/2867/1076
f 2148/2867/1120 2160/2866/1120 2161/2868/1120 2149/2869/1120
f 2149/2869/1121 2161/2868/1121 2162/2870/1121 2150/2871/1121
f 2150/2871/1073 2162/2870/1073 2151/2847/1073 2139/2846/1073
f 2151/2847/1084 2199/2872/1084 2200/2873/1084 2152/2848/1084
f 2152/2848/1122 2200/2873/1122 2209/2874/1122 2153/2850/1122
f 2153/2850/1123 2209/2874/1123 2210/2875/1123 2154/2852/1123
f 2154/2852/1124 2210/2875/1124 2201/2876/1124 2155/2854/1124
f 2155/2854/1080 2201/2876/1080 2202/2877/1080 2156/2856/1080
f 2156/2856/1079 2202/2877/1079 2203/2878/1079 2157/2858/1079
f 2157/2861/1125 2203/2879/1125 2204/2880/1125 2158/2862/1125
f 2158/2862/1089 2204/2880/1089 2205/2881/1089 2159/2864/1089
f 2159/2864/1126 2205/2881/1126 2206/2882/1126 2160/2866/1126
f 2160/2866/1127 2206/2882/1127 2207/2883/1127 2161/2868/1127
f 2161/2868/1128 2207/2883/1128 2208/2884/1128 2162/2870/1128
f 2162/2870/1129 2208/2884/1129 2199/2872/1129 2151/2847/1129
f 2163/2885/1096 2175/2886/1096 2176/2887/1096 2164/2888/1096
f 2164/2888/1130 2176/2887/1130 2177/2889/1130 2165/2890/1130
f 2165/2890/1131 2177/2889/1131 2178/2891/1131 2166/2892/1131
f 2166/2892/1093 2178/2891/1093 2179/2893/1093 2167/2894/1093
f 2167/2894/1132 2179/2893/1132 2180/2895/1132 2168/2896/1132
f 2168/2896/1133 2180/2895/1133 2181/2897/1133 2169/2898/1133
f 2169/2899/1134 2181/2900/1134 2182/2901/1134 2170/2902/1134
f 2170/2902/1135 2182/2901/1135 2183/2903/1135 2171/2904/1135
f 2171/2904/1136 2183/2903/1136 2184/2905/1136 2172/2906/1136
f 2172/2906/1137 2184/2905/1137 2185/2907/1137 2173/2908/1137
f 2173/2908/1138 2185/2907/1138 2186/2909/1138 2174/2910/1138
f 2174/2910/1139 2186/2909/1139 2175/2886/1139 2163/2885/1139
f 2175/2886/1140 2091/2768/1140 2092/2771/1140 2176/2887/1140
f 2176/2887/1107 2092/2771/1107 2093/2773/1107 2177/2889/1107
f 2177/2889/1141 2093/2773/1141 2094/2775/1141 2178/2891/1141
f 2178/2891/1105 2094/2775/1105 2095/2777/1105 2179/2893/1105
f 2179/2893/1142 2095/2777/1142 2096/2779/1142 2180/2895/1142
f 2180/2895/1143 2096/2779/1143 2097/2781/1143 2181/2897/1143
f 2181/2900/1144 2097/2782/1144 2098/2785/1144 2182/2901/1144
f 2182/2901/1145 2098/2785/1145 2099/2787/1145 2183/2903/1145
f 2183/2903/1112 2099/2787/1112 2100/2789/1112 2184/2905/1112
f 2184/2905/1146 2100/2789/1146 2101/2791/1146 2185/2907/1146
f 2185/2907/1147 2101/2791/1147 2102/2793/1147 2186/2909/1147
f 2186/2909/1148 2102/2793/1148 2091/2768/1148 2175/2886/1148
f 2116/2810/1149 2117/2812/1149 2189/2796/1149 2188/2795/1149
f 2117/2812/1150 2118/2814/1150 2190/2797/1150 2189/2796/1150
f 2118/2814/1151 2119/2816/1151 2191/2798/1151 2190/2797/1151
f 2119/2816/1152 2120/2818/1152 2192/2799/1152 2191/2798/1152
f 2120/2818/1153 2121/2820/1153 2193/2800/1153 2192/2799/1153
f 2121/2821/1154 2122/2824/1154 2194/2802/1154 2193/2801/1154
f 2122/2824/1155 2123/2826/1155 2195/2803/1155 2194/2802/1155
f 2123/2826/1156 2124/2828/1156 2196/2804/1156 2195/2803/1156
f 2124/2828/1157 2125/2830/1157 2197/2805/1157 2196/2804/1157
f 2125/2830/1158 2126/2832/1158 2198/2806/1158 2197/2805/1158
f 2126/2832/1159 2115/2807/1159 2187/2794/1159 2198/2806/1159
f 2115/2807/1160 2116/2810/1160 2188/2795/1160 2187/2794/1160
f 2164/2888/1161 2165/2890/1161 2209/2874/1161 2200/2873/1161
f 2165/2890/1162 2166/2892/1162 2210/2875/1162 2209/2874/1162
f 2166/2892/1163 2167/2894/1163 2201/2876/1163 2210/2875/1163
f 2167/2894/1149 2168/2896/1149 2202/2877/1149 2201/2876/1149
f 2168/2896/1160 2169/2898/1160 2203/2878/1160 2202/2877/1160
f 2169/2899/1159 2170/2902/1159 2204/2880/1159 2203/2879/1159
f 2170/2902/1164 2171/2904/1164 2205/2881/1164 2204/2880/1164
f 2171/2904/1157 2172/2906/1157 2206/2882/1157 2205/2881/1157
f 2172/2906/1165 2173/2908/1165 2207/2883/1165 2206/2882/1165
f 2173/2908/1155 2174/2910/1155 2208/2884/1155 2207/2883/1155
f 2174/2910/1154 2163/2885/1154 2199/2872/1154 2208/2884/1154
f 2163/2885/1166 2164/2888/1166 2200/2873/1166 2199/2872/1166
f 2211/2911/822 2223/2912/822 2224/2913/822 2212/2914/822
f 2212/2914/772 2224/2913/772 2225/2915/772 2213/2916/772
f 2213/2916/773 2225/2915/773 2226/2917/773 2214/2918/773
f 2214/2918/1167 2226/2917/1167 2227/2919/1167 2215/2920/1167
f 2215/2920/1168 2227/2919/1168 2228/2921/1168 2216/2922/1168
f 2216/2922/776 2228/2921/776 2229/2923/776 2217/2924/776
f 2217/2925/1169 2229/2926/1169 2230/2927/1169 2218/2928/1169
f 2218/2928/1170 2230/2927/1170 2231/2929/1170 2219/2930/1170
f 2219/2930/779 2231/2929/779 2232/2931/779 2220/2932/779
f 2220/2932/1171 2232/2931/1171 2233/2933/1171 2221/2934/1171
f 2221/2934/781 2233/2933/781 2234/2935/781 2222/2936/781
f 2222/2936/1172 2234/2935/1172 2223/2912/1172 2211/2911/1172
f 2223/2912/783 2307/2937/783 2308/2938/783 2224/2913/783
f 2224/2913/1173 2308/2938/1173 2309/2939/1173 2225/2915/1173
f 2225/2915/1174 2309/2939/1174 2310/2940/1174 2226/2917/1174
f 2226/2917/786 2310/2940/786 2311/2941/786 2227/2919/786
f 2227/2919/1175 2311/2941/1175 2312/2942/1175 2228/2921/1175
f 2228/2921/827 2312/2942/827 2313/2943/827 2229/2923/827
f 2229/2926/836 2313/2944/836 2314/2945/836 2230/2927/836
f 2230/2927/1176 2314/2945/1176 2315/2946/1176 2231/2929/1176
f 2231/2929/791 2315/2946/791 2316/2947/791 2232/2931/791
f 2232/2931/1177 2316/2947/1177 2317/2948/1177 2233/2933/1177
f 2233/2933/1178 2317/2948/1178 2318/2949/1178 2234/2935/1178
f 2234/2935/1179 2318/2949/1179 2307/2937/1179 2223/2912/1179
f 2235/2950/841 2247/2951/841 2248/2952/841 2236/2953/841
f 2236/2953/840 2248/2952/840 2249/2954/840 2237/2955/840
f 2237/2955/1180 2249/2954/1180 2250/2956/1180 2238/2957/1180
f 2238/2957/838 2250/2956/838 2251/2958/838 2239/2959/838
f 2239/2959/1181 2251/2958/1181 2252/2960/1181 2240/2961/1181
f 2240/2961/837 2252/2960/837 2253/2962/837 2241/2963/837
f 2241/2964/846 2253/2965/846 2254/2966/846 2242/2967/846
f 2242/2967/1182 2254/2966/1182 2255/2968/1182 2243/2969/1182
f 2243/2969/803 2255/2968/803 2256/2970/803 2244/2971/803
f 2244/2971/804 2256/2970/804 2257/2972/804 2245/2973/804
f 2245/2973/1183 2257/2972/1183 2258/2974/1183 2246/2975/1183
f 2246/2975/806 2258/2974/806 2247/2951/806 2235/2950/806
f 2247/2951/807 2259/2976/807 2260/2977/807 2248/2952/807
f 2248/2952/808 2260/2977/808 2261/2978/808 2249/2954/808
f 2249/2954/1184 2261/2978/1184 2262/2979/1184 2250/2956/1184
f 2250/2956/1185 2262/2979/1185 2263/2980/1185 2251/2958/1185
f 2251/2958/1186 2263/2980/1186 2264/2981/1186 2252/2960/1186
f 2252/2960/812 2264/2981/812 2265/2982/812 2253/2962/812
f 2253/2965/1187 2265/2983/1187 2266/2984/1187 2254/2966/1187
f 2254/2966/1188 2266/2984/1188 2267/2985/1188 2255/2968/1188
f 2255/2968/854 2267/2985/854 2268/2986/854 2256/2970/854
f 2256/2970/816 2268/2986/816 2269/2987/816 2257/2972/816
f 2257/2972/817 2269/2987/817 2270/2988/817 2258/2974/817
f 2258/2974/1189 2270/2988/1189 2259/2976/1189 2247/2951/1189
f 2259/2989/1190 2271/2990/1190 2272/2991/1190 2260/2992/1190
f 2260/2992/819 2272/2991/819 2273/2993/819 2261/2994/819
f 2261/2994/1167 2273/2993/1167 2274/2995/1167 2262/2996/1167
f 2262/2996/1191 2274/2995/1191 2275/2997/1191 2263/2998/1191
f 2263/2998/1192 2275/2997/1192 2276/2999/1192 2264/3000/1192
f 2264/3000/822 2276/2999/822 2277/3001/822 2265/3002/822
f 2265/3003/1193 2277/3004/1193 2278/3005/1193 2266/3006/1193
f 2266/3006/1194 2278/3005/1194 2279/3007/1194 2267/3008/1194
f 2267/3008/1171 2279/3007/1171 2280/3009/1171 2268/3010/1171
f 2268/3010/779 2280/3009/779 2281/3011/779 2269/3012/779
f 2269/3012/826 2281/3011/826 2282/3013/826 2270/3014/826
f 2270/3014/777 2282/3013/777 2271/2990/777 2259/2989/777
f 2271/2990/1195 2319/3015/1195 2320/3016/1195 2272/2991/1195
f 2272/2991/1196 2320/3016/1196 2329/3017/1196 2273/2993/1196
f 2273/2993/828 2329/3017/828 2330/3018/828 2274/2995/828
f 2274/2995/1197 2330/3018/1197 2321/3019/1197 2275/2997/1197
f 2275/2997/1198 2321/3019/1198 2322/3020/1198 2276/2999/1198
f 2276/2999/783 2322/3020/783 2323/3021/783 2277/3001/783
f 2277/3004/794 2323/3022/794 2324/3023/794 2278/3005/794
f 2278/3005/793 2324/3023/793 2325/3024/793 2279/3007/793
f 2279/3007/792 2325/3024/792 2326/3025/792 2280/3009/792
f 2280/3009/791 2326/3025/791 2327/3026/791 2281/3011/791
f 2281/3011/1199 2327/3026/1199 2328/3027/1199 2282/3013/1199
f 2282/3013/836 2328/3027/836 2319/3015/836 2271/2990/836
f 2283/3028/837 2295/3029/837 2296/3030/837 2284/3031/837
f 2284/3031/1200 2296/3030/1200 2297/3032/1200 2285/3033/1200
f 2285/3033/798 2297/3032/798 2298/3034/798 2286/3035/798
f 2286/3035/1201 2298/3034/1201 2299/3036/1201 2287/3037/1201
f 2287/3037/840 2299/3036/840 2300/3038/840 2288/3039/840
f 2288/3039/841 2300/3038/841 2301/3040/841 2289/3041/841
f 2289/3042/806 2301/3043/806 2302/3044/806 2290/3045/806
f 2290/3045/1202 2302/3044/1202 2303/3046/1202 2291/3047/1202
f 2291/3047/843 2303/3046/843 2304/3048/843 2292/3049/843
f 2292/3049/1203 2304/3048/1203 2305/3050/1203 2293/3051/1203
f 2293/3051/1204 2305/3050/1204 2306/3052/1204 2294/3053/1204
f 2294/3053/1205 2306/3052/1205 2295/3029/1205 2283/3028/1205
f 2295/3029/847 2211/2911/847 2212/2914/847 2296/3030/847
f 2296/3030/811 2212/2914/811 2213/2916/811 2297/3032/811
f 2297/3032/810 2213/2916/810 2214/2918/810 2298/3034/810
f 2298/3034/809 2214/2918/809 2215/2920/809 2299/3036/809
f 2299/3036/1206 2215/2920/1206 2216/2922/1206 2300/3038/1206
f 2300/3038/850 2216/2922/850 2217/2924/850 2301/3040/850
f 2301/3043/851 2217/2925/851 2218/2928/851 2302/3044/851
f 2302/3044/1207 2218/2928/1207 2219/2930/1207 2303/3046/1207
f 2303/3046/816 2219/2930/816 2220/2932/816 2304/3048/816
f 2304/3048/1208 2220/2932/1208 2221/2934/1208 2305/3050/1208
f 2305/3050/1209 2221/2934/1209 2222/2936/1209 2306/3052/1209
f 2306/3052/855 2222/2936/855 2211/2911/855 2295/3029/855
f 2236/2953/869 2237/2955/869 2309/2939/869 2308/2938/869
f 2237/2955/868 2238/2957/868 2310/2940/868 2309/2939/868
f 2238/2957/858 2239/2959/858 2311/2941/858 2310/2940/858
f 2239/2959/859 2240/2961/859 2312/2942/859 2311/2941/859
f 2240/2961/875 2241/2963/875 2313/2943/875 2312/2942/875
f 2241/2964/861 2242/2967/861 2314/2945/861 2313/2944/861
f 2242/2967/1210 2243/2969/1210 2315/2946/1210 2314/2945/1210
f 2243/2969/872 2244/2971/872 2316/2947/872 2315/2946/872
f 2244/2971/864 2245/2973/864 2317/2948/864 2316/2947/864
f 2245/2973/871 2246/2975/871 2318/2949/871 2317/2948/871
f 2246/2975/1211 2235/2950/1211 2307/2937/1211 2318/2949/1211
f 2235/2950/867 2236/2953/867 2308/2938/867 2307/2937/867
f 2284/3031/859 2285/3033/859 2329/3017/859 2320/3016/859
f 2285/3033/858 2286/3035/858 2330/3018/858 2329/3017/858
f 2286/3035/857 2287/3037/857 2321/3019/857 2330/3018/857
f 2287/3037/869 2288/3039/869 2322/3020/869 2321/3019/869
f 2288/3039/867 2289/3041/867 2323/3021/867 2322/3020/867
f 2289/3042/866 2290/3045/866 2324/3023/866 2323/3022/866
f 2290/3045/865 2291/3047/865 2325/3024/865 2324/3023/865
f 2291/3047/864 2292/3049/864 2326/3025/864 2325/3024/864
f 2292/3049/863 2293/3051/863 2327/3026/863 2326/3025/863
f 2293/3051/1210 2294/3053/1210 2328/3027/1210 2327/3026/1210
f 2294/3053/861 2283/3028/861 2319/3015/861 2328/3027/861
f 2283/3028/1212 2284/3031/1212 2320/3016/1212 2319/3015/1212
f 2331/3054/925 2343/3055/925 2344/3056/925 2332/3057/925
f 2332/3057/877 2344/3056/877 2345/3058/877 2333/3059/877
f 2333/3059/878 2345/3058/878 2346/3060/878 2334/3061/878
f 2334/3061/879 2346/3060/879 2347/3062/879 2335/3063/879
f 2335/3063/880 2347/3062/880 2348/3064/880 2336/3065/880
f 2336/3065/881 2348/3064/881 2349/3066/881 2337/3067/881
f 2337/3068/882 2349/3069/882 2350/3070/882 2338/3071/882
f 2338/3071/883 2350/3070/883 2351/3072/883 2339/3073/883
f 2339/3073/884 2351/3072/884 2352/3074/884 2340/3075/884
f 2340/3075/885 2352/3074/885 2353/3076/885 2341/3077/885
f 2341/3077/886 2353/3076/886 2354/3078/886 2342/3079/886
f 2342/3079/926 2354/3078/926 2343/3055/926 2331/3054/926
f 2343/3055/931 2427/3080/931 2428/3081/931 2344/3056/931
f 2344/3056/930 2428/3081/930 2429/3082/930 2345/3058/930
f 2345/3058/1213 2429/3082/1213 2430/3083/1213 2346/3060/1213
f 2346/3060/1214 2430/3083/1214 2431/3084/1214 2347/3062/1214
f 2347/3062/928 2431/3084/928 2432/3085/928 2348/3064/928
f 2348/3064/893 2432/3085/893 2433/3086/893 2349/3066/893
f 2349/3069/894 2433/3087/894 2434/3088/894 2350/3070/894
f 2350/3070/935 2434/3088/935 2435/3089/935 2351/3072/935
f 2351/3072/896 2435/3089/896 2436/3090/896 2352/3074/896
f 2352/3074/897 2436/3090/897 2437/3091/897 2353/3076/897
f 2353/3076/933 2437/3091/933 2438/3092/933 2354/3078/933
f 2354/3078/932 2438/3092/932 2427/3080/932 2343/3055/932
f 2355/3093/939 2367/3094/939 2368/3095/939 2356/3096/939
f 2356/3096/1215 2368/3095/1215 2369/3097/1215 2357/3098/1215
f 2357/3098/1216 2369/3097/1216 2370/3099/1216 2358/3100/1216
f 2358/3100/1217 2370/3099/1217 2371/3101/1217 2359/3102/1217
f 2359/3102/1218 2371/3101/1218 2372/3103/1218 2360/3104/1218
f 2360/3104/905 2372/3103/905 2373/3105/905 2361/3106/905
f 2361/3107/906 2373/3108/906 2374/3109/906 2362/3110/906
f 2362/3110/1219 2374/3109/1219 2375/3111/1219 2363/3112/1219
f 2363/3112/908 2375/3111/908 2376/3113/908 2364/3114/908
f 2364/3114/909 2376/3113/909 2377/3115/909 2365/3116/909
f 2365/3116/1220 2377/3115/1220 2378/3117/1220 2366/3118/1220
f 2366/3118/940 2378/3117/940 2367/3094/940 2355/3093/940
f 2367/3094/912 2379/3119/912 2380/3120/912 2368/3095/912
f 2368/3095/946 2380/3120/946 2381/3121/946 2369/3097/946
f 2369/3097/914 2381/3121/914 2382/3122/914 2370/3099/914
f 2370/3099/915 2382/3122/915 2383/3123/915 2371/3101/915
f 2371/3101/916 2383/3123/916 2384/3124/916 2372/3103/916
f 2372/3103/917 2384/3124/917 2385/3125/917 2373/3105/917
f 2373/3108/918 2385/3126/918 2386/3127/918 2374/3109/918
f 2374/3109/919 2386/3127/919 2387/3128/919 2375/3111/919
f 2375/3111/920 2387/3128/920 2388/3129/920 2376/3113/920
f 2376/3113/921 2388/3129/921 2389/3130/921 2377/3115/921
f 2377/3115/947 2389/3130/947 2390/3131/947 2378/3117/947
f 2378/3117/923 2390/3131/923 2379/3119/923 2367/3094/923
f 2379/3132/881 2391/3133/881 2392/3134/881 2380/3135/881
f 2380/3135/880 2392/3134/880 2393/3136/880 2381/3137/880
f 2381/3137/879 2393/3136/879 2394/3138/879 2382/3139/879
f 2382/3139/878 2394/3138/878 2395/3140/878 2383/3141/878
f 2383/3141/877 2395/3140/877 2396/3142/877 2384/3143/877
f 2384/3143/925 2396/3142/925 2397/3144/925 2385/3145/925
f 2385/3146/926 2397/3147/926 2398/3148/926 2386/3149/926
f 2386/3149/886 2398/3148/886 2399/3150/886 2387/3151/886
f 2387/3151/885 2399/3150/885 2400/3152/885 2388/3153/885
f 2388/3153/884 2400/3152/884 2401/3154/884 2389/3155/884
f 2389/3155/883 2401/3154/883 2402/3156/883 2390/3157/883
f 2390/3157/882 2402/3156/882 2391/3133/882 2379/3132/882
f 2391/3133/893 2439/3158/893 2440/3159/893 2392/3134/893
f 2392/3134/1221 2440/3159/1221 2449/3160/1221 2393/3136/1221
f 2393/3136/1214 2449/3160/1214 2450/3161/1214 2394/3138/1214
f 2394/3138/890 2450/3161/890 2441/3162/890 2395/3140/890
f 2395/3140/1222 2441/3162/1222 2442/3163/1222 2396/3142/1222
f 2396/3142/1223 2442/3163/1223 2443/3164/1223 2397/3144/1223
f 2397/3147/1224 2443/3165/1224 2444/3166/1224 2398/3148/1224
f 2398/3148/1225 2444/3166/1225 2445/3167/1225 2399/3150/1225
f 2399/3150/897 2445/3167/897 2446/3168/897 2400/3152/897
f 2400/3152/1226 2446/3168/1226 2447/3169/1226 2401/3154/1226
f 2401/3154/1227 2447/3169/1227 2448/3170/1227 2402/3156/1227
f 2402/3156/894 2448/3170/894 2439/3158/894 2391/3133/894
f 2403/3171/905 2415/3172/905 2416/3173/905 2404/3174/905
f 2404/3174/1228 2416/3173/1228 2417/3175/1228 2405/3176/1228
f 2405/3176/1217 2417/3175/1217 2418/3177/1217 2406/3178/1217
f 2406/3178/902 2418/3177/902 2419/3179/902 2407/3180/902
f 2407/3180/938 2419/3179/938 2420/3181/938 2408/3182/938
f 2408/3182/900 2420/3181/900 2421/3183/900 2409/3184/900
f 2409/3185/911 2421/3186/911 2422/3187/911 2410/3188/911
f 2410/3188/941 2422/3187/941 2423/3189/941 2411/3190/941
f 2411/3190/909 2423/3189/909 2424/3191/909 2412/3192/909
f 2412/3192/1229 2424/3191/1229 2425/3193/1229 2413/3194/1229
f 2413/3194/1230 2425/3193/1230 2426/3195/1230 2414/3196/1230
f 2414/3196/906 2426/3195/906 2415/3172/906 2403/3171/906
f 2415/3172/917 2331/3054/917 2332/3057/917 2416/3173/917
f 2416/3173/945 2332/3057/945 2333/3059/945 2417/3175/945
f 2417/3175/915 2333/3059/915 2334/3061/915 2418/3177/915
f 2418/3177/914 2334/3061/914 2335/3063/914 2419/3179/914
f 2419/3179/946 2335/3063/946 2336/3065/946 2420/3181/946
f 2420/3181/912 2336/3065/912 2337/3067/912 2421/3183/912
f 2421/3186/923 2337/3068/923 2338/3071/923 2422/3187/923
f 2422/3187/947 2338/3071/947 2339/3073/947 2423/3189/947
f 2423/3189/921 2339/3073/921 2340/3075/921 2424/3191/921
f 2424/3191/920 2340/3075/920 2341/3077/920 2425/3193/920
f 2425/3193/919 2341/3077/919 2342/3079/919 2426/3195/919
f 2426/3195/918 2342/3079/918 2331/3054/918 2415/3172/918
f 2356/3096/962 2357/3098/962 2429/3082/962 2428/3081/962
f 2357/3098/950 2358/3100/950 2430/3083/950 2429/3082/950
f 2358/3100/951 2359/3102/951 2431/3084/951 2430/3083/951
f 2359/3102/952 2360/3104/952 2432/3085/952 2431/3084/952
f 2360/3104/1231 2361/3106/1231 2433/3086/1231 2432/3085/1231
f 2361/3107/1232 2362/3110/1232 2434/3088/1232 2433/3087/1232
f 2362/3110/955 2363/3112/955 2435/3089/955 2434/3088/955
f 2363/3112/956 2364/3114/956 2436/3090/956 2435/3089/956
f 2364/3114/957 2365/3116/957 2437/3091/957 2436/3090/957
f 2365/3116/963 2366/3118/963 2438/3092/963 2437/3091/963
f 2366/3118/959 2355/3093/959 2427/3080/959 2438/3092/959
f 2355/3093/960 2356/3096/960 2428/3081/960 2427/3080/960
f 2404/3174/952 2405/3176/952 2449/3160/952 2440/3159/952
f 2405/3176/951 2406/3178/951 2450/3161/951 2449/3160/951
f 2406/3178/950 2407/3180/950 2441/3162/950 2450/3161/950
f 2407/3180/962 2408/3182/962 2442/3163/962 2441/3162/962
f 2408/3182/960 2409/3184/960 2443/3164/960 2442/3163/960
f 2409/3185/959 2410/3188/959 2444/3166/959 2443/3165/959
f 2410/3188/963 2411/3190/963 2445/3167/963 2444/3166/963
f 2411/3190/957 2412/3192/957 2446/3168/957 2445/3167/957
f 2412/3192/956 2413/3194/956 2447/3169/956 2446/3168/956
f 2413/3194/955 2414/3196/955 2448/3170/955 2447/3169/955
f 2414/3196/954 2403/3171/954 2439/3158/954 2448/3170/954
f 2403/3171/953 2404/3174/953 2440/3159/953 2439/3158/953
f 2451/3197/1233 2463/3198/1233 2464/3199/1233 2452/3200/1233
f 2452/3200/968 2464/3199/968 2465/3201/968 2453/3202/968
f 2453/3202/969 2465/3201/969 2466/3203/969 2454/3204/969
f 2454/3204/1234 2466/3203/1234 2467/3205/1234 2455/3206/1234
f 2455/3206/971 2467/3205/971 2468/3207/971 2456/3208/971
f 2456/3208/1235 2468/3207/1235 2469/3209/1235 2457/3210/1235
f 2457/3211/1021 2469/3212/1021 2470/3213/1021 2458/3214/1021
f 2458/3214/1020 2470/3213/1020 2471/3215/1020 2459/3216/1020
f 2459/3216/975 2471/3215/975 2472/3217/975 2460/3218/975
f 2460/3218/1019 2472/3217/1019 2473/3219/1019 2461/3220/1019
f 2461/3220/977 2473/3219/977 2474/3221/977 2462/3222/977
f 2462/3222/978 2474/3221/978 2463/3198/978 2451/3197/978
f 2463/3198/979 2547/3223/979 2548/3224/979 2464/3199/979
f 2464/3199/1025 2548/3224/1025 2549/3225/1025 2465/3201/1025
f 2465/3201/1024 2549/3225/1024 2550/3226/1024 2466/3203/1024
f 2466/3203/1236 2550/3226/1236 2551/3227/1236 2467/3205/1236
f 2467/3205/1237 2551/3227/1237 2552/3228/1237 2468/3207/1237
f 2468/3207/1238 2552/3228/1238 2553/3229/1238 2469/3209/1238
f 2469/3212/1239 2553/3230/1239 2554/3231/1239 2470/3213/1239
f 2470/3213/1240 2554/3231/1240 2555/3232/1240 2471/3215/1240
f 2471/3215/1030 2555/3232/1030 2556/3233/1030 2472/3217/1030
f 2472/3217/1241 2556/3233/1241 2557/3234/1241 2473/3219/1241
f 2473/3219/1242 2557/3234/1242 2558/3235/1242 2474/3221/1242
f 2474/3221/1243 2558/3235/1243 2547/3223/1243 2463/3198/1243
f 2475/3236/1036 2487/3237/1036 2488/3238/1036 2476/3239/1036
f 2476/3239/1244 2488/3238/1244 2489/3240/1244 2477/3241/1244
f 2477/3241/993 2489/3240/993 2490/3242/993 2478/3243/993
f 2478/3243/1245 2490/3242/1245 2491/3244/1245 2479/3245/1245
f 2479/3245/995 2491/3244/995 2492/3246/995 2480/3247/995
f 2480/3247/1246 2492/3246/1246 2493/3248/1246 2481/3249/1246
f 2481/3250/1042 2493/3251/1042 2494/3252/1042 2482/3253/1042
f 2482/3253/1247 2494/3252/1247 2495/3254/1247 2483/3255/1247
f 2483/3255/1248 2495/3254/1248 2496/3256/1248 2484/3257/1248
f 2484/3257/1249 2496/3256/1249 2497/3258/1249 2485/3259/1249
f 2485/3259/1038 2497/3258/1038 2498/3260/1038 2486/3261/1038
f 2486/3261/1037 2498/3260/1037 2487/3237/1037 2475/3236/1037
f 2487/3237/1250 2499/3262/1250 2500/3263/1250 2488/3238/1250
f 2488/3238/1046 2500/3263/1046 2501/3264/1046 2489/3240/1046
f 2489/3240/1005 2501/3264/1005 2502/3265/1005 2490/3242/1005
f 2490/3242/1251 2502/3265/1251 2503/3266/1251 2491/3244/1251
f 2491/3244/1252 2503/3266/1252 2504/3267/1252 2492/3246/1252
f 2492/3246/1043 2504/3267/1043 2505/3268/1043 2493/3248/1043
f 2493/3251/1051 2505/3269/1051 2506/3270/1051 2494/3252/1051
f 2494/3252/1010 2506/3270/1010 2507/3271/1010 2495/3254/1010
f 2495/3254/1253 2507/3271/1253 2508/3272/1253 2496/3256/1253
f 2496/3256/1012 2508/3272/1012 2509/3273/1012 2497/3258/1012
f 2497/3258/1254 2509/3273/1254 2510/3274/1254 2498/3260/1254
f 2498/3260/1048 2510/3274/1048 2499/3262/1048 2487/3237/1048
f 2499/3275/1235 2511/3276/1235 2512/3277/1235 2500/3278/1235
f 2500/3278/1255 2512/3277/1255 2513/3279/1255 2501/3280/1255
f 2501/3280/1234 2513/3279/1234 2514/3281/1234 2502/3282/1234
f 2502/3282/969 2514/3281/969 2515/3283/969 2503/3284/969
f 2503/3284/1256 2515/3283/1256 2516/3285/1256 2504/3286/1256
f 2504/3286/1233 2516/3285/1233 2517/3287/1233 2505/3288/1233
f 2505/3289/1017 2517/3290/1017 2518/3291/1017 2506/3292/1017
f 2506/3292/1018 2518/3291/1018 2519/3293/1018 2507/3294/1018
f 2507/3294/976 2519/3293/976 2520/3295/976 2508/3296/976
f 2508/3296/975 2520/3295/975 2521/3297/975 2509/3298/975
f 2509/3298/1257 2521/3297/1257 2522/3299/1257 2510/3300/1257
f 2510/3300/1258 2522/3299/1258 2511/3276/1258 2499/3275/1258
f 2511/3276/984 2559/3301/984 2560/3302/984 2512/3277/984
f 2512/3277/983 2560/3302/983 2569/3303/983 2513/3279/983
f 2513/3279/1236 2569/3303/1236 2570/3304/1236 2514/3281/1236
f 2514/3281/1259 2570/3304/1259 2561/3305/1259 2515/3283/1259
f 2515/3283/1260 2561/3305/1260 2562/3306/1260 2516/3285/1260
f 2516/3285/979 2562/3306/979 2563/3307/979 2517/3287/979
f 2517/3290/990 2563/3308/990 2564/3309/990 2518/3291/990
f 2518/3291/1261 2564/3309/1261 2565/3310/1261 2519/3293/1261
f 2519/3293/1241 2565/3310/1241 2566/3311/1241 2520/3295/1241
f 2520/3295/987 2566/3311/987 2567/3312/987 2521/3297/987
f 2521/3297/1031 2567/3312/1031 2568/3313/1031 2522/3299/1031
f 2522/3299/1032 2568/3313/1032 2559/3301/1032 2511/3276/1032
f 2523/3314/1262 2535/3315/1262 2536/3316/1262 2524/3317/1262
f 2524/3317/1263 2536/3316/1263 2537/3318/1263 2525/3319/1263
f 2525/3319/1264 2537/3318/1264 2538/3320/1264 2526/3321/1264
f 2526/3321/993 2538/3320/993 2539/3322/993 2527/3323/993
f 2527/3323/992 2539/3322/992 2540/3324/992 2528/3325/992
f 2528/3325/991 2540/3324/991 2541/3326/991 2529/3327/991
f 2529/3328/1002 2541/3329/1002 2542/3330/1002 2530/3331/1002
f 2530/3331/1265 2542/3330/1265 2543/3332/1265 2531/3333/1265
f 2531/3333/1266 2543/3332/1266 2544/3334/1266 2532/3335/1266
f 2532/3335/999 2544/3334/999 2545/3336/999 2533/3337/999
f 2533/3337/1267 2545/3336/1267 2546/3338/1267 2534/3339/1267
f 2534/3339/1042 2546/3338/1042 2535/3315/1042 2523/3314/1042
f 2535/3315/1043 2451/3197/1043 2452/3200/1043 2536/3316/1043
f 2536/3316/1268 2452/3200/1268 2453/3202/1268 2537/3318/1268
f 2537/3318/1251 2453/3202/1251 2454/3204/1251 2538/3320/1251
f 2538/3320/1005 2454/3204/1005 2455/3206/1005 2539/3322/1005
f 2539/3322/1269 2455/3206/1269 2456/3208/1269 2540/3324/1269
f 2540/3324/1003 2456/3208/1003 2457/3210/1003 2541/3326/1003
f 2541/3329/1014 2457/3211/1014 2458/3214/1014 2542/3330/1014
f 2542/3330/1270 2458/3214/1270 2459/3216/1270 2543/3332/1270
f 2543/3332/1012 2459/3216/1012 2460/3218/1012 2544/3334/1012
f 2544/3334/1011 2460/3218/1011 2461/3220/1011 2545/3336/1011
f 2545/3336/1271 2461/3220/1271 2462/3222/1271 2546/3338/1271
f 2546/3338/1051 2462/3222/1051 2451/3197/1051 2535/3315/1051
f 2476/3239/1272 2477/3241/1272 2549/3225/1272 2548/3224/1272
f 2477/3241/1053 2478/3243/1053 2550/3226/1053 2549/3225/1053
f 2478/3243/1054 2479/3245/1054 2551/3227/1054 2550/3226/1054
f 2479/3245/1273 2480/3247/1273 2552/3228/1273 2551/3227/1273
f 2480/3247/1056 2481/3249/1056 2553/3229/1056 2552/3228/1056
f 2481/3250/1057 2482/3253/1057 2554/3231/1057 2553/3230/1057
f 2482/3253/1066 2483/3255/1066 2555/3232/1066 2554/3231/1066
f 2483/3255/1059 2484/3257/1059 2556/3233/1059 2555/3232/1059
f 2484/3257/1060 2485/3259/1060 2557/3234/1060 2556/3233/1060
f 2485/3259/1061 2486/3261/1061 2558/3235/1061 2557/3234/1061
f 2486/3261/1274 2475/3236/1274 2547/3223/1274 2558/3235/1274
f 2475/3236/1063 2476/3239/1063 2548/3224/1063 2547/3223/1063
f 2524/3317/1055 2525/3319/1055 2569/3303/1055 2560/3302/1055
f 2525/3319/1054 2526/3321/1054 2570/3304/1054 2569/3303/1054
f 2526/3321/1064 2527/3323/1064 2561/3305/1064 2570/3304/1064
f 2527/3323/1275 2528/3325/1275 2562/3306/1275 2561/3305/1275
f 2528/3325/1063 2529/3327/1063 2563/3307/1063 2562/3306/1063
f 2529/3328/1062 2530/3331/1062 2564/3309/1062 2563/3308/1062
f 2530/3331/1276 2531/3333/1276 2565/3310/1276 2564/3309/1276
f 2531/3333/1060 2532/3335/1060 2566/3311/1060 2565/3310/1060
f 2532/3335/1059 2533/3337/1059 2567/3312/1059 2566/3311/1059
f 2533/3337/1058 2534/3339/1058 2568/3313/1058 2567/3312/1058
f 2534/3339/1057 2523/3314/1057 2559/3301/1057 2568/3313/1057
f 2523/3314/1056 2524/3317/1056 2560/3302/1056 2559/3301/1056
f 2571/3340/1277 2583/3341/1277 2584/3342/1277 2572/3343/1277
f 2572/3343/1278 2584/3342/1278 2585/3344/1278 2573/3345/1278
f 2573/3345/1279 2585/3344/1279 2586/3346/1279 2574/3347/1279
f 2574/3347/1280 2586/3346/1280 2587/3348/1280 2575/3349/1280
f 2575/3349/1071 2587/3348/1071 2588/3350/1071 2576/3351/1071
f 2576/3351/1072 2588/3350/1072 2589/3352/1072 2577/3353/1072
f 2577/3354/1073 2589/3355/1073 2590/3356/1073 2578/3357/1073
f 2578/3357/1074 2590/3356/1074 2591/3358/1074 2579/3359/1074
f 2579/3359/1075 2591/3358/1075 2592/3360/1075 2580/3361/1075
f 2580/3361/1076 2592/3360/1076 2593/3362/1076 2581/3363/1076
f 2581/3363/1281 2593/3362/1281 2594/3364/1281 2582/3365/1281
f 2582/3365/1078 2594/3364/1078 2583/3341/1078 2571/3340/1078
f 2583/3341/1282 2667/3366/1282 2668/3367/1282 2584/3342/1282
f 2584/3342/1080 2668/3367/1080 2669/3368/1080 2585/3344/1080
f 2585/3344/1081 2669/3368/1081 2670/3369/1081 2586/3346/1081
f 2586/3346/1283 2670/3369/1283 2671/3370/1283 2587/3348/1283
f 2587/3348/1284 2671/3370/1284 2672/3371/1284 2588/3350/1284
f 2588/3350/1084 2672/3371/1084 2673/3372/1084 2589/3352/1084
f 2589/3355/1285 2673/3373/1285 2674/3374/1285 2590/3356/1285
f 2590/3356/1286 2674/3374/1286 2675/3375/1286 2591/3358/1286
f 2591/3358/1287 2675/3375/1287 2676/3376/1287 2592/3360/1287
f 2592/3360/1288 2676/3376/1288 2677/3377/1288 2593/3362/1288
f 2593/3362/1289 2677/3377/1289 2678/3378/1289 2594/3364/1289
f 2594/3364/1290 2678/3378/1290 2667/3366/1290 2583/3341/1290
f 2595/3379/1091 2607/3380/1091 2608/3381/1091 2596/3382/1091
f 2596/3382/1092 2608/3381/1092 2609/3383/1092 2597/3384/1092
f 2597/3384/1093 2609/3383/1093 2610/3385/1093 2598/3386/1093
f 2598/3386/1291 2610/3385/1291 2611/3387/1291 2599/3388/1291
f 2599/3388/1292 2611/3387/1292 2612/3389/1292 2600/3390/1292
f 2600/3390/1096 2612/3389/1096 2613/3391/1096 2601/3392/1096
f 2601/3393/1293 2613/3394/1293 2614/3395/1293 2602/3396/1293
f 2602/3396/1138 2614/3395/1138 2615/3397/1138 2603/3398/1138
f 2603/3398/1294 2615/3397/1294 2616/3399/1294 2604/3400/1294
f 2604/3400/1100 2616/3399/1100 2617/3401/1100 2605/3402/1100
f 2605/3402/1135 2617/3401/1135 2618/3403/1135 2606/3404/1135
f 2606/3404/1102 2618/3403/1102 2607/3380/1102 2595/3379/1102
f 2607/3380/1295 2619/3405/1295 2620/3406/1295 2608/3381/1295
f 2608/3381/1296 2620/3406/1296 2621/3407/1296 2609/3383/1296
f 2609/3383/1105 2621/3407/1105 2622/3408/1105 2610/3385/1105
f 2610/3385/1106 2622/3408/1106 2623/3409/1106 2611/3387/1106
f 2611/3387/1107 2623/3409/1107 2624/3410/1107 2612/3389/1107
f 2612/3389/1297 2624/3410/1297 2625/3411/1297 2613/3391/1297
f 2613/3394/1298 2625/3412/1298 2626/3413/1298 2614/3395/1298
f 2614/3395/1147 2626/3413/1147 2627/3414/1147 2615/3397/1147
f 2615/3397/1146 2627/3414/1146 2628/3415/1146 2616/3399/1146
f 2616/3399/1112 2628/3415/1112 2629/3416/1112 2617/3401/1112
f 2617/3401/1299 2629/3416/1299 2630/3417/1299 2618/3403/1299
f 2618/3403/1300 2630/3417/1300 2619/3405/1300 2607/3380/1300
f 2619/3418/1301 2631/3419/1301 2632/3420/1301 2620/3421/1301
f 2620/3421/1302 2632/3420/1302 2633/3422/1302 2621/3423/1302
f 2621/3423/1070 2633/3422/1070 2634/3424/1070 2622/3425/1070
f 2622/3425/1303 2634/3424/1303 2635/3426/1303 2623/3427/1303
f 2623/3427/1304 2635/3426/1304 2636/3428/1304 2624/3429/1304
f 2624/3429/1305 2636/3428/1305 2637/3430/1305 2625/3431/1305
f 2625/3432/1306 2637/3433/1306 2638/3434/1306 2626/3435/1306
f 2626/3435/1281 2638/3434/1281 2639/3436/1281 2627/3437/1281
f 2627/3437/1307 2639/3436/1307 2640/3438/1307 2628/3439/1307
f 2628/3439/1075 2640/3438/1075 2641/3440/1075 2629/3441/1075
f 2629/3441/1308 2641/3440/1308 2642/3442/1308 2630/3443/1308
f 2630/3443/1073 2642/3442/1073 2631/3419/1073 2619/3418/1073
f 2631/3419/1309 2679/3444/1309 2680/3445/1309 2632/3420/1309
f 2632/3420/1310 2680/3445/1310 2689/3446/1310 2633/3422/1310
f 2633/3422/1311 2689/3446/1311 2690/3447/1311 2634/3424/1311
f 2634/3424/1124 2690/3447/1124 2681/3448/1124 2635/3426/1124
f 2635/3426/1312 2681/3448/1312 2682/3449/1312 2636/3428/1312
f 2636/3428/1079 2682/3449/1079 2683/3450/1079 2637/3430/1079
f 2637/3433/1313 2683/3451/1313 2684/3452/1313 2638/3434/1313
f 2638/3434/1314 2684/3452/1314 2685/3453/1314 2639/3436/1314
f 2639/3436/1315 2685/3453/1315 2686/3454/1315 2640/3438/1315
f 2640/3438/1127 2686/3454/1127 2687/3455/1127 2641/3440/1127
f 2641/3440/1086 2687/3455/1086 2688/3456/1086 2642/3442/1086
f 2642/3442/1285 2688/3456/1285 2679/3444/1285 2631/3419/1285
f 2643/3457/1316 2655/3458/1316 2656/3459/1316 2644/3460/1316
f 2644/3460/1317 2656/3459/1317 2657/3461/1317 2645/3462/1317
f 2645/3462/1318 2657/3461/1318 2658/3463/1318 2646/3464/1318
f 2646/3464/1319 2658/3463/1319 2659/3465/1319 2647/3466/1319
f 2647/3466/1320 2659/3465/1320 2660/3467/1320 2648/3468/1320
f 2648/3468/1133 2660/3467/1133 2661/3469/1133 2649/3470/1133
f 2649/3471/1321 2661/3472/1321 2662/3473/1321 2650/3474/1321
f 2650/3474/1322 2662/3473/1322 2663/3475/1322 2651/3476/1322
f 2651/3476/1323 2663/3475/1323 2664/3477/1323 2652/3478/1323
f 2652/3478/1137 2664/3477/1137 2665/3479/1137 2653/3480/1137
f 2653/3480/1098 2665/3479/1098 2666/3481/1098 2654/3482/1098
f 2654/3482/1293 2666/3481/1293 2655/3458/1293 2643/3457/1293
f 2655/3458/1324 2571/3340/1324 2572/3343/1324 2656/3459/1324
f 2656/3459/1325 2572/3343/1325 2573/3345/1325 2657/3461/1325
f 2657/3461/1326 2573/3345/1326 2574/3347/1326 2658/3463/1326
f 2658/3463/1105 2574/3347/1105 2575/3349/1105 2659/3465/1105
f 2659/3465/1327 2575/3349/1327 2576/3351/1327 2660/3467/1327
f 2660/3467/1295 2576/3351/1295 2577/3353/1295 2661/3469/1295
f 2661/3472/1328 2577/3354/1328 2578/3357/1328 2662/3473/1328
f 2662/3473/1113 2578/3357/1113 2579/3359/1113 2663/3475/1113
f 2663/3475/1112 2579/3359/1112 2580/3361/1112 2664/3477/1112
f 2664/3477/1146 2580/3361/1146 2581/3363/1146 2665/3479/1146
f 2665/3479/1329 2581/3363/1329 2582/3365/1329 2666/3481/1329
f 2666/3481/1298 2582/3365/1298 2571/3340/1298 2655/3458/1298
f 2596/3382/1149 2597/3384/1149 2669/3368/1149 2668/3367/1149
f 2597/3384/1330 2598/3386/1330 2670/3369/1330 2669/3368/1330
f 2598/3386/1162 2599/3388/1162 2671/3370/1162 2670/3369/1162
f 2599/3388/1152 2600/3390/1152 2672/3371/1152 2671/3370/1152
f 2600/3390/1166 2601/3392/1166 2673/3372/1166 2672/3371/1166
f 2601/3393/1154 2602/3396/1154 2674/3374/1154 2673/3373/1154
f 2602/3396/1155 2603/3398/1155 2675/3375/1155 2674/3374/1155
f 2603/3398/1156 2604/3400/1156 2676/3376/1156 2675/3375/1156
f 2604/3400/1157 2605/3402/1157 2677/3377/1157 2676/3376/1157
f 2605/3402/1158 2606/3404/1158 2678/3378/1158 2677/3377/1158
f 2606/3404/1159 2595/3379/1159 2667/3366/1159 2678/3378/1159
f 2595/3379/1160 2596/3382/1160 2668/3367/1160 2667/3366/1160
f 2644/3460/1152 2645/3462/1152 2689/3446/1152 2680/3445/1152
f 2645/3462/1162 2646/3464/1162 2690/3447/1162 2689/3446/1162
f 2646/3464/1150 2647/3466/1150 2681/3448/1150 2690/3447/1150
f 2647/3466/1149 2648/3468/1149 2682/3449/1149 2681/3448/1149
f 2648/3468/1160 2649/3470/1160 2683/3450/1160 2682/3449/1160
f 2649/3471/1159 2650/3474/1159 2684/3452/1159 2683/3451/1159
f 2650/3474/1158 2651/3476/1158 2685/3453/1158 2684/3452/1158
f 2651/3476/1331 2652/3478/1331 2686/3454/1331 2685/3453/1331
f 2652/3478/1165 2653/3480/1165 2687/3455/1165 2686/3454/1165
f 2653/3480/1155 2654/3482/1155 2688/3456/1155 2687/3455/1155
f 2654/3482/1154 2643/3457/1154 2679/3444/1154 2688/3456/1154
f 2643/3457/1153 2644/3460/1153 2680/3445/1153 2679/3444/1153
o NurbsPath.001_NurbsPath.002
v 3.167139 0.000000 0.000334
v 3.169584 0.000000 0.000334
v 3.172029 0.000000 0.000334
v 3.174474 0.000000 0.000334
v 3.176920 0.000000 0.000334
v 3.179365 0.000000 0.000334
v 3.181810 0.000000 0.000334
v 3.184255 0.000000 0.000334
v 3.186700 0.000000 0.000334
v 3.189145 0.000000 0.000334
v 3.191590 0.000000 0.000334
v 3.194036 0.000000 0.000334
v 3.196481 0.000000 0.000334
v 3.198926 0.000000 0.000334
v 3.201371 0.000000 0.000334
v 3.203816 0.000000 0.000334
v 3.206261 0.000000 0.000334
v 3.208706 0.000000 0.000334
v 3.211151 0.000000 0.000334
v 3.213597 0.000000 0.000334
v 3.216042 0.000000 0.000334
v 3.218487 0.000000 0.000334
v 3.220932 0.000000 0.000334
v 3.223377 0.000000 0.000334
v 3.225822 0.000000 0.000334
v 3.228267 0.000000 0.000334
v 3.230712 0.000000 0.000334
v 3.233158 0.000000 0.000334
v 3.235603 0.000000 0.000334
v 3.238048 0.000000 0.000334
v 3.240493 0.000000 0.000334
v 3.242938 0.000000 0.000334
v 3.245383 0.000000 0.000334
v 3.247828 0.000000 0.000334
v 3.250273 0.000000 0.000334
v 3.252718 0.000000 0.000334
v 3.255164 0.000000 0.000334
v 3.257609 0.000000 0.000334
v 3.260054 0.000000 0.000334
v 3.262499 0.000000 0.000334
v 3.264944 0.000000 0.000334
v 3.267389 0.000000 0.000334
v 3.269835 0.000000 0.000334
v 3.272280 0.000000 0.000334
v 3.274725 0.000000 0.000334
v 3.277170 0.000000 0.000334
v 3.279615 0.000000 0.000334
v 3.282060 0.000000 0.000334
l 2691 2692
l 2692 2693
l 2693 2694
l 2694 2695
l 2695 2696
l 2696 2697
l 2697 2698
l 2698 2699
l 2699 2700
l 2700 2701
l 2701 2702
l 2702 2703
l 2703 2704
l 2704 2705
l 2705 2706
l 2706 2707
l 2707 2708
l 2708 2709
l 2709 2710
l 2710 2711
l 2711 2712
l 2712 2713
l 2713 2714
l 2714 2715
l 2715 2716
l 2716 2717
l 2717 2718
l 2718 2719
l 2719 2720
l 2720 2721
l 2721 2722
l 2722 2723
l 2723 2724
l 2724 2725
l 2725 2726
l 2726 2727
l 2727 2728
l 2728 2729
l 2729 2730
l 2730 2731
l 2731 2732
l 2732 2733
l 2733 2734
l 2734 2735
l 2735 2736
l 2736 2737
l 2737 2738
